source,title,date,url,snippet
EconomyNext,"Sri Lanka-China Business Council looks to boost economic, trade cooperation",2026-08-28,https://economynext.com/sri-lanka-china-business-council-looks-to-boost-economic-trade-cooperation-282142/,"Sri Lanka–China Business Council celebrates 25th anniversary, reaffirms commitment to bilateral trade August 28, 2026"
EconomyNext,SLANZBC team explores Sri Lanka trade ties in Australia,2026-08-25,https://economynext.com/slanzbc-team-explores-sri-lanka-trade-ties-in-australia-281994/,"Ceylon Chamber’s SLANZBC delegation takes Sri Lankan businesses to Australia August 25, 2026"
EconomyNext,"Sri Lanka’s new active credit card expansion rises in May, slows in June",2026-08-24,https://economynext.com/sri-lankas-new-active-credit-card-expansion-rises-in-may-slows-in-june-281879/,"Sri Lanka has witnessed 4.7 percent expansion in the new active credit cards in first half of 2026 August 24, 2026"
EconomyNext,"Sri Lanka trade body strengthens business links with Qatar, Lebanon",2026-08-21,https://economynext.com/sri-lanka-trade-body-strengthens-business-links-with-qatar-lebanon-281715/,"Ceylon Chamber strengthens business links with Qatar and Lebanon August 21, 2026"
EconomyNext,Sri Lanka’s national inflation rises to over 3-year high of 7.2-pct in July,2026-08-21,https://economynext.com/sri-lankas-national-inflation-rises-to-over-3-year-high-of-7-2-pct-in-july-281796/,"Already inflation has breached Sri Lanka Central Bank's upper inflation limit of 7%. August 21, 2026"
EconomyNext,Sri Lanka legislator questions reserve math and central bank rate guidance,2026-08-20,https://economynext.com/sri-lanka-legislator-questions-reserve-math-and-central-bank-rate-guidance-281168/,"""Under the guise of building reserves in our country, it is like going to a bank and taking an overdraft August 20, 2026"
EconomyNext,JICA Senior VP Shohei Hara inspects project progress across Sri Lanka,2026-08-20,https://economynext.com/jica-senior-vp-shohei-hara-inspects-project-progress-across-sri-lanka-281441/,"JICA senior VP Hara reaffirms growing Japan-Sri Lanka partnership during visit to Sri Lanka August 20, 2026"
EconomyNext,Women in Tech Sri Lanka expands IT training to Trincomalee,2026-08-20,https://economynext.com/women-in-tech-sri-lanka-expands-it-training-to-trincomalee-281534/,"Women in Tech Sri Lanka’s Trincomalee mission
Women in Tech Sri Lanka expands its outreach to Trincomalee, August 20, 2026"
EconomyNext,Sri Lanka services expands further in July 2026: PMI,2026-08-19,https://economynext.com/sri-lanka-services-expands-further-in-july-2026-pmi-281313/,"Business activity expanded in July 2026, CBSL said, supported by broad-based improvements across service sectors. August 19, 2026"
EconomyNext,Sri Lanka manufacturing continues expansion in July 2026: PMI,2026-08-19,https://economynext.com/sri-lanka-manufacturing-continues-expansion-in-july-2026-pmi-281302/,"“All sub-indices contributed positively to this improvement,” CBSL said August 19, 2026"
EconomyNext,EU packaging rule seminar helps Sri Lanka food exporters,2026-08-18,https://economynext.com/eu-packaging-rule-seminar-helps-sri-lanka-food-exporters-281132/,"EU-funded CIRCULAR Project strengthens Sri Lanka's readiness for EU Packaging and Packaging Waste Regulation August 18, 2026"
EconomyNext,Sri Lanka’s excise department goes digital to boost efficiency,2026-08-18,https://economynext.com/sri-lankas-excise-department-goes-digital-to-boost-efficiency-281263/,"Revenue leakages within Excise Department have historically posed challenge to fiscal stability August 18, 2026"
EconomyNext,Sri Lanka’s economic growth could slowdown in second half of 2026,2026-08-17,https://economynext.com/sri-lankas-economic-growth-could-slowdown-in-second-half-of-2026-281080/,"The country has seen 5% growth in both 2024 and 2025. August 17, 2026"
EconomyNext,"Sri Lanka govt approval moderates to 50-pct, economic confidence turns negative: poll",2026-08-17,https://economynext.com/sri-lanka-govt-approval-moderates-to-50-pct-economic-confidence-turns-negative-poll-280956/,"The approval rating declined from a post-election high of 65 percent recorded in February 2026, while disapproval climbe August 17, 2026"
EconomyNext,India’s inflation model offers lessons for Sri Lanka: Former RBI official,2026-08-17,https://economynext.com/indias-inflation-model-offers-lessons-for-sri-lanka-former-rbi-official-280991/,"India transitioned to flexible inflation targeting in 2016 after earlier regimes created public confusion August 17, 2026"
EconomyNext,Foreign investors buy over US$4mn worth of Sri Lanka rupee bonds last week,2026-08-15,https://economynext.com/foreign-investors-buy-over-us4mn-worth-of-sri-lanka-rupee-bonds-last-week-280947/,"Foreigners have bought over US$220mn worth rupee bonds in nine consecutive weeks August 15, 2026"
EconomyNext,Sri Lanka’s foreign reserves up 2.1-pct in July to US$6.59bn,2026-08-15,https://economynext.com/sri-lankas-foreign-reserves-up-2-1-pct-in-july-to-us6-59bn-280945/,"The Central Bank bought net US$348.6mn in July from the market August 15, 2026"
EconomyNext,Sri Lanka's central bank warns of elevated near-term inflation,2026-08-14,https://economynext.com/sri-lankas-central-bank-warns-of-elevated-near-term-inflation-280836/,"Headline inflation is projected to remain elevated and above the 5 percent target in the near term August 14, 2026"
EconomyNext,EU-backed initiative boosts Sri Lanka’s eco-labelling framework,2026-08-13,https://economynext.com/eu-backed-initiative-boosts-sri-lankas-eco-labelling-framework-280808/,"EU brings together 50+ public and private sector leaders to strengthen Sri Lanka’s national eco-label August 13, 2026"
EconomyNext,Sri Lanka Customs’ July revenue exceeds target by 35.5-pct,2026-08-12,https://economynext.com/sri-lanka-customs-july-revenue-exceeds-target-by-35-5-pct-280639/,"It also exceeded the cumulative target in the first seven months by 30.9% to achieve 1, 639.7 billion rupees. August 12, 2026"
EconomyNext,"Sri Lanka cabinet approves $100mn World Bank funding for Northern, Eastern provinces",2026-08-12,https://economynext.com/sri-lanka-cabinet-approves-100mn-world-bank-funding-for-northern-eastern-provinces-280610/,"August 12, 2026"
EconomyNext,Sri Lanka to lease plantation land to returnee migrant workers,2026-08-11,https://economynext.com/sri-lanka-to-lease-plantation-land-to-returnee-migrant-workers-280534/,"The land plots belong to three state-owned plantation entities. August 11, 2026"
EconomyNext,Sri Lanka Central Bank buys US$348.6mn in July as rupee stabilizes,2026-08-11,https://economynext.com/sri-lanka-central-bank-buys-us348-6mn-in-july-as-rupee-stabilizes-280481/,"CB has bough US$905 million from the market on a net basis in the first seven months of 2026 August 11, 2026"
EconomyNext,Sri Lanka worker remittances up 11.5-pct to US$777mn in July 2026,2026-08-11,https://economynext.com/sri-lanka-worker-remittances-up-11-5-pct-to-us777mn-in-july-2026-280478/,"Remittances likely to reach a fresh record high this year, analysts say August 11, 2026"
EconomyNext,"Sri Lanka’s Advocata launches ‘Samvaada’, challenges inflation targets",2026-08-08,https://economynext.com/sri-lankas-advocata-launches-samvaada-challenges-inflation-targets-280370/,"Inaugural feature essay questions the prevailing policy belief that an inflation target of 5 to 7 percent is benign August 8, 2026"
EconomyNext,"Ceylon and Gujarat chambers renew MoU to boost trade, investment",2026-08-07,https://economynext.com/ceylon-and-gujarat-chambers-renew-mou-to-boost-trade-investment-280357/,"Ceylon Chamber and Southern Gujarat Chamber renew agreement to increase Sri Lanka, Gujarat ties August 7, 2026"
EconomyNext,Sri Lanka Parliament debates $2.5mn Treasury fraud,2026-08-06,https://economynext.com/sri-lanka-parliament-debates-2-5mn-treasury-fraud-280080/,"Despite US Federal Reserve raising flags on suspicious activity and JP Morgan issuing fraud alerts, Treasury transferred August 6, 2026"
EconomyNext,Sri Lanka to implement UN migration action plan to curb trafficking,2026-08-04,https://economynext.com/sri-lanka-to-implement-un-migration-action-plan-to-curb-trafficking-279902/,"Implementation plan for 2026–2028 under the United Nations’ Global Compact for Safe, Orderly and Regular Migration August 4, 2026"
EconomyNext,Sri Lanka moves to amend private sector EPF system,2026-08-04,https://economynext.com/sri-lanka-moves-to-amend-private-sector-epf-system-279895/,"Amendment to the Employees' Provident Fund Act, No. 15 of 1958 August 4, 2026"
EconomyNext,Sri Lanka cabinet greenlights $200mn ADB policy-based loan,2026-08-04,https://economynext.com/sri-lanka-cabinet-greenlights-200mn-adb-policy-based-loan-279910/,"The loan, sourced from the ADB’s Ordinary Capital Resources (OCR), falls under Subprogram 1 of the Trade, Investment, ... August 4, 2026"
EconomyNext,Sri Lanka rupee depreciates 7.9-pct in H1 2026 as central bank intervenes,2026-08-03,https://economynext.com/sri-lanka-rupee-depreciates-7-9-pct-in-h1-2026-as-central-bank-intervenes-279745/,"“The Central Bank intervention in the domestic foreign exchange market was primarily aimed at curtailing undue exchang... August 3, 2026"
EconomyNext,Sri Lanka current account deficit widens to $149mn in June,2026-08-03,https://economynext.com/sri-lanka-current-account-deficit-widens-to-149mn-in-june-279737/,"The cumulative deficit for the first half of 2026 was 245 million dollars compared to the surplus recorded in 2025 August 3, 2026"
EconomyNext,Sri Lanka inflation tops 7-pct July 2026 breaching CB’s upper target band,2026-08-03,https://economynext.com/sri-lanka-inflation-tops-7-pct-july-2026-breaching-cbs-upper-target-band-279731/,"Year on year food inflation accelerated to 6.3 percent in July 2026 from 3.6 percent in June 2026, contributing mainly t August 3, 2026"
EconomyNext,"ADB to deploy $450mn to shield Sri Lanka, Cambodia from West Asia impact",2026-07-31,https://economynext.com/adb-to-deploy-450mn-to-shield-sri-lanka-cambodia-from-west-asia-impact-279699/,"The package will help Cambodia and Sri Lanka withstand today’s pressures and emerge stronger from the next shock. July 31, 2026"
EconomyNext,Sri Lanka Customs exceeds revenue goal for seventh straight month in July,2026-07-29,https://economynext.com/sri-lanka-customs-exceeds-revenue-goal-for-seventh-straight-month-in-july-279567/,"Customs achieved 73 percent of this year’s target even before the end of seven months July 29, 2026"
EconomyNext,Sri Lanka to award Rs15bn contract for Ruwanpura Expressway Phase 1,2026-07-28,https://economynext.com/sri-lanka-to-award-rs15bn-contract-for-ruwanpura-expressway-phase-1-279530/,"July 28, 2026"
EconomyNext,S&P affirms Sri Lanka sovereign rating at CCC+ on strong revenue growth,2026-07-28,https://economynext.com/sp-affirms-sri-lanka-sovereign-rating-at-ccc-on-strong-revenue-growth-279477/,"Sri Lanka's creditworthiness is vulnerable and dependent upon favorable financial and economic conditions July 28, 2026"
EconomyNext,Forced labor import ban triggers lower 10-pct US tariff rate for Sri Lanka,2026-07-24,https://economynext.com/forced-labor-import-ban-triggers-lower-10-pct-us-tariff-rate-for-sri-lanka-279260/,"Newly announced 10 percent Section 301 tariff is additional duty stacked on top of existing baseline US import tariffs July 24, 2026"
EconomyNext,US 10-pct tariff will boost Sri Lanka exporter competitiveness: Finance Ministry,2026-07-24,https://economynext.com/us-10-pct-tariff-will-boost-sri-lanka-exporter-competitiveness-finance-ministry-279323/,"Revision enhances the competitiveness of Sri Lankan exports in the US market July 24, 2026"
EconomyNext,"Sri Lanka studying international models for EPF, ETF governance reform; funds to remain separate",2026-07-24,https://economynext.com/sri-lanka-studying-international-models-for-epf-etf-governance-reform-funds-to-remain-separate-279317/,"Even if managed as a single entity under a tripartite governance structure EPF and ETF will remain as two separate funds July 24, 2026"
EconomyNext,Sri Lanka private sector body welcomes reduction in US labour-related tariff,2026-07-24,https://economynext.com/sri-lanka-private-sector-body-welcomes-reduction-in-us-labour-related-tariff-279345/,"The reduction will provide some relief to exporters, navigating a highly competitive and uncertain global marketplace July 24, 2026"
EconomyNext,Sri Lanka exporters body welcomes US tariff decision,2026-07-24,https://economynext.com/sri-lanka-exporters-body-welcomes-us-tariff-decision-279353/,"The Exporters Association of Sri Lanka (EASL) welcomes US tariff decision, calls for deeper trade partnership with US July 24, 2026"
EconomyNext,"Sri Lanka EPF exits Canwill Holdings, reinvests Rs5bn capital",2026-07-23,https://economynext.com/sri-lanka-epf-exits-canwill-holdings-reinvests-rs5bn-capital-279167/,"The EPF is the country’s largest state-managed pension fund, holding private sector worker savings managed under BC July 23, 2026"
EconomyNext,"Sri Lanka services exports rise 3.75-pct in June 2026, driven by financial services, ICT",2026-07-23,https://economynext.com/sri-lanka-services-exports-rise-3-75-pct-in-june-2026-driven-by-financial-services-ict-279154/,"Earnings from construction fell 26.14 percent to 5.93 million dollars year-on-year. July 23, 2026"
EconomyNext,"Sri Lanka goods exports rise 15.09-pct in June, driven by electrical and boat building",2026-07-23,https://economynext.com/sri-lanka-goods-exports-rise-15-09-pct-in-june-driven-by-electrical-and-boat-building-279149/,"“This remarkable performance was mainly supported by a significant rise in exports of Insulated Wires and Cables, July 23, 2026"
EconomyNext,"Sri Lanka foreign reserves fall to $6.4bn amid higher imports, CB expects recovery",2026-07-22,https://economynext.com/sri-lanka-foreign-reserves-fall-to-6-4bn-amid-higher-imports-cb-expects-recovery-279134/,"CB says fall in reserves caused by higher import outflows rather than intervention to protect the exchange rate July 22, 2026"
EconomyNext,Sri Lanka central bank keeps key policy rate steady,2026-07-22,https://economynext.com/sri-lanka-central-bank-keeps-key-policy-rate-steady-279056/,"Central Bank kept its Overnight Policy Rate (OPR) unchanged at the current level of 8.75% July 22, 2026"
EconomyNext,Foreigners buy US$23.2mn worth Sri Lanka rupee bonds in last week,2026-07-19,https://economynext.com/foreigners-buy-us23-2mn-worth-sri-lanka-rupee-bonds-in-last-week-278870/,"Sri Lanka witnessed a net inflow of over Rs.55.2 billion rupees (US$167.2 million) in last four straight weeks July 19, 2026"
EconomyNext,"Sri Lanka must strengthen exports, productivity to sustain recovery: World Bank",2026-07-17,https://economynext.com/sri-lanka-must-strengthen-exports-productivity-to-sustain-recovery-world-bank-278798/,"Gevorg Sargsyan was speaking at the Exporters' Association of Sri Lanka Annual General Meeting July 17, 2026"
EconomyNext,Sri Lanka exporters urge clear guidelines on forced labour import ban,2026-07-17,https://economynext.com/sri-lanka-exporters-urge-clear-guidelines-on-forced-labour-import-ban-278835/,"Exporters Association of Sri Lanka Calls for Clear Implementation Framework on New Forced Labour Import Regulations July 17, 2026"
EconomyNext,EXPLAINER - Sri Lanka’s forced labour import ban after U.S. tariff threats,2026-07-17,https://economynext.com/explainer-sri-lankas-forced-labour-import-ban-after-u-s-tariff-threats-278842/,"The U.S. has proposed 12.5% tariff on Sri Lanka's exports given they contained imported goods using forced labours July 17, 2026"
EconomyNext,Sri Lanka manufacturing expands at slower pace in June 2026: PMI,2026-07-16,https://economynext.com/sri-lanka-manufacturing-expands-at-slower-pace-in-june-2026-pmi-278727/,"Broader global uncertainties still pose risks to the outlook, it added, mainly the challenging environment July 16, 2026"
EconomyNext,"Sri Lanka services expands in June 2026 driven by financial, professional services: PMI",2026-07-16,https://economynext.com/sri-lanka-services-expands-in-june-2026-driven-by-financial-professional-services-pmi-278734/,"“Growth was primarily driven by the financial and professional services sub-sectors, alongside notable gains in the in... July 16, 2026"
EconomyNext,Sri Lanka Customs achieves 65-pct of July revenue target in first 14 days,2026-07-15,https://economynext.com/sri-lanka-customs-achieves-65-pct-of-july-revenue-target-in-first-14-days-278667/,"Customs achieved 68.2 percent of this year’s target through July 14 July 15, 2026"
EconomyNext,Rising fuel and food prices hitting households across Asia and the Pacific: ADB,2026-07-14,https://economynext.com/rising-fuel-and-food-prices-hitting-households-across-asia-and-the-pacific-adb-278475/,"ADB steps up crisis response support to help Asia and the Pacific manage energy, food price shocks and build resilience July 14, 2026"
EconomyNext,Sri Lanka worker remittances hit seven-month low in June 2026; still up 9.3-pct y/y,2026-07-13,https://economynext.com/sri-lanka-worker-remittances-hit-seven-month-low-in-june-2026-still-up-9-3-pct-y-y-278340/,"Remittances up 23.2 percent to US$4,604.8 million in the first six months of this year compared to 2025 July 13, 2026"
EconomyNext,Sri Lanka foreign reserves fall 6.2-pct in June 2026,2026-07-11,https://economynext.com/sri-lanka-foreign-reserves-fall-6-2-pct-in-june-2026-278189/,"Central Bank has bought over US$556mn foreign currency in the first half of this year July 11, 2026"
EconomyNext,Indian business delegation visits Sri Lanka to expand trade,2026-07-10,https://economynext.com/indian-business-delegation-visits-sri-lanka-to-expand-trade-278146/,"July 10, 2026"
EconomyNext,"ADB sees slower growth for Asia, the Pacific in 2026 amid global energy crisis",2026-07-10,https://economynext.com/adb-sees-slower-growth-for-asia-the-pacific-in-2026-amid-global-energy-crisis-278071/,"Prolonged disruptions to energy markets caused by the Middle East conflict have weighed more heavily on the region July 10, 2026"
EconomyNext,Sri Lanka enacts new national tariff policy to liberalize trade and boost exports,2026-07-09,https://economynext.com/sri-lanka-enacts-new-national-tariff-policy-to-liberalize-trade-and-boost-exports-277945/,"The tariff adjustments had already delivered in terms of government revenue, Deputy Minister told parliament July 9, 2026"
EconomyNext,"Sri Lanka to seek parliament nod for new scrap metal export, import rules",2026-07-08,https://economynext.com/sri-lanka-to-seek-parliament-nod-for-new-scrap-metal-export-import-rules-277638/,"Goods imported under the prepayment system must arrive in Sri Lanka within 180, 365, or 730 days of payment. July 8, 2026"
EconomyNext,Foreigners buy US$3mn worth Sri Lanka bonds amid stabilizing rupee,2026-07-07,https://economynext.com/foreigners-buy-us3mn-worth-sri-lanka-bonds-amid-stabilizing-rupee-277574/,"Sri Lanka witnessed over US$14.5 billion inflow in the previous week July 7, 2026"
EconomyNext,IMF holds special talks with Sri Lankan officials on revenue reforms,2026-07-07,https://economynext.com/imf-holds-special-talks-with-sri-lankan-officials-on-revenue-reforms-277598/,"Sri Lanka's tax revenue has doubled in the last four years July 7, 2026"
EconomyNext,Sri Lanka launches ‘National Tax Week’ to boost state revenue,2026-07-06,https://economynext.com/sri-lanka-launches-national-tax-week-to-boost-state-revenue-277482/,"Govt has aimed record tax revenue goal this year July 6, 2026"
EconomyNext,Sri Lanka legislators briefed on new trends in human trafficking,2026-07-06,https://economynext.com/sri-lanka-legislators-briefed-on-new-trends-in-human-trafficking-277411/,"Emerging trends in human trafficking, particularly technology-based recruitment, deceptive migration practices, July 6, 2026"
EconomyNext,"Sri Lanka, Germany renew partnership to boost export market access for SMEs",2026-07-06,https://economynext.com/sri-lanka-germany-renew-partnership-to-boost-export-market-access-for-smes-277399/,"EDB and Import Promotion Desk (IPD), Germany sign MoU to strengthen export cooperation for Sri Lankan exporters July 6, 2026"
EconomyNext,Sri Lanka Central Bank buys US$70.5mn in June amid stabilizing rupee,2026-07-05,https://economynext.com/sri-lanka-central-bank-buys-us70-5mn-in-june-amid-stabilizing-rupee-277368/,"Central Bank has net bought US$556.4mn in first half of 2026 following a net purchase of US$2 billion in 2025 July 5, 2026"
EconomyNext,"Sri Lanka Customs’ June revenue exceeds target by 22%, H1 by 29.5%",2026-07-03,https://economynext.com/sri-lanka-customs-june-revenue-exceeds-target-by-22-h1-by-29-5-277326/,"Sri Lanka has already achieved more than 62% of this year's target in six months July 3, 2026"
EconomyNext,Sri Lanka regains upper-middle-income status amid fragile recovery,2026-07-02,https://economynext.com/sri-lanka-regains-upper-middle-income-status-amid-fragile-recovery-277070/,"Reclassification comes after crisis and hard-fought recovery, but, as experienced in 2019, it does not make it permanent July 2, 2026"
EconomyNext,Sri Lanka to digitize central bank’s supervision dept with ADB help,2026-07-01,https://economynext.com/sri-lanka-to-digitize-central-banks-supervision-dept-with-adb-help-276971/,"Department generates vast volume of documents that must be reviewed, stored, and retrieved. July 1, 2026"
EconomyNext,Sri Lanka's current account deficit widens: CBSL,2026-07-01,https://economynext.com/sri-lankas-current-account-deficit-widens-cbsl-276920/,"""The external current account recorded a deficit of US$ 194 million in May 2026, mainly driven by the widened trade defi July 1, 2026"
EconomyNext,Sri Lanka inflation rise to 3-year high in June 2026 to near CB’s upper target band,2026-06-30,https://economynext.com/sri-lanka-inflation-rise-to-3-year-high-in-june-2026-to-near-cbs-upper-target-band-276825/,"Fuel hike and its trickle down effects weigh on inflation June 30, 2026"
EconomyNext,Sri Lanka launches tax campaign to shift public attitudes,2026-06-30,https://economynext.com/sri-lanka-launches-tax-campaign-to-shift-public-attitudes-276771/,"""Objective of this program is to transform the negative attitude among the public regarding taxation into a positive one June 30, 2026"
EconomyNext,IMF: Sri Lanka should prioritize reform momentum,2026-06-30,https://economynext.com/imf-sri-lanka-should-prioritize-reform-momentum-276833/,"IMF concludes staff level discussion ahead of 7th review June 30, 2026"
EconomyNext,"EXPLAINER: Sri Lanka’s latest tax amendments, breakdowns",2026-06-26,https://economynext.com/explainer-sri-lankas-latest-tax-amendments-breakdowns-276660/,"The new amendments aim to expand the tax base to sustain the government revenue June 26, 2026"
EconomyNext,Sri Lanka Customs exceeds revenue goal for sixth month in June,2026-06-25,https://economynext.com/sri-lanka-customs-exceeds-revenue-goal-for-sixth-month-in-june-276485/,"The revenue collecting body has already achieved more than 60% of 2026 target June 25, 2026"
EconomyNext,Sri Lanka updates welfare data for broader social protection roll-out,2026-06-24,https://economynext.com/sri-lanka-updates-welfare-data-for-broader-social-protection-roll-out-276345/,"""What we need is to launch a comprehensive social protection program within this country,"" Kotawalagedara said. June 24, 2026"
EconomyNext,"EXPLAINER: Sri Lanka govt shelves VAT threshold reduction on political, economic U-turn",2026-06-24,https://economynext.com/explainer-sri-lanka-govt-shelves-vat-threshold-reduction-on-political-economic-u-turn-276354/,"COPF exposed the unpreparedness to implement the proposal June 24, 2026"
EconomyNext,US consumer momentum slows as inflation squeezes incomes: Fitch Ratings,2026-06-24,https://economynext.com/us-consumer-momentum-slows-as-inflation-squeezes-incomes-fitch-ratings-276338/,"The US is Sri Lanka's biggest export market, especially for apparel June 24, 2026"
EconomyNext,Sri Lanka May 2026 export revenue jumps over 18-pct: EDB,2026-06-24,https://economynext.com/sri-lanka-may-2026-export-revenue-jumps-over-18-pct-edb-276349/,"By 2030, Sri Lanka has aimed at US$36bn export revenue per annum June 24, 2026"
EconomyNext,"World Bank, Sri Lanka launch $2bn country partnership framework",2026-06-23,https://economynext.com/world-bank-sri-lanka-launch-2bn-country-partnership-framework-276216/,"The CPF focuses on creating jobs through private sector-led growth, promoting reforms that improve the business climate, June 23, 2026"
EconomyNext,Sri Lanka to enact key reforms within next 90 days: Deputy Minister,2026-06-23,https://economynext.com/sri-lanka-to-enact-key-reforms-within-next-90-days-deputy-minister-276182/,"Sri Lanka has delayed key reforms it committed under the IMF programme June 23, 2026"
EconomyNext,Sri Lanka asks foreign missions to promote Expo 2027,2026-06-22,https://economynext.com/sri-lanka-asks-foreign-missions-to-promote-expo-2027-276061/,"Diplomatic briefing held to promote Sri Lanka Expo 2027 among Colombo-based foreign missions June 22, 2026"
EconomyNext,EU project prepares Sri Lanka rubber industry for deforestation regulations,2026-06-19,https://economynext.com/eu-project-prepares-sri-lanka-rubber-industry-for-deforestation-regulations-275902/,"The European Union Deforestation Regulation (EUDR) is set to influence future access to European markets. June 19, 2026"
EconomyNext,Sri Lanka’s ex-FinMin requests President to reduce CB’s inflation target to 2%,2026-06-19,https://economynext.com/sri-lankas-ex-finmin-requests-president-to-reduce-cbs-inflation-target-to-2-275936/,"Central Bank has missed the lower range of inflation target for several months amid deflation before April 2026 June 19, 2026"
EconomyNext,Sri Lanka streamlines import process to prevent ‘unnecessary outflows’,2026-06-19,https://economynext.com/sri-lanka-streamlines-import-process-to-prevent-unnecessary-outflows-275967/,"Sri Lanka's heavy outflows have led to sharp depreciation in rupee June 19, 2026"
EconomyNext,Sri Lanka CB seeks public consultation on inflation target review,2026-06-19,https://economynext.com/sri-lanka-cb-seeks-public-consultation-on-inflation-target-review-275969/,"Central Bank has breached the inflation target for many months since agreed for 5% goal June 19, 2026"
EconomyNext,Sri Lanka reviews implementation of projects under 2026 budget amid delays,2026-06-18,https://economynext.com/sri-lanka-reviews-implementation-of-projects-under-2026-budget-amid-delays-275873/,"Sri Lanka spent only 75% of the allocated capital spending last year June 18, 2026"
EconomyNext,Sri Lanka govt revenue collection outperforms; achieves over 50% growth,2026-06-18,https://economynext.com/sri-lanka-govt-revenue-collection-outperforms-achieves-over-50-growth-275864/,"Sri Lanka's tax to GDP ratio has already doubled to more than 15% from below 8% when it faced economic crisis June 18, 2026"
EconomyNext,"Sri Lanka, EM banks face outlook strain on Iran war, oil risk: Fitch",2026-06-18,https://economynext.com/sri-lanka-em-banks-face-outlook-strain-on-iran-war-oil-risk-fitch-275805/,"Potential negative macroeconomic effects reflected in sector outlooks for banks in the Philippines and Sri Lanka. June 18, 2026"
EconomyNext,Sri Lanka's central bank seeks consultants for currency operations revamp,2026-06-18,https://economynext.com/sri-lankas-central-bank-seeks-consultants-for-currency-operations-revamp-275799/,"A pre-bid meeting will be held at 10 am on June 25 June 18, 2026"
EconomyNext,Sri Lanka’s surcharge on vehicle import tax reduces dollar outflows: Minister,2026-06-17,https://economynext.com/sri-lankas-surcharge-on-vehicle-import-tax-reduces-dollar-outflows-minister-275793/,"Over US$1.1 billion worth letters of credit have been opened for vehicle imports so far this year June 17, 2026"
EconomyNext,"Sri Lanka sticks to 5% economic growth goal despite rate hike, fall in consumption",2026-06-17,https://economynext.com/sri-lanka-sticks-to-5-economic-growth-goal-despite-rate-hike-fall-in-consumption-275780/,"Sri Lanka's economy has changed course from contraction to growth in 2024 June 17, 2026"
EconomyNext,Sri Lanka to overhaul labor laws with unified code by end-2026: Minister,2026-06-17,https://economynext.com/sri-lanka-to-overhaul-labor-laws-with-unified-code-by-end-2026-minister-275734/,"The new legal framework is designed to move past decades of fractured labor relations, he claimed. June 17, 2026"
EconomyNext,Sri Lanka launches 2026-2030 export plan targeting $36bn,2026-06-17,https://economynext.com/sri-lanka-launches-2026-2030-export-plan-targeting-36bn-275705/,"With technical assistance from the Asian Development Bank (ADB). June 17, 2026"
EconomyNext,Sri Lanka manufacturing expands in May 2026 with more working days: PMI,2026-06-16,https://economynext.com/sri-lanka-manufacturing-expands-in-may-2026-with-more-working-days-pmi-275585/,"Respondents continued to highlight the challenging operating environment associated with the war in West Asia June 16, 2026"
EconomyNext,Sri Lanka services expands in May 2026 as business activity rebounds: PMI,2026-06-16,https://economynext.com/sri-lanka-services-expands-in-may-2026-as-business-activity-rebounds-pmi-275592/,"Expansion was primarily driven by the financial, professional, and other personal services sub-sectors, June 16, 2026"
EconomyNext,Sri Lanka cabinet approves $100mn ADB loan top-up,2026-06-16,https://economynext.com/sri-lanka-cabinet-approves-100mn-adb-loan-top-up-275665/,"cabinet had previously approved getting a 380 million dollar loan from ADB June 16, 2026"
EconomyNext,"Sri Lanka government eyes control over EPF, ETF under tripartite board",2026-06-16,https://economynext.com/sri-lanka-government-eyes-control-over-epf-etf-under-tripartite-board-275629/,"Currently under central bank and labour department June 16, 2026"
EconomyNext,Sri Lanka to request $200mn from ADB for cyclone recovery,2026-06-16,https://economynext.com/sri-lanka-to-request-200mn-from-adb-for-cyclone-recovery-275682/,"This is in addition to a loan top up the cabinet also approved this week. June 16, 2026"
EconomyNext,"Sri Lanka 2026 Q1 GDP expands 5.1-pct on industry, service boost",2026-06-15,https://economynext.com/sri-lanka-2026-q1-gdp-expands-5-1-pct-on-industry-service-boost-275539/,"Growth was led by the industrial sector, which expanded 7.2 percent June 15, 2026"
EconomyNext,Sri Lanka's central bank calls for research papers for conference,2026-06-15,https://economynext.com/sri-lankas-central-bank-calls-for-research-papers-for-conference-275404/,"Researchers are invited to submit original contributions June 15, 2026"
EconomyNext,Sri Lanka has used 17.4-pct of 2026 capital spending so far: FinMin official,2026-06-15,https://economynext.com/sri-lanka-has-used-17-4-pct-of-2026-capital-spending-so-far-finmin-official-275523/,"Lower capital spending has slowed down Sri Lanka's growth potential in the past June 15, 2026"
EconomyNext,Sri Lanka to launch export plan targeting $36bn by 2030,2026-06-12,https://economynext.com/sri-lanka-to-launch-export-plan-targeting-36bn-by-2030-275347/,"National Export Development Plan 2026–2030 developed by Export Development Board with help from ADB June 12, 2026"
EconomyNext,"ADB deploys $4bn to shield 14 nations, including Sri Lanka, from West Asia conflict",2026-06-12,https://economynext.com/adb-deploys-4bn-to-shield-14-nations-including-sri-lanka-from-west-asia-conflict-275297/,"Received  requests for support from 15 affected governments, including Bangladesh, Fiji, the Philippines, and Sri Lanka June 12, 2026"
EconomyNext,"Sri Lanka's central bank briefs legislators on monetary, exchange rate policies",2026-06-11,https://economynext.com/sri-lankas-central-bank-briefs-legislators-on-monetary-exchange-rate-policies-275121/,"Briefed on the current monetary policy in the country, the behavior of the exchange rate, economic stability June 11, 2026"
EconomyNext,Sri Lanka Customs’ May revenue exceeds target by 16-pct,2026-06-10,https://economynext.com/sri-lanka-customs-may-revenue-exceeds-target-by-16-pct-274888/,"Already Customs has achieved 51% of this year's target in first five months of 2026 June 10, 2026"
EconomyNext,EXPLAINER: Sri Lanka’s Central Bank cuts exporter dollar conversion time to 30 days,2026-06-10,https://economynext.com/explainer-sri-lankas-central-bank-cuts-exporter-dollar-conversion-time-to-30-days-274896/,"Rupee has depreciated around 8 percent so far this year June 10, 2026"
EconomyNext,Sri Lanka to amend Customs Ordinance,2026-06-09,https://economynext.com/sri-lanka-to-amend-customs-ordinance-274860/,"Legal Draftsman to prepare a draft bill June 9, 2026"
EconomyNext,Sri Lanka cabinet clears pact with Japan to export skilled labor under new program,2026-06-09,https://economynext.com/sri-lanka-cabinet-clears-pact-with-japan-to-export-skilled-labor-under-new-program-274846/,"New program with a more transparent labor-centric and sustainable labor mobility framework June 9, 2026"
EconomyNext,Sri Lanka’s new active credit cards in April slows from previous month,2026-06-08,https://economynext.com/sri-lankas-new-active-credit-cards-in-april-slows-from-previous-month-274746/,"Analysts expect new active credit card numbers to slow after Central Bank's rate hike June 8, 2026"
EconomyNext,Sri Lanka Economic Summit to focus on pressing national priorities,2026-06-08,https://economynext.com/sri-lanka-economic-summit-to-focus-on-pressing-national-priorities-274720/,"Sri Lanka Economic and Investment Summit Returns on 12-13 October for 26th Edition June 8, 2026"
EconomyNext,Sri Lanka worker remittances up 32-pct to US$847mn in May 2026,2026-06-07,https://economynext.com/sri-lanka-worker-remittances-up-32-pct-to-us847mn-in-may-2026-274612/,"Higher May inflows come after rupee falling to near four-year low June 7, 2026"
EconomyNext,Sri Lanka Central Bank sells US$211.3mn in May amid downward pressure on rupee,2026-06-06,https://economynext.com/sri-lanka-central-bank-sells-us211-3mn-in-may-amid-downward-pressure-on-rupee-274614/,"CB buys dollars on a net basis for the second month after being a net purchaser in previous 21 months June 6, 2026"
EconomyNext,Sri Lanka among 60 countries subject to new U.S. import tax,2026-06-04,https://economynext.com/sri-lanka-among-60-countries-subject-to-new-u-s-import-tax-274382/,"Investigations found Sri Lanka has ""failed to impose and effectively enforce a forced labor import prohibition"": USTR June 4, 2026"
EconomyNext,Sri Lanka external debt settles at $37.5-bn in Q1 2026 amid restructuring,2026-06-03,https://economynext.com/sri-lanka-external-debt-settles-at-37-5-bn-in-q1-2026-amid-restructuring-274345/,"June 3, 2026"
EconomyNext,EXPLAINER - What does the latest IMF review mean for Sri Lankans?,2026-06-02,https://economynext.com/explainer-what-does-the-latest-imf-review-mean-for-sri-lankans-274069/,"Two more reviews available under the latest IMF programme June 2, 2026"
EconomyNext,Sri Lanka trade body to expand export testing beyond Colombo,2026-06-01,https://economynext.com/sri-lanka-trade-body-to-expand-export-testing-beyond-colombo-273933/,"EDB moves to expand island wide testing and certification facilities to boost export competitiveness June 1, 2026"
EconomyNext,Sri Lanka calls for public proposals to boost tax revenue to 20-pct of GDP,2026-06-01,https://economynext.com/sri-lanka-calls-for-public-proposals-to-boost-tax-revenue-to-20-pct-of-gdp-273898/,"Government's objective of improving revenue performance toward reaching 20 percent of GDP June 1, 2026"
EconomyNext,"Sri Lanka must shape a fairer deal for gig workers, as ILO standard looms: CSF",2026-06-01,https://economynext.com/sri-lanka-must-shape-a-fairer-deal-for-gig-workers-as-ilo-standard-looms-csf-273883/,"Every aspect of a gig worker’s on-platform day is determined by algorithms they cannot see, whose logic never explaine... June 1, 2026"
EconomyNext,Sri Lanka Treasury not buying fx for debt service as it is normal process: IMF Mission Chief,2026-05-31,https://economynext.com/sri-lanka-treasury-not-buying-fx-for-debt-service-as-it-is-normal-process-imf-mission-chief-273782/,"This is the arrangement for many other countries as well May 31, 2026"
EconomyNext,"Sri Lanka’s current account slips to deficit in April, fuel, vehicle imports drive trade gap",2026-05-30,https://economynext.com/sri-lankas-current-account-slips-to-deficit-in-april-fuel-vehicle-imports-drive-trade-gap-273719/,"As the increase in import prices exceeded the increase in export prices. May 30, 2026"
EconomyNext,Sri Lanka Customs exceeds revenue goal for fifth month in May,2026-05-30,https://economynext.com/sri-lanka-customs-exceeds-revenue-goal-for-fifth-month-in-may-273737/,"It has achieved more than 50% of 2026 target within first 5 months May 30, 2026"
EconomyNext,Sri Lanka’s monthly fuel bill skyrockets to US$886mn in April,2026-05-29,https://economynext.com/sri-lankas-monthly-fuel-bill-skyrockets-to-us886mn-in-april-273701/,"Fuel import bill has jumped 112% in two months since the Middle East crisis: CBSL data May 29, 2026"
EconomyNext,Ceylon chamber urges Sri Lanka to stick with IMF Program,2026-05-29,https://economynext.com/ceylon-chamber-urges-sri-lanka-to-stick-with-imf-program-273658/,"""Continued engagement with the IMF programme remains critical to preserving macroeconomic stability May 29, 2026"
EconomyNext,Sri Lanka inflation rise to 27-month high in May 2026 on fuel price hike impacts,2026-05-29,https://economynext.com/sri-lanka-inflation-rise-to-27-month-high-in-may-2026-on-fuel-price-hike-impacts-273661/,"Vegetables contributed highest in food category while transport in non-food items May 29, 2026"
EconomyNext,"IMF clears Sri Lanka double review, despite import controls, treasury hacking",2026-05-28,https://economynext.com/imf-clears-sri-lanka-double-review-despite-import-controls-treasury-hacking-273324/,"Performance criteria on non-default missed due to hacking May 28, 2026"
EconomyNext,Panicked Sri Lanka importers had bought forward dollars at up to Rs380-400: CB Governor,2026-05-27,https://economynext.com/panicked-sri-lanka-importers-had-bought-forward-dollars-at-up-to-rs380-400-cb-governor-273229/,". May 27, 2026"
EconomyNext,Sri Lanka CB chief says more instruments to be used for price stability after rate hike,2026-05-26,https://economynext.com/sri-lanka-cb-chief-says-more-instruments-to-be-used-for-price-stability-after-rate-hike-273221/,"CB raised OPR by 100 basis points, the first hike in 12 months May 26, 2026"
EconomyNext,Sri Lanka appoints committee to reform state sector manpower agency hiring,2026-05-26,https://economynext.com/sri-lanka-appoints-committee-to-reform-state-sector-manpower-agency-hiring-273185/,"Increase in number of state-owned enterprises employing workers on temporary basis through manpower agecies May 26, 2026"
EconomyNext,"Sri Lankan-German Business Forum to boost investment, maritime ties",2026-05-26,https://economynext.com/sri-lankan-german-business-forum-to-boost-investment-maritime-ties-272822/,"From May 27-29, hosted by the Delegation of German Industry and Commerce in Sri Lanka (AHK Sri Lanka), German Embassy May 26, 2026"
EconomyNext,Sri Lanka central bank hikes rates 100pb to 8.75-pct,2026-05-26,https://economynext.com/sri-lanka-central-bank-hikes-rates-100pb-to-8-75-pct-272970/,"Cash short banks will now have to get LOLR at 9.25-pct May 26, 2026"
EconomyNext,Sri Lanka to open Wellington embassy during FM's Australia-NZ visit,2026-05-25,https://economynext.com/sri-lanka-to-open-wellington-embassy-during-fms-australia-nz-visit-272797/,"Vijitha Herath is set to visit New Zealand and Australia from May 26 to June 3. May 25, 2026"
EconomyNext,"Sri Lanka central bank caps gold loan LTV, tightens vehicle credit limits",2026-05-25,https://economynext.com/sri-lanka-central-bank-caps-gold-loan-ltv-tightens-vehicle-credit-limits-272723/,"A maximum LTV ratio of 70 per cent , and maximum LTV limits tightened by 10 percentage points May 25, 2026"
EconomyNext,Low EPF transparency endangers Sri Lanka private sector savings: Verite Research,2026-05-25,https://economynext.com/low-epf-transparency-endangers-sri-lanka-private-sector-savings-verite-research-272750/,"CBSL, as the manager of the EPF, applies lower transparency standards to the EPF than to other  financial entities May 25, 2026"
EconomyNext,"Sri Lanka services exports fall 6.13-pct in April 2026, despite financial services growth",2026-05-25,https://economynext.com/sri-lanka-services-exports-fall-6-13-pct-in-april-2026-despite-financial-services-growth-272862/,"Financial services grew 119.41 percent to 10.45 million dollars. May 25, 2026"
EconomyNext,"Sri Lanka goods exports rise 9.87-pct in Apr, driven by coconut and rubber products, F&B",2026-05-25,https://economynext.com/sri-lanka-goods-exports-rise-9-87-pct-in-apr-driven-by-coconut-and-rubber-products-fb-272864/,"Tea exports fell 6.82 percent to 100.02 million dollars, while apparel and textile exports fell 4.88 percent to 346.67mn May 25, 2026"
EconomyNext,Sri Lanka Central Bank urges public not to be misled on money printing claim,2026-05-25,https://economynext.com/sri-lanka-central-bank-urges-public-not-to-be-misled-on-money-printing-claim-272925/,"Sri Lanka's rupee fell to more than three-year low May 25, 2026"
EconomyNext,"Over 9,400 LCs opened for vehicles in one day after Sri Lanka imposed 50% surcharge: Official",2026-05-22,https://economynext.com/over-9400-lcs-opened-for-vehicles-in-one-day-after-sri-lanka-imposed-50-surcharge-official-272669/,"Government denies leaking information for two private firms to open 4,000 LCs. Claimed only 1,762 LCs opened on May 15 May 22, 2026"
EconomyNext,Sri Lanka opposition calls for debate on currency pressure,2026-05-22,https://economynext.com/sri-lanka-opposition-calls-for-debate-on-currency-pressure-272630/,"""The rupee is under tremendous pressure. And we don’t have clear answers nor plans,"" May 22, 2026"
EconomyNext,Former minister asks Sri Lanka expats to send dollars through banks,2026-05-22,https://economynext.com/former-minister-asks-sri-lanka-expats-to-send-dollars-through-banks-272612/,"Urged against using undial May 22, 2026"
EconomyNext,"Top APAC firms still attract investment, as Sri Lanka sees FX reserves drop: Fitch",2026-05-22,https://economynext.com/top-apac-firms-still-attract-investment-as-sri-lanka-sees-fx-reserves-drop-fitch-272576/,"Sri Lanka’s FX reserves fell by 7%, and is facing currency pressure May 22, 2026"
EconomyNext,Sri Lanka should start to negotiate new IMF deal now: Opposition Leader,2026-05-21,https://economynext.com/sri-lanka-should-start-to-negotiate-new-imf-deal-now-opposition-leader-272537/,"Sri Lanka's rupee has depreciated sharply since last week May 21, 2026"
EconomyNext,Sri Lanka seeks deeper ties with Shanghai Cooperation initiatives,2026-05-21,https://economynext.com/sri-lanka-seeks-deeper-ties-with-shanghai-cooperation-initiatives-272384/,"Talks on enhancing collaboration with SCO partners in several key areas May 21, 2026"
EconomyNext,"Amid sharp rupee fall, IMF mission chief backs Sri Lanka to adjust for “evolving conditions”",2026-05-21,https://economynext.com/amid-sharp-rupee-fall-imf-mission-chief-backs-sri-lanka-to-adjust-for-evolving-conditions-272541/,"IMF Board expected to approve for US$700mn worth two disbursements under Extended Fund Facility on May 27 May 21, 2026"
EconomyNext,"Sri Lanka needs to plan for 18th IMF program as war, climate compound recovery: economist",2026-05-20,https://economynext.com/sri-lanka-needs-to-plan-for-18th-imf-program-as-war-climate-compound-recovery-economist-272115/,"Ganeshan Wignaraja cautions at RCSS that Sri Lanka needs to plan for 18th IMF Programme as Ditwah, war compound recovery May 20, 2026"
EconomyNext,Sri Lanka Customs achieves 65-pct of May revenue target in first 18 days,2026-05-20,https://economynext.com/sri-lanka-customs-achieves-65-pct-of-may-revenue-target-in-first-18-days-272260/,"It has already reached Rs.1 trillion milestone this year May 20, 2026"
EconomyNext,"Sri Lanka sees 22,473 new active credit cards in March 2026",2026-05-20,https://economynext.com/sri-lanka-sees-22473-new-active-credit-cards-in-march-2026-272256/,"The number has risen 2.3 percent in the first quarter May 20, 2026"
EconomyNext,"Sri Lanka's weak export, FDI drive risks economic pain, think tank warns",2026-05-19,https://economynext.com/sri-lankas-weak-export-fdi-drive-risks-economic-pain-think-tank-warns-272049/,"Says progress delays now more painful as global economic uncertainty worsens May 19, 2026"
EconomyNext,Sri Lanka services contracts in Apr 2026 due to increase in energy prices: PMI,2026-05-18,https://economynext.com/sri-lanka-services-contracts-in-apr-2026-due-to-increase-in-energy-prices-pmi-272012/,"Due to seasonal impacts following the festive period and the increase in energy prices May 18, 2026"
EconomyNext,Sri Lanka manufacturing contracts in April 2026: PMI,2026-05-18,https://economynext.com/sri-lanka-manufacturing-contracts-in-april-2026-pmi-272005/,"Sub-indices declined during the month compared to the seasonal peak in March May 18, 2026"
EconomyNext,Sri Lanka to see current account deficit in 2026 for first time in 4 years: CB,2026-05-18,https://economynext.com/sri-lanka-to-see-current-account-deficit-in-2026-for-first-time-in-4-years-cb-271822/,"Since 2022 economic crisis, Sri Lanka has seen current account surplus May 18, 2026"
EconomyNext,Sri Lanka CB chief explains reason behind recent rupee fall,2026-05-18,https://economynext.com/sri-lanka-cb-chief-explains-reason-behind-recent-rupee-fall-271816/,"Rupee has fallen 4.5 percent through May 15 this year May 18, 2026"
EconomyNext,"Sri Lanka imposes surcharge on vehicles to restrict imports, rupee fall",2026-05-16,https://economynext.com/sri-lanka-imposes-surcharge-on-vehicles-to-restrict-imports-rupee-fall-271788/,"New tax will not have an impact on market prices of vehicle, say deputy Finance Minister May 16, 2026"
EconomyNext,EXPLAINER – Ripple effect of sharp depreciation of Sri Lanka rupee,2026-05-15,https://economynext.com/explainer-ripple-effect-of-sharp-depreciation-of-sri-lanka-rupee-271570/,"The rupee currency has fallen more than 5 percent so far this year By By Shihar Aneez May 15, 2026"
EconomyNext,"Sri Lanka at cross-roads as Jamaican debt lessons loom, report warns",2026-05-15,https://economynext.com/sri-lanka-at-cross-roads-as-jamaican-debt-lessons-loom-report-warns-271633/,"""Sluggish growth"" could derail Sri Lanka's path to recovery, a report by First Capital Research warns. May 15, 2026"
EconomyNext,"Sri Lanka's freelancers, small business to benefit from PayPal entry",2026-05-15,https://economynext.com/sri-lankas-freelancers-small-business-to-benefit-from-paypal-entry-271716/,"Initial banking partners Bank of Ceylon, Commercial Bank and Sampath Bank. May 15, 2026"
EconomyNext,Sri Lanka has to compromise growth if it choses lower inflation target: CB Governor,2026-05-15,https://economynext.com/sri-lanka-has-to-compromise-growth-if-it-choses-lower-inflation-target-cb-governor-271755/,"Central Bank and Finance Ministry under consultation to decide if inflation target should be lowered in August May 15, 2026"
EconomyNext,"Sri Lanka, Belarus to cooperate on health care, education, aviation",2026-05-15,https://economynext.com/sri-lanka-belarus-to-cooperate-on-health-care-education-aviation-271664/,"Foreign minister Vijitha Herath on a tour of Belarus May 15, 2026"
EconomyNext,"EDB, Janathakshan to promote Sri Lanka's bio-friendly agri-exports",2026-05-14,https://economynext.com/edb-janathakshan-to-promote-sri-lankas-bio-friendly-agri-exports-271494/,"EDB and Janathakshan GTE Ltd sign MoU to strengthen biodiversity friendly agri export value chains May 14, 2026"
EconomyNext,"Sri Lanka rupee depreciation driven by global trends, CBSL governor claims",2026-05-14,https://economynext.com/sri-lanka-rupee-depreciation-driven-by-global-trends-cbsl-governor-claims-271366/,"""We obviously intervene... the reason for building reserves is that part of that should be used to manage volatility, May 14, 2026"
EconomyNext,Sri Lanka Customs reaches Rs.1 trillion revenue milestone in 132 days,2026-05-13,https://economynext.com/sri-lanka-customs-reaches-rs-1-trillion-revenue-milestone-in-132-days-271295/,"It exceeded monthly targets in the last four consecutive month May 13, 2026"
EconomyNext,"Sri Lanka explores trade, investment cooperation with ICC in Türkiye",2026-05-13,https://economynext.com/sri-lanka-explores-trade-investment-cooperation-with-icc-in-turkiye-271101/,"Both countries aim to enhance bilateral trade target to US$500 million. May 13, 2026"
EconomyNext,Sri Lanka to call international bids for liquor tamper seal,2026-05-12,https://economynext.com/sri-lanka-to-call-international-bids-for-liquor-tamper-seal-271041/,"To procure both the physical security signage and the management of the underlying data system May 12, 2026"
EconomyNext,Sri Lanka to pay Rs8.5bn compensation to former CEB employees,2026-05-11,https://economynext.com/sri-lanka-to-pay-rs8-5bn-compensation-to-former-ceb-employees-270855/,"""We have taken a decision to quickly pay this out of the treasury,"" Karunathilaka told reporters. May 11, 2026"
EconomyNext,Sri Lanka’s CB becomes net US$ seller in April for first time in 22 months,2026-05-10,https://economynext.com/sri-lankas-cb-becomes-net-us-seller-in-april-for-first-time-in-22-months-270769/,"The Central Bank has been aggressively building reserves ahead of external debt repayment for bond holders May 10, 2026"
EconomyNext,Sri Lanka worker remittances up 18.9-pct to US$767.9mn in April 2026,2026-05-09,https://economynext.com/sri-lanka-worker-remittances-up-18-9-pct-to-us767-9mn-in-april-2026-270744/,"Remittances rose 24.5% to US$3,062.8 million in the first four months of this year. May 9, 2026"
EconomyNext,"Sri Lanka, Pakistan look to boost trade with private sector ties",2026-05-08,https://economynext.com/sri-lanka-pakistan-look-to-boost-trade-with-private-sector-ties-270565/,"Sri Lanka, Pakistan strengthen trade relations through business engagement May 8, 2026"
EconomyNext,Sri Lanka Port City officials to meet investors in Dubai,2026-05-08,https://economynext.com/sri-lanka-port-city-officials-to-meet-investors-in-dubai-270625/,"""To demonstrate that Colombo Port City can be a supplementary zone of investment"" May 8, 2026"
EconomyNext,"Sri Lanka, Viet Nam set $1bn trade target during state visit",2026-05-08,https://economynext.com/sri-lanka-viet-nam-set-1bn-trade-target-during-state-visit-270631/,"The Vietnamese delegation included 50 business representatives. May 8, 2026"
EconomyNext,"Sri Lanka, Türkiye discuss defence cooperation during second political consultation",2026-05-07,https://economynext.com/sri-lanka-turkiye-discuss-defence-cooperation-during-second-political-consultation-270481/,"Consultation also touched bilateral trade, maritime issues, investment among many others May 7, 2026"
EconomyNext,German investors to participate GBF 2026 in Colombo in May,2026-05-07,https://economynext.com/german-investors-to-participate-gbf-2026-in-colombo-in-may-270468/,"Major German firms, representing over 300 brands, have already maintained their presence in Sri Lanka May 7, 2026"
EconomyNext,"Stability, reform key to positioning Sri Lanka as regional hub: Economist",2026-05-06,https://economynext.com/stability-reform-key-to-positioning-sri-lanka-as-regional-hub-economist-270231/,"Advocated for reforms to pivot from a cyclical recovery May 6, 2026"
EconomyNext,Sri Lanka construction activity expands at slower rate in March 2026: PMI,2026-05-05,https://economynext.com/sri-lanka-construction-activity-expands-at-slower-rate-in-march-2026-pmi-270175/,"Respondents reported a challenging operating environment, mainly due to limited availability of fuel and raw materials, May 5, 2026"
EconomyNext,"Sri Lanka likely to face medicine shortages amid rupee fall, price control",2026-05-05,https://economynext.com/sri-lanka-likely-to-face-medicine-shortages-amid-rupee-fall-price-control-269194/,"Govt to allow price hike, says Health Minister May 5, 2026"
EconomyNext,Sri Lanka Customs’ April revenue exceeds target over 30%,2026-05-05,https://economynext.com/sri-lanka-customs-april-revenue-exceeds-target-over-30-269962/,"Total revenue collected jumped 49.8% in the first four months of this year compared to 2025 May 5, 2026"
EconomyNext,"IMF omission of Sri Lanka GDP projections signals fragile recovery, economist says",2026-05-05,https://economynext.com/imf-omission-of-sri-lanka-gdp-projections-signals-fragile-recovery-economist-says-270004/,"Speaking at a recent Strategic Dialogue organized by The Regional Centre for Strategic Studies (RCSS) May 5, 2026"
EconomyNext,EXPLAINER - Sri Lanka’s fuel price surge and looming cost of living crisis,2026-05-04,https://economynext.com/explainer-sri-lankas-fuel-price-surge-and-looming-cost-of-living-crisis-269763/,"Sri Lanka's high oil dependency threatens its recovery from 2022 crisis May 4, 2026"
EconomyNext,"Sri Lanka to raise VAT on financial services to 20,5%; cuts threshold level",2026-05-04,https://economynext.com/sri-lanka-to-raise-vat-on-financial-services-to-205-cuts-threshold-level-269731/,"Sri Lanka has aimed at ambitious tax revenue targets this year May 4, 2026"
EconomyNext,"EU funds €2.6mn transparency, accountability project in Sri Lanka",2026-04-30,https://economynext.com/eu-funds-e2-6mn-transparency-accountability-project-in-sri-lanka-269350/,"“Together We Rise” implemented by World Vision and SAFE Foundation in Sri Lanka, aims to strengthen civil society April 30, 2026"
EconomyNext,Sri Lanka inflation 5.4-pct in April 2026 after sharp fuel price hike,2026-04-30,https://economynext.com/sri-lanka-inflation-5-4-pct-in-april-2026-after-sharp-fuel-price-hike-269419/,"Analysts say sudden rise in inflation may put the central bank's monetary policy under pressure April 30, 2026"
EconomyNext,Sri Lanka rupee depreciated below 320 to US dollar as return of high inflation celebrated,2026-04-30,https://economynext.com/sri-lanka-rupee-depreciated-below-320-to-us-dollar-as-return-of-high-inflation-celebrated-269402/,"Commerical Banks offering dollars for import TTs at 323 to the US dollar April 30, 2026"
EconomyNext,Sri Lanka Customs exceeds revenue target for fourth straight month in April,2026-04-29,https://economynext.com/sri-lanka-customs-exceeds-revenue-target-for-fourth-straight-month-in-april-269198/,"Achieves 39.4 percent of this year’s target in the first 117 days: Customs Data April 29, 2026"
EconomyNext,Sri Lanka Central Bank data collection rules to be submitted to parliament,2026-04-29,https://economynext.com/sri-lanka-central-bank-data-collection-rules-to-be-submitted-to-parliament-269093/,"Includes administrative actions and penalties that will be enforced if reporting requirements are violated April 29, 2026"
EconomyNext,"Sri Lanka to recruit 9,800 contract workers into public service",2026-04-28,https://economynext.com/sri-lanka-to-recruit-9800-contract-workers-into-public-service-269019/,"The move will see workers recruited into Sri Lanka's already bloated public sector across provincial, public bodies April 28, 2026"
EconomyNext,Sri Lanka investigating non-payment complaint from US Post: Minister,2026-04-28,https://economynext.com/sri-lanka-investigating-non-payment-complaint-from-us-post-minister-268985/,"A missing payment of 625,000 dollars made by Sri Lanka intended for the US Post April 28, 2026"
EconomyNext,ADB team in Sri Lanka to review export development plan,2026-04-28,https://economynext.com/adb-team-in-sri-lanka-to-review-export-development-plan-268955/,"The establishment of a high-level steering committee, a Project Management Unit were discussed April 28, 2026"
EconomyNext,Sri Lanka's Construction Guarantee Fund 'BB(lka)' National IFS Rating affirmed by Fitch,2026-04-28,https://economynext.com/sri-lankas-construction-guarantee-fund-bblka-national-ifs-rating-affirmed-by-fitch-268895/,"The government has not infused additional capital into the fund since its initial grant of LKR55 million April 28, 2026"
EconomyNext,"Sri Lanka discusses measures to broaden tax net, recover tax arrears",2026-04-27,https://economynext.com/sri-lanka-discusses-measures-to-broaden-tax-net-recover-tax-arrears-268884/,"The government has aimed at fresh record high tax revenue this year April 27, 2026"
EconomyNext,Sri Lanka's budget almost in surplus in January 2026 as currency trouble triggered,2026-04-27,https://economynext.com/sri-lankas-budget-almost-in-surplus-in-january-2026-as-currency-trouble-triggered-268752/,"Monthly budget deficit falls to Rs3.8bn in January. Current budget in surplus April 27, 2026"
EconomyNext,Sri Lanka services exports fall 6.26-pct in March 2026,2026-04-24,https://economynext.com/sri-lanka-services-exports-fall-6-26-pct-in-march-2026-268273/,"Total exports of goods and services for March 2026 was 1,467.31 billion US dollars, down 5.2 percent. April 24, 2026"
EconomyNext,"Sri Lanka rupee falls, no spot fx market, after money printed through swaps",2026-04-24,https://economynext.com/sri-lanka-rupee-falls-no-spot-fx-market-after-money-printed-through-swaps-268361/,"Exchange rates of reserve collecting central banks depreciate due to violating a law of nature described by Hume April 24, 2026"
EconomyNext,Sri Lanka confident there is no technical default over cyber heist of debt repayment,2026-04-23,https://economynext.com/sri-lanka-confident-there-is-no-technical-default-over-cyber-heist-of-debt-repayment-268228/,"Hackers diverted funds due to Australia's export credit agency by sending false emails April 23, 2026"
EconomyNext,COPF Chief questions whether alleged Treasury hacking led to a technical default,2026-04-23,https://economynext.com/copf-chief-questions-whether-alleged-treasury-hacking-led-to-a-technical-default-268088/,"""If the payment did not go to the creditor country was there a technical default?"" April 23, 2026"
EconomyNext,"Sri Lanka goods exports fall 4.94-pct in Mar, amidst drop in apparel",2026-04-23,https://economynext.com/sri-lanka-goods-exports-fall-4-94-pct-in-mar-amidst-drop-in-apparel-268200/,"Earnings from apparel and textile export fell 11.22 percent to 440.32 million dollars, April 23, 2026"
EconomyNext,"Hackers pose as Australians to steal from Sri Lanka Treasury, attempt on Indian loan thwarted",2026-04-23,https://economynext.com/hackers-pose-as-australians-to-steal-from-sri-lanka-treasury-attempt-on-indian-loan-thwarted-268120/,"Cyber criminals breach email conversation on loan repayments with creditors April 23, 2026"
EconomyNext,Investigations ongoing into Sri Lanka Treasury $2.5mn fraud: Minister,2026-04-22,https://economynext.com/investigations-ongoing-into-sri-lanka-treasury-2-5mn-fraud-minister-268004/,"The monies were part of a 22.9 million dollar foreign debt settlement due in September 2025. April 22, 2026"
EconomyNext,Sri Lanka’s national inflation rises 2.4-pct in March,2026-04-22,https://economynext.com/sri-lankas-national-inflation-rises-2-4-pct-in-march-267862/,"The overall rate of inflation, as measured by the NCPI on a year-on-year basis, was 2.4 percent in March 2026, April 22, 2026"
EconomyNext,High energy prices will pressure oil-importing countries: Fitch,2026-04-21,https://economynext.com/high-energy-prices-will-pressure-oil-importing-countries-fitch-267759/,"Will see increasing pressure on their balance of payments due to the rise in energy prices April 21, 2026"
EconomyNext,"Sri Lanka sustains economic recovery in 2025, but faces global risks: CBSL",2026-04-21,https://economynext.com/sri-lanka-sustains-economic-recovery-in-2025-but-faces-global-risks-cbsl-267727/,"Global uncertainties, including geopolitical tensions, trade disruptions, and climate-related risks, pose challenges April 21, 2026"
EconomyNext,"Sri Lanka, China discuss RMB settlements to ease trade",2026-04-20,https://economynext.com/sri-lanka-china-discuss-rmb-settlements-to-ease-trade-267576/,"Governors discuss potential benefits of promoting renminbi‑denominated settlements for trade April 20, 2026"
EconomyNext,"Risk scenarios have widened substantially for global credit, Fitch says",2026-04-20,https://economynext.com/risk-scenarios-have-widened-substantially-for-global-credit-fitch-says-267566/,"Even if conflict ends without re-escalating and the Strait of Hormuz fully reopens, risk environment has already changed April 20, 2026"
EconomyNext,Sri Lanka services expansion in Mar 2026 driven by financial activity: PMI,2026-04-17,https://economynext.com/sri-lanka-services-expansion-in-mar-2026-driven-by-financial-activity-pmi-267338/,"With support from significant growth in insurance and pension funding activities April 17, 2026"
EconomyNext,Sri Lanka manufacturing expands in Mar 2026 on seasonal demand: PMI,2026-04-17,https://economynext.com/sri-lanka-manufacturing-expands-in-mar-2026-on-seasonal-demand-pmi-267329/,"Respondents reported a tight production environment, mainly attributed to raw material and fuel shortages, rising costs, April 17, 2026"
EconomyNext,"Sri Lanka rupee depreciation amplifies cost of oil imports, drives monetary inflation",2026-04-16,https://economynext.com/sri-lanka-rupee-depreciation-amplifies-cost-of-oil-imports-drives-monetary-inflation-267196/,"Sri Lanka's central bank started to escape accountability for exchange rate depreciation from around 1980 April 16, 2026"
EconomyNext,"Energy subsidies, relief packages trade quick fixes for long-term debt risk: Fitch",2026-04-16,https://economynext.com/energy-subsidies-relief-packages-trade-quick-fixes-for-long-term-debt-risk-fitch-267258/,"Sri Lanka announced a 100 billion rupee relief package. April 16, 2026"
EconomyNext,"Policy makers must balance fiscal credibility with support for vulnerable, IMF warns",2026-04-15,https://economynext.com/policy-makers-must-balance-fiscal-credibility-with-support-for-vulnerable-imf-warns-267184/,"""Policy makers will need to carry out structural reforms to lift productivity and growth."" April 15, 2026"
EconomyNext,"West Asia energy shock starts to appear in higher inflation, bond yields; Fitch says",2026-04-15,https://economynext.com/west-asia-energy-shock-starts-to-appear-in-higher-inflation-bond-yields-fitch-says-267158/,"A steep rise in global energy prices has begun to be reflected in inflation data for March, April 15, 2026"
EconomyNext,IMF warns of global recession risk if war on Iran continues,2026-04-14,https://economynext.com/imf-warns-of-global-recession-risk-if-war-on-iran-continues-267053/,"Global growth forecast was cut to 2 percent. April 14, 2026"
EconomyNext,"Sri Lanka’s census warns of shrinking workforce, rising elderly burden",2026-04-14,https://economynext.com/sri-lankas-census-warns-of-shrinking-workforce-rising-elderly-burden-267039/,"April 14, 2026"
EconomyNext,Sri Lanka worker remittances up 17.5-pct to US$815mn in March 2026,2026-04-13,https://economynext.com/sri-lanka-worker-remittances-up-17-5-pct-to-us815mn-in-march-2026-267030/,"Higher inflows come amid escalation in the Middle East where most Sri Lankan expatriates live April 13, 2026"
EconomyNext,Sri Lanka could lose 0.8-pct growth in 2026 on prolonged US-Iran conflict: ADB,2026-04-10,https://economynext.com/sri-lanka-could-lose-0-8-pct-growth-in-2026-on-prolonged-us-iran-conflict-adb-266975/,"Lower tourism revenues, higher energy and fertilizer import costs could be among negative fallouts April 10, 2026"
EconomyNext,"IMF reaches Staff-Level Agreement Sri Lanka’s 5th, 6th reviews of EFF",2026-04-09,https://economynext.com/imf-reaches-staff-level-agreement-sri-lankas-5th-6th-reviews-of-eff-266859/,"Sri Lanka may access to US$700mn once the staff-level agreement is approved by IMF Board April 9, 2026"
EconomyNext,"Sri Lanka announces fuel, power subsidies for targeted sections",2026-04-07,https://economynext.com/sri-lanka-announces-fuel-power-subsidies-for-targeted-sections-266626/,"April 7, 2026"
EconomyNext,Fees for small vendors removed on LankaQR; person-to-person transactions enabled,2026-04-06,https://economynext.com/fees-for-small-vendors-removed-on-lankaqr-person-to-person-transactions-enabled-266409/,"The new QR-based P2P system is intended to make interpersonal payments seamless and as fast as handing over cash. April 6, 2026"
EconomyNext,Fresh milk vanishes from Sri Lanka shop shelves amidst fears of price increase,2026-04-06,https://economynext.com/fresh-milk-vanishes-from-sri-lanka-shop-shelves-amidst-fears-of-price-increase-266388/,"Supermarket shelves were empty of the larger packet of fresh milk over the weekend and into Monday. April 6, 2026"
EconomyNext,Sri Lanka Customs sees March revenue target exceeding over 25%,2026-04-03,https://economynext.com/sri-lanka-customs-sees-march-revenue-target-exceeding-over-25-266154/,"Achieves 30% of 2026 target in the first quarter April 3, 2026"
EconomyNext,"Sri Lanka sees 10,113 new active credit cards in January 2026",2026-04-03,https://economynext.com/sri-lanka-sees-10113-new-active-credit-cards-in-january-2026-266148/,"The number of active credit cards grew 4.8% last year. April 3, 2026"
EconomyNext,Sri Lanka leader highlights need for measures to minimize impact from ME conflict at IMF meeting,2026-04-02,https://economynext.com/sri-lanka-leader-highlights-need-for-measures-to-minimize-impact-from-me-conflict-at-imf-meeting-266110/,"IMF delegation met the President on Thursday amid the discussions for 5th, 6th review April 2, 2026"
EconomyNext,"Thailand corporate, YWCA gift Sri Lanka Rs5mn for post-Ditwah recovery",2026-04-02,https://economynext.com/thailand-corporate-ywca-gift-sri-lanka-rs5mn-for-post-ditwah-recovery-266078/,"YWCA Bangkok contributed 200,000 baht, while the Thai Beverage Public Company Limited contributed 10,000 dollars April 2, 2026"
EconomyNext,Sri Lanka allows private rice imports to address shortage,2026-03-31,https://economynext.com/sri-lanka-allows-private-rice-imports-to-address-shortage-265796/,"Imports of these rice varieties will be allowed from April 1 to 30, and must be cleared by May 31 March 31, 2026"
EconomyNext,Sri Lanka inflation 2.2-pct in March 2026,2026-03-31,https://economynext.com/sri-lanka-inflation-2-2-pct-in-march-2026-265791/,"Widely-watched Colombo Consumer Price Index rose 0.5 percent in March to 195.8 points from 195.3 points previous month March 31, 2026"
EconomyNext,Sri Lanka looks for international jobs for Navy,2026-03-31,https://economynext.com/sri-lanka-looks-for-international-jobs-for-navy-265764/,"Meeting to discuss foreign employment opportunities in the shipping and marine sectors for retired navy personnel March 31, 2026"
EconomyNext,Sri Lanka wins Commonwealth award for debt management,2026-03-30,https://economynext.com/sri-lanka-wins-commonwealth-award-for-debt-management-265521/,"Sri Lanka received the Regional Debt Management Office Award for Asia-Pacific for its efforts to restructure public debt March 30, 2026"
EconomyNext,"Deflation was beneficial to Sri Lanka, not harmful: CB Governor",2026-03-30,https://economynext.com/deflation-was-beneficial-to-sri-lanka-not-harmful-cb-governor-265487/,"Therefore, what is visible to us is that the deflation did not negatively affect our economy March 30, 2026"
EconomyNext,Sri Lanka Customs exceeds revenue target for third straight month in March,2026-03-28,https://economynext.com/sri-lanka-customs-exceeds-revenue-target-for-third-straight-month-in-march-265456/,"It has already achieved 28.8% of the 2026 target in the first 85 days March 28, 2026"
EconomyNext,Forex curbs trade controls not the right way to tackle Sri Lanka war fallout : CB Governor,2026-03-26,https://economynext.com/forex-curbs-trade-controls-not-the-right-way-to-tackle-sri-lanka-war-fallout-cb-governor-265235/,"We will maintain all what we have relaxed so far. Those will prevail March 26, 2026"
EconomyNext,"Sri Lanka goods exports rise 1.32-pct in Feb, amidst drop in tea, apparel",2026-03-26,https://economynext.com/sri-lanka-goods-exports-rise-1-32-pct-in-feb-amidst-drop-in-tea-apparel-265254/,"Earnings from electrical and electronic components export rose 54.37 percent to 48.35 million dollars. March 26, 2026"
EconomyNext,"Sri Lanka services exports up 14.68-pct in Feb 2026, helped by ICT/BPM",2026-03-26,https://economynext.com/sri-lanka-services-exports-up-14-68-pct-in-feb-2026-helped-by-ict-bpm-265277/,"Exports earnings from construction fell 8.10 percent to 6.35 million dollars year-on-year. March 26, 2026"
EconomyNext,ADB pledges additional $100mn to shield Sri Lanka from West Asia conflict shocks,2026-03-26,https://economynext.com/adb-pledges-additional-100mn-to-shield-sri-lanka-from-west-asia-conflict-shocks-265325/,"ADB is fast-tracking a 200 million dollar Emergency Assistance Loan to restore vital transport networks and irrigation March 26, 2026"
EconomyNext,Changes in IMF conditions “may be significant” in upcoming reviews: Sri Lanka CB chief,2026-03-25,https://economynext.com/changes-in-imf-conditions-may-be-significant-in-upcoming-reviews-sri-lanka-cb-chief-265224/,"An IMF team will be in Sri Lanka for 5th and 6th reviews in the next two weeks March 25, 2026"
EconomyNext,"Sri Lanka CB keeps key policy rate steady amid depreciation pressure, lower inflation",2026-03-25,https://economynext.com/sri-lanka-cb-keeps-key-policy-rate-steady-amid-depreciation-pressure-lower-inflation-265129/,"Says current low inflation provides sufficient space to accommodate impact of higher energy prices March 25, 2026"
EconomyNext,"Sri Lanka asks residents to iron clothes, charge electronics during daylight hours",2026-03-24,https://economynext.com/sri-lanka-asks-residents-to-iron-clothes-charge-electronics-during-daylight-hours-265034/,"Asks people to turn off fridges from 6 pm to 10 pm March 24, 2026"
EconomyNext,"Sri Lanka increases prices of bakery products, bread by Rs10",2026-03-23,https://economynext.com/sri-lanka-increases-prices-of-bakery-products-bread-by-rs10-264866/,"The new price of a 450g loaf of bread will be 130 rupees. March 23, 2026"
EconomyNext,Sri Lanka sees 5-pct GDP growth for second consecutive year,2026-03-23,https://economynext.com/sri-lanka-sees-5-pct-gdp-growth-for-second-consecutive-year-264858/,"Continuation of that from 2024, which was the first year of GDP growth since Sri Lanka’s economic crisis in 2022 March 23, 2026"
EconomyNext,ADB chief to foster private sector-led growth on visit to Sri Lanka,2026-03-23,https://economynext.com/adb-chief-to-foster-private-sector-led-growth-on-visit-to-sri-lanka-264851/,"Visit an opportunity to engage with government, private sector, and communities on the ground March 23, 2026"
EconomyNext,"Sri Lanka’s tourism, tea, textile shares suffer after Gulf escalation",2026-03-20,https://economynext.com/sri-lankas-tourism-tea-textile-shares-suffer-after-gulf-escalation-264669/,"By By Sanchitha Paranagama March 20, 2026"
EconomyNext,IMF team in Sri Lanka for two reviews on reforms,2026-03-19,https://economynext.com/imf-team-in-sri-lanka-for-two-reviews-on-reforms-264512/,"The completion of fifth review of the IMF deal has been delayed after Ditwah-disaster March 19, 2026"
EconomyNext,"Sri Lanka GDP grows 4.8-pct in 4Q, full year 5.0-pct in low inflation",2026-03-18,https://economynext.com/sri-lanka-gdp-grows-4-8-pct-in-4q-full-year-5-0-pct-in-low-inflation-264273/,"Sri Lanka’s economy grew 5.6 percent in the same quarter of the previous year. March 18, 2026"
EconomyNext,Sri Lanka manufacturing continued to expand in Feb 2026: PMI,2026-03-17,https://economynext.com/sri-lanka-manufacturing-continued-to-expand-in-feb-2026-pmi-264157/,"Suppliers' Delivery Time lengthened further, indicating increased pressure on supply chains. March 17, 2026"
EconomyNext,Sri Lanka services activities expansion dips in Feb 2026: PMI,2026-03-17,https://economynext.com/sri-lanka-services-activities-expansion-dips-in-feb-2026-pmi-264166/,"Primarily driven by professional services and other personal service activities. March 17, 2026"
EconomyNext,"Sri Lanka's Hayleys Fentons, India's JSL wins bid to build Mannar power line",2026-03-17,https://economynext.com/sri-lankas-hayleys-fentons-indias-jsl-wins-bid-to-build-mannar-power-line-264198/,"For 2,269.18 million rupees (excluding tax) March 17, 2026"
EconomyNext,"Sri Lanka needs to sustain strong fiscal, external sector measures for stability: CB",2026-03-17,https://economynext.com/sri-lanka-needs-to-sustain-strong-fiscal-external-sector-measures-for-stability-cb-264232/,"CB says Middle East conflict, price volatility, adverse weather could pose risks March 17, 2026"
EconomyNext,"Sri Lanka declares Wednesday public holiday, halts gov events",2026-03-16,https://economynext.com/sri-lanka-declares-wednesday-public-holiday-halts-gov-events-264094/,"In order to conserve fuel amidst the escalating US-Israel war on Iran March 16, 2026"
EconomyNext,"Sri Lanka chamber calls for prioritizing fuel, FX",2026-03-16,https://economynext.com/sri-lanka-chamber-calls-for-prioritizing-fuel-fx-264089/,"Recommends non-essential foreign currency outflows be limited, while prioritizing critical imports March 16, 2026"
EconomyNext,Foreigners sell US$14.6mn worth Sri Lanka rupee bonds amid depreciation pressure,2026-03-16,https://economynext.com/foreigners-sell-us14-6mn-worth-sri-lanka-rupee-bonds-amid-depreciation-pressure-263952/,"Sri Lanka has seen over US$56 mn worth net inflows into rupee bonds this year March 16, 2026"
EconomyNext,Sri Lanka commercial banks exhaust MSME loan quotas; Ministry to allocate new funds,2026-03-13,https://economynext.com/sri-lanka-commercial-banks-exhaust-msme-loan-quotas-ministry-to-allocate-new-funds-263835/,"Commercial Bank, HNB, and NDB have exhausted their loan quotas, minister said March 13, 2026"
EconomyNext,ADB reaffirms support for Sri Lanka's recovery and reform,2026-03-11,https://economynext.com/adb-reaffirms-support-for-sri-lankas-recovery-and-reform-263743/,"ADB is ready to provide more than 1 billion dollars annually to Sri Lanka from 2026 to 2029, the global lender said. March 11, 2026"
EconomyNext,Sri Lanka to grant 14-day free visa extension for foreigners stranded by conflict,2026-03-10,https://economynext.com/sri-lanka-to-grant-14-day-free-visa-extension-for-foreigners-stranded-by-conflict-263515/,"If flight cancellations continue, the visa validity will be extended for another 14 days, also for free March 10, 2026"
EconomyNext,Sri Lanka to create Economic Surveillance Committee to monitor conflict impact,2026-03-10,https://economynext.com/sri-lanka-to-create-economic-surveillance-committee-to-monitor-conflict-impact-263488/,"Will include businessmen who will make recommendations to cabinet March 10, 2026"
EconomyNext,EXPLAINER-Navigating Sri Lanka’s high-stakes economic tightrope amid soaring oil prices,2026-03-10,https://economynext.com/explainer-navigating-sri-lankas-high-stakes-economic-tightrope-amid-soaring-oil-prices-263450/,"Sri Lanka has already raised fuel prices over soaring global oil prices after U.S./Israel's attack on Iran By By Shihar Aneez March 10, 2026"
EconomyNext,"Sri Lanka has 'space' to absorb oil shocks, central bank governor says",2026-03-09,https://economynext.com/sri-lanka-has-space-to-absorb-oil-shocks-central-bank-governor-says-263363/,"Was speaking to Bloomberg before oil prices surged past 115 dollars a barrel March 9, 2026"
EconomyNext,Iran conflict raises new credit risks for emerging market sovereigns: Fitch,2026-03-09,https://economynext.com/iran-conflict-raises-new-credit-risks-for-emerging-market-sovereigns-fitch-263345/,"Vulnerabilities to higher import costs will be most acute in markets with already stretched financing capacity, March 9, 2026"
EconomyNext,Sri Lanka Customs outperforms in February; exceeds revenue goal by 28-pct,2026-03-08,https://economynext.com/sri-lanka-customs-outperforms-in-february-exceeds-revenue-goal-by-28-pct-263300/,"It has achieved 21.5-pct of 2026 target in first 62 days March 8, 2026"
EconomyNext,Sri Lanka worker remittances jump 33-pct to US$729mn in February 2026,2026-03-07,https://economynext.com/sri-lanka-worker-remittances-jump-33-pct-to-us729mn-in-february-2026-263286/,"They have risen 32-pct in first two month of 2026 March 7, 2026"
EconomyNext,"Sri Lanka’s debt on sustainable trajectory, bond holders told in investor call",2026-03-06,https://economynext.com/sri-lankas-debt-on-sustainable-trajectory-bond-holders-told-in-investor-call-263273/,"Sri Lanka’s debt on a sustainable trajectory, below the targets set by the IMF DSA March 6, 2026"
EconomyNext,Sri Lanka central bank chief to join IMF head for Asia-Pacific talks,2026-03-06,https://economynext.com/sri-lanka-central-bank-chief-to-join-imf-head-for-asia-pacific-talks-263145/,"Panel will explore the forces reshaping the Asia-Pacific region and the policy priorities needed March 6, 2026"
EconomyNext,Sri Lanka to lower social security contribution levy registration threshold,2026-03-05,https://economynext.com/sri-lanka-to-lower-social-security-contribution-levy-registration-threshold-263077/,"Through a new bill to amend the SSCL Act No. 25 of 2022. March 5, 2026"
EconomyNext,Sri Lanka to create maize committee for price and import control,2026-03-04,https://economynext.com/sri-lanka-to-create-maize-committee-for-price-and-import-control-262987/,"Cabinet greenlights supervised maize import system for feed producers March 4, 2026"
EconomyNext,"Sri Lanka to remove cess on 2,600 imported goods in stages: Minister",2026-03-04,https://economynext.com/sri-lanka-to-remove-cess-on-2600-imported-goods-in-stages-minister-262969/,"Phased removal of cess on imported goods
will be done in stages through to 2029 March 4, 2026"
EconomyNext,Sri Lanka should have 2-pct inflation target : top economist,2026-03-04,https://economynext.com/sri-lanka-should-have-2-pct-inflation-target-top-economist-262889/,"Further, low inflation means low interest rates which are favourable for long term economic development March 4, 2026"
EconomyNext,Sri Lanka's capex to bring high returns to economy in multiple years: Treasury Secy,2026-03-03,https://economynext.com/sri-lankas-capex-to-bring-high-returns-to-economy-in-multiple-years-treasury-secy-262786/,"Capex to have appropriate returns to the economy March 3, 2026"
EconomyNext,Sri Lanka's tax administration and justice - from revenue to repression,2026-03-02,https://economynext.com/sri-lankas-tax-administration-and-justice-from-revenue-to-repression-262739/,"In one case matters 15 years old were raised. He ultimately simplified his affairs, and retreated from active business March 2, 2026"
EconomyNext,EXPLAINER - US-Israel attack on Iran threatens Sri Lanka’s hard gained recovery,2026-03-01,https://economynext.com/explainer-us-israel-attack-on-iran-threatens-sri-lankas-hard-gained-recovery-262718/,"The geopolitical shockwave could unsettle President Anura Kumara Dissanayake’s plans By By Shihar Aneez March 1, 2026"
EconomyNext,"Sri Lanka inflation 1.6-pct in February 2026, food prices fall",2026-02-28,https://economynext.com/sri-lanka-inflation-1-6-pct-in-february-2026-food-prices-fall-262700/,"Price fall in vegetables helps ease February inflation February 28, 2026"
EconomyNext,"Sri Lanka construction activity spikes in Jan 2025, firms faced with labour shortage: PMI",2026-02-28,https://economynext.com/sri-lanka-construction-activity-spikes-in-jan-2025-firms-faced-with-labour-shortage-pmi-262659/,"This was the index' second-highest reading on record after the peak of 75.7 in July 2020, CBSL said. February 28, 2026"
EconomyNext,Sri Lanka starts creating economic value through digital nomads,2026-02-27,https://economynext.com/sri-lanka-starts-creating-economic-value-through-digital-nomads-262634/,"Sri Lanka to be a home for creation of value in the digital space February 27, 2026"
EconomyNext,Sri Lanka Customs exceeds February 2026 revenue target in first 23 days,2026-02-26,https://economynext.com/sri-lanka-customs-exceeds-february-2026-revenue-target-in-first-23-days-262490/,"It has achieved 18.6 percent of this year’s target in the first 53 days February 26, 2026"
EconomyNext,SriLankan Airline bondholders to vote on 85-pct debt restructure in March,2026-02-26,https://economynext.com/srilankan-airline-bondholders-to-vote-on-85-pct-debt-restructure-in-march-262377/,"If approved, marks end of last major restructuring hurdle February 26, 2026"
EconomyNext,"IMF rep warns Sri Lanka’s success is ""not a finished story"" at investor forum",2026-02-25,https://economynext.com/imf-rep-warns-sri-lankas-success-is-not-a-finished-story-at-investor-forum-262282/,"Investor Forum 2026 by Softlogic Stockbrokers brought industry experts to discuss macroeconomic outlook February 25, 2026"
EconomyNext,Sri Lanka to amend social security contribution levy act,2026-02-25,https://economynext.com/sri-lanka-to-amend-social-security-contribution-levy-act-262248/,"Minister did not say whether the levy will be increased or reduced February 25, 2026"
EconomyNext,Sri Lanka to allow exporters to invest in domestic dollar bonds,2026-02-25,https://economynext.com/sri-lanka-to-allow-exporters-to-invest-in-domestic-dollar-bonds-262240/,"Intended to increase demand, broaden the government’s foreign currency funding base and improve competitive pricing February 25, 2026"
EconomyNext,"Sri Lanka services exports up 24.59-pct in Jan 2026, helped by ICT/BPM",2026-02-24,https://economynext.com/sri-lanka-services-exports-up-24-59-pct-in-jan-2026-helped-by-ict-bpm-262152/,"Total exports of goods and services for January 2026 was 1,532.57 billion US dollars, up 13.71 percent. February 24, 2026"
EconomyNext,"Sri Lanka goods exports rise 10.66-pct in Jan, helped by coconut, F&B, seafood",2026-02-24,https://economynext.com/sri-lanka-goods-exports-rise-10-66-pct-in-jan-helped-by-coconut-fb-seafood-262125/,"Export earnings from Apparel & Textiles decreased by 2.82 % y-o-y, reaching US$ 447.25 Mn in January 2026 February 24, 2026"
EconomyNext,"Trump threatens countries that 'play games' with court ruling, Sri Lanka to get 15-pct tariff?",2026-02-24,https://economynext.com/trump-threatens-countries-that-play-games-with-court-ruling-sri-lanka-to-get-15-pct-tariff-262084/,"Trump says global tariff will be raised to 15-pct from an earlier threat of 10-pct February 24, 2026"
EconomyNext,Sri Lanka to implement revised national tariff policy,2026-02-24,https://economynext.com/sri-lanka-to-implement-revised-national-tariff-policy-262157/,"February 24, 2026"
EconomyNext,"Sri Lanka export board, German Import Promotion Desk to ink deal",2026-02-24,https://economynext.com/sri-lanka-export-board-german-import-promotion-desk-to-ink-deal-262174/,"February 24, 2026"
EconomyNext,Sri Lanka taps UN expertise to reform disaster financing for MSMEs,2026-02-23,https://economynext.com/sri-lanka-taps-un-expertise-to-reform-disaster-financing-for-msmes-262039/,"Government stakeholders participated in session to advance coordinated action towards strengthening economic recovery February 23, 2026"
EconomyNext,Sri Lanka's EDB empowers SMEs to go global with 'Beyond Borders' training,2026-02-23,https://economynext.com/sri-lankas-edb-empowers-smes-to-go-global-with-beyond-borders-training-262014/,"EDB conducts training program to improve international trade competitiveness February 23, 2026"
EconomyNext,Sri Lanka central bank to 'revisit' inflation target amid rising concerns,2026-02-22,https://economynext.com/sri-lanka-central-bank-to-revisit-inflation-target-amid-rising-concerns-261866/,"Stakeholder consultation planned February 22, 2026"
EconomyNext,Trump tariff for Sri Lanka to be replaced with 10-pct levy?,2026-02-21,https://economynext.com/trump-tariff-for-sri-lanka-to-be-replaced-with-10-pct-levy-261825/,"Trump blasts his own appointees to the Supreme Court February 21, 2026"
EconomyNext,Sri Lanka Customs achieves 96-pct of February revenue target in first 19 days,2026-02-21,https://economynext.com/sri-lanka-customs-achieves-96-pct-of-february-revenue-target-in-first-19-days-261818/,"It has achieved 17.8-pct of the 2026 target in first 50 days February 21, 2026"
EconomyNext,Sri Lanka CB has no plans to impose LTV ratios on gold loans,2026-02-19,https://economynext.com/sri-lanka-cb-has-no-plans-to-impose-ltv-ratios-on-gold-loans-261721/,"Gold prices have soared in world markets to around 5,000 dollars an ounce from 284 dollars around 2,000 February 19, 2026"
EconomyNext,Sri Lankan SMEs explore European markets at BIOFACH 2026 in Nuremberg,2026-02-19,https://economynext.com/sri-lankan-smes-explore-european-markets-at-biofach-2026-in-nuremberg-261654/,"Team participated in workshops with German and European industry experts, certification bodies and testing agencies, February 19, 2026"
EconomyNext,IMF MD stresses need for structural reforms on visit to Sri Lanka,2026-02-18,https://economynext.com/imf-md-stresses-need-for-structural-reforms-on-visit-to-sri-lanka-261507/,"""the country is poised to achieve higher growth, provided that necessary structural reforms are initiated and sustained February 18, 2026"
EconomyNext,Sri Lanka central bank to disclose forex swaps with local banks,2026-02-18,https://economynext.com/sri-lanka-central-bank-to-disclose-forex-swaps-with-local-banks-261434/,"The swap volumes will be disclosed on an ongoing basis February 18, 2026"
EconomyNext,"Sri Lanka sees 21,984 new active credit cards in December 2025",2026-02-17,https://economynext.com/sri-lanka-sees-21984-new-active-credit-cards-in-december-2025-261291/,"The country saw 7.8-pct growth in active credit cards last year February 17, 2026"
EconomyNext,Sri Lanka to get USD400mn from World Bank,2026-02-17,https://economynext.com/sri-lanka-to-get-usd400mn-from-world-bank-261356/,"With the aim of enhancing Sri Lanka’s competitiveness and openness, February 17, 2026"
EconomyNext,"Sri Lanka, Japan forge new economic path amid global trade volatility",2026-02-17,https://economynext.com/sri-lanka-japan-forge-new-economic-path-amid-global-trade-volatility-261339/,"Both countries sign deal during Intergovernmental Economic Policy Dialogue February 17, 2026"
EconomyNext,Sri Lanka central bank expects success in pushing cost of living to 5-pct in 2026,2026-02-16,https://economynext.com/sri-lanka-central-bank-expects-success-in-pushing-cost-of-living-to-5-pct-in-2026-261124/,"By missing its inflation target so far, the central bank has allowed real wage to recover somewhat February 16, 2026"
EconomyNext,Sri Lanka services activities expand in Jan 2026: PMI,2026-02-16,https://economynext.com/sri-lanka-services-activities-expand-in-jan-2026-pmi-261244/,"“The growth was driven by strong performance in wholesale and retail trade, and accommodation, food and beverage servi... February 16, 2026"
EconomyNext,Sri Lanka manufacturing expands at slower rate in Jan 2026: PMI,2026-02-16,https://economynext.com/sri-lanka-manufacturing-expands-at-slower-rate-in-jan-2026-pmi-261237/,"All the sub-indices remained above the neutral threshold during the month, CBSL said. February 16, 2026"
EconomyNext,Foreigners buy nearly US$30mn worth Sri Lanka rupee bond,2026-02-15,https://economynext.com/foreigners-buy-nearly-us30mn-worth-sri-lanka-rupee-bond-261094/,"Foreign holding in rupee bonds reaches 29-month high February 15, 2026"
EconomyNext,IMF Managing Director to visit Sri Lanka,2026-02-14,https://economynext.com/imf-managing-director-to-visit-sri-lanka-261079/,". February 14, 2026"
EconomyNext,EU stresses Sri Lanka for delivery on commitments for GSP+ survival,2026-02-13,https://economynext.com/eu-stresses-sri-lanka-for-delivery-on-commitments-for-gsp-survival-261058/,"Sri Lanka lost the GSP+ in 2010 over human rights abuses in the final phase of the war February 13, 2026"
EconomyNext,Sri Lanka Customs achieves 63-pct of February revenue target in first 12 days,2026-02-13,https://economynext.com/sri-lanka-customs-achieves-63-pct-of-february-revenue-target-in-first-12-days-261006/,"The Customs exceeded the 2025 target by 64-pct and Jan 2025 target by 45-pct February 13, 2026"
EconomyNext,"Sri Lankan women showcase island’s best in UK, from Ceylon Cinnamon to Scotch Bonnet",2026-02-13,https://economynext.com/sri-lankan-women-showcase-islands-best-in-uk-from-ceylon-cinnamon-to-scotch-bonnet-260948/,"Deepened UK-Sri Lanka collaboration supports first-ever women-focused trade delegation from Sri Lanka to the UK February 13, 2026"
EconomyNext,Sri Lanka extends EOI deadline on Canwill Holdings sale,2026-02-12,https://economynext.com/sri-lanka-extends-eoi-deadline-on-canwill-holdings-sale-260782/,"Sri Lanka hosted a pre-bid meeting this week for prospective investors. February 12, 2026"
EconomyNext,"Sri Lanka central bank warns of fines, imprisonment for breaking money monopoly",2026-02-12,https://economynext.com/sri-lanka-central-bank-warns-of-fines-imprisonment-for-breaking-money-monopoly-260745/,"Fines of up to Rs25mn for exercising liberities February 12, 2026"
EconomyNext,Prospective investor for Sri Lanka's Hyatt building shows interest in running casino,2026-02-11,https://economynext.com/prospective-investor-for-sri-lankas-hyatt-building-shows-interest-in-running-casino-260520/,"The bidder was asked to get independent legal advice February 11, 2026"
EconomyNext,Sri Lanka foreign reserves marginally down in Jan 2026,2026-02-10,https://economynext.com/sri-lanka-foreign-reserves-marginally-down-in-jan-2026-260398/,"In January the central bank bought 209.8 million dollars and sold 9.5 million dollars February 10, 2026"
EconomyNext,"Sri Lanka to remove para-tariffs cess, PAL: Deputy Minister",2026-02-10,https://economynext.com/sri-lanka-to-remove-para-tariffs-cess-pal-deputy-minister-260390/,"Abeysinghe's statement came after a third round of discussions with World Bank representatives February 10, 2026"
EconomyNext,"Sri Lanka, Japan to formalize economic policy dialogue with MoU",2026-02-10,https://economynext.com/sri-lanka-japan-to-formalize-economic-policy-dialogue-with-mou-260466/,"To promote and strengthen trade, investment and economic development February 10, 2026"
EconomyNext,"Sri Lanka to use $100mn of World Bank funds for Northern, Eastern province development",2026-02-10,https://economynext.com/sri-lanka-to-use-100mn-of-world-bank-funds-for-northern-eastern-province-development-260426/,"Cabinet approved proposal to allocate $100mn of $1,000mn financial support from World Bank February 10, 2026"
EconomyNext,ADB appoints Shannon Cowlin as Sri Lanka Country Director,2026-02-09,https://economynext.com/adb-appoints-shannon-cowlin-as-sri-lanka-country-director-260262/,"As Sri Lanka continues on its path to recovery, ADB remains firmly committed to assisting the nation in rebuilding February 9, 2026"
EconomyNext,Climate risk to become increasingly important sovereign rating driver: Fitch,2026-02-09,https://economynext.com/climate-risk-to-become-increasingly-important-sovereign-rating-driver-fitch-260212/,"Sri Lanka recently faced an extreme weather event February 9, 2026"
EconomyNext,Sri Lanka worker remittances up 31.1-pct to US$751.1mn in January 2026,2026-02-07,https://economynext.com/sri-lanka-worker-remittances-up-31-1-pct-to-us751-1mn-in-january-2026-260038/,"The remittances hit record monthly high in December last year, annual peak in 2025 February 7, 2026"
EconomyNext,Sri Lanka sets up investor call for bond holders,2026-02-07,https://economynext.com/sri-lanka-sets-up-investor-call-for-bond-holders-260028/,"To be held at 8:30 am Eastern Standard Time / 1:30 pm Greenwich Mean Time /7:00 pm Indian Standard Time, Feb 11 February 7, 2026"
EconomyNext,Sri Lanka’s foreign policy “anchored” in economic diplomacy: FM,2026-02-07,https://economynext.com/sri-lankas-foreign-policy-anchored-in-economic-diplomacy-fm-259987/,"Sri Lanka's past mishandling of foreign policy also has been a reason for 2022 economic crisis February 7, 2026"
EconomyNext,Sri Lanka's central bank makes unsterilized fx reserve sales of US$1.1bn to govt,2026-02-06,https://economynext.com/sri-lankas-central-bank-makes-unsterilized-fx-reserve-sales-of-us1-1bn-to-govt-259799/,"The central bank buys around US$1.7bn and sells around $1.2 showing it is running a de fact peg February 6, 2026"
EconomyNext,"World Bank officials visit Sri Lanka, review ongoing initiatives",2026-02-06,https://economynext.com/world-bank-officials-visit-sri-lanka-review-ongoing-initiatives-259898/,"To review ongoing World Bank-supported initiatives in Sri Lanka February 6, 2026"
EconomyNext,Sri Lanka central bank could have intervened if rates continued to go up: Governor,2026-02-04,https://economynext.com/sri-lanka-central-bank-could-have-intervened-if-rates-continued-to-go-up-governor-259719/,"Over January short term rates have come down February 4, 2026"
EconomyNext,Sri Lanka should focus more on trade with India to minimize risks,2026-02-04,https://economynext.com/sri-lanka-should-focus-more-on-trade-with-india-to-minimize-risks-259759/,"The short answer for Sri Lanka I think is that you know there is this risk of trade diversion February 4, 2026"
EconomyNext,Sri Lanka missed golden opportunities to steer country in right direction: President,2026-02-04,https://economynext.com/sri-lanka-missed-golden-opportunities-to-steer-country-in-right-direction-president-259710/,"""This time, however, we are determined not to repeat those mistakes."" February 4, 2026"
EconomyNext,Sri Lanka current account surplus $1.7bn amid debt repayments,2026-02-03,https://economynext.com/sri-lanka-current-account-surplus-1-7bn-amid-debt-repayments-259614/,"A current account deficit is indicative of outflows through the financial account February 3, 2026"
EconomyNext,Sri Lanka sets up tax policy analysis unit,2026-02-03,https://economynext.com/sri-lanka-sets-up-tax-policy-analysis-unit-259602/,"In keeping with the International Monetary Fund's recommendations. February 3, 2026"
EconomyNext,Sri Lanka vehicle imports top US$2.0bn in 2025,2026-02-02,https://economynext.com/sri-lanka-vehicle-imports-top-us2-0bn-in-2025-259581/,"The country relaxed import restrictions early 2025 February 2, 2026"
EconomyNext,Sri Lanka relaxes night shift ban for women workers,2026-02-02,https://economynext.com/sri-lanka-relaxes-night-shift-ban-for-women-workers-259576/,"The move expects to boost women participation in labour force By By Sanchitha Paranagama February 2, 2026"
EconomyNext,"EXPLAINER – What does plunge in global gold, silver price mean for Sri Lanka?",2026-02-02,https://economynext.com/explainer-what-does-plunge-in-global-gold-silver-price-mean-for-sri-lanka-259561/,"Gold prices fell 11 percent, Silver plummeted up to 35 percent last Friday February 2, 2026"
EconomyNext,Sri Lanka Customs outperforms in January; exceeds revenue target by 45-pct,2026-02-02,https://economynext.com/sri-lanka-customs-outperforms-in-january-exceeds-revenue-target-by-45-pct-259559/,"The government has set 2,207 billion rupee target for Customs in 2026, less than last year February 2, 2026"
EconomyNext,Sri Lanka eyes $25mn from UN disaster loss fund for cyclone recovery,2026-02-01,https://economynext.com/sri-lanka-eyes-25mn-from-un-disaster-loss-fund-for-cyclone-recovery-259515/,"Fund for Responding to Loss and Damage is opening for applications February 1, 2026"
EconomyNext,"Sri Lanka inflation 2.3-pct in January 2026, food prices spike",2026-01-31,https://economynext.com/sri-lanka-inflation-2-3-pct-in-january-2026-food-prices-spike-259503/,"Year-on-year food inflation accelerated to 3.3 percent in January from 3.0 percent in December. January 31, 2026"
EconomyNext,Sri Lanka signs deal with RPCs to increase estate sector wage,2026-01-30,https://economynext.com/sri-lanka-signs-deal-with-rpcs-to-increase-estate-sector-wage-259450/,"This would bring the total daily wage to 1,750 rupees. January 30, 2026"
EconomyNext,Sri Lanka’s private sector credit slows in December: CB official,2026-01-30,https://economynext.com/sri-lankas-private-sector-credit-slows-in-december-cb-official-259401/,"Credit growth slows to 25.2-pct in December from 26-pct in previous month January 30, 2026"
EconomyNext,Sri Lanka central bank to continue dollar purchases in January,2026-01-30,https://economynext.com/sri-lanka-central-bank-to-continue-dollar-purchases-in-january-259424/,"“You can see that is continuing this month as well.” By By Ranul Seneviratne January 30, 2026"
EconomyNext,Sri Lanka may get over U$700mn in IMF double review,2026-01-30,https://economynext.com/sri-lanka-may-get-over-u700mn-in-imf-double-review-259409/,"Combining reviews is a ""live discussion"" January 30, 2026"
EconomyNext,IMF MD to visit Sri Lanka on her Asian tour,2026-01-29,https://economynext.com/imf-md-to-visit-sri-lanka-on-her-asian-tour-259390/,"Sri Lanka has yet to receive the sixth tranche of the US$3bn EFF January 29, 2026"
EconomyNext,"Sri Lanka offers grants, low interest loans for businesses hit by Cyclone Ditwah",2026-01-29,https://economynext.com/sri-lanka-offers-grants-low-interest-loans-for-businesses-hit-by-cyclone-ditwah-259303/,"Grants of 25,000 to 200,000 rupees, up to 5 million rupees, and low interest loans for enterprises affected by Cyclone January 29, 2026"
EconomyNext,Sri Lanka IRD launches special field program to broaden tax base,2026-01-28,https://economynext.com/sri-lanka-ird-launches-special-field-program-to-broaden-tax-base-259261/,"Programme expects to address non tax compliance January 28, 2026"
EconomyNext,Sri Lanka reaches deal with IMF to continue EFF without any changes,2026-01-28,https://economynext.com/sri-lanka-reaches-deal-with-imf-to-continue-eff-without-any-changes-259218/,"Sixth tranche is delayed with the delay in conclusion of fifth review January 28, 2026"
EconomyNext,IMF staff concludes Sri Lanka visit; says to discuss policies for next EFF review,2026-01-28,https://economynext.com/imf-staff-concludes-sri-lanka-visit-says-to-discuss-policies-for-next-eff-review-259204/,"No comments on fifth review or sixth tranche under EFF January 28, 2026"
EconomyNext,"Sri Lanka's Central Bank keeps its OPR unchanged at 7.75, as expected",2026-01-28,https://economynext.com/sri-lankas-central-bank-keeps-its-opr-unchanged-at-7-75-as-expected-259171/,"Rise in inflation is due to supply shortage of food, say Central Bank January 28, 2026"
EconomyNext,"Sri Lanka exports rise 6.32-pct in 2025, helped by coconut and boat building",2026-01-26,https://economynext.com/sri-lanka-exports-rise-6-32-pct-in-2025-helped-by-coconut-and-boat-building-258904/,"Merchandise exports for December 2025 rose 5.88 percent, compared to the same period in 2024, to 1,163.66 million dollar January 26, 2026"
EconomyNext,"Gold prices surge above $5,000 amid central bank and speculative demand",2026-01-26,https://economynext.com/gold-prices-surge-above-5000-amid-central-bank-and-speculative-demand-258857/,"Silver also rallied with prices 3 percent to 106.1 per ounce January 26, 2026"
EconomyNext,"Sri Lanka services exports up 2.79-pct in 2025, helped by BPM, logistics",2026-01-26,https://economynext.com/sri-lanka-services-exports-up-2-79-pct-in-2025-helped-by-bpm-logistics-258949/,"However, in December 2025, services export earnings fell by 2.47 percent, recording 323.89 million dollars. January 26, 2026"
EconomyNext,Sri Lanka expands protectionism into FDI,2026-01-25,https://economynext.com/sri-lanka-expands-protectionism-into-fdi-258816/,"Rising demand for products like chips push up husk prices By By Ranul Seneviratne January 25, 2026"
EconomyNext,Sri Lanka needs to balance SME support and banking stability: Think tank,2026-01-24,https://economynext.com/sri-lanka-needs-to-balance-sme-support-and-banking-stability-think-tank-258808/,"Calling for intervention in market mechanisms that govern financial and credit markets could worsen problems January 24, 2026"
EconomyNext,Sri Lanka Customs exceeds January 2026 revenue target in first 22 days,2026-01-23,https://economynext.com/sri-lanka-customs-exceeds-january-2026-revenue-target-in-first-22-days-258781/,"The revenue has exceeded this month's target by 9.5-pct in the first 22 days January 23, 2026"
EconomyNext,Sri Lankans need to retain memory on causes of crisis to prevent another: Indian economist,2026-01-23,https://economynext.com/sri-lankans-need-to-retain-memory-on-causes-of-crisis-to-prevent-another-indian-economist-258793/,"Cites examples of Germany, the U.S., and China January 23, 2026"
EconomyNext,Sri Lanka Customs slaps penalty tax on Rolls Royce Phantom over model gap: sources,2026-01-21,https://economynext.com/sri-lanka-customs-slaps-penalty-tax-on-rolls-royce-phantom-over-model-gap-sources-258460/,"A Rs.70 million penalty was imposed after length, wheel base are found larger than importer declared model: source January 21, 2026"
EconomyNext,Sri Lanka central bank to give inflation report after providing pre-1980s stability,2026-01-21,https://economynext.com/sri-lanka-central-bank-to-give-inflation-report-after-providing-pre-1980s-stability-258303/,"More exceptionally great performance January 21, 2026"
EconomyNext,Sri Lanka earns Rs904bn from vehicle imports in 2025,2026-01-21,https://economynext.com/sri-lanka-earns-rs904bn-from-vehicle-imports-in-2025-258285/,"Import bans on cars after money printing has repeated led to more printing and worse currency troubles January 21, 2026"
EconomyNext,"Vietnam kicks off Party Congress, aiming for 10-pct tech driven green GDP growth",2026-01-20,https://economynext.com/vietnam-kicks-off-party-congress-aiming-for-10-pct-tech-driven-green-gdp-growth-258251/,"Vietnam's future will be in technology led growth to create a greener economy with more private investment January 20, 2026"
EconomyNext,Sri Lanka changes gem border tax to regain lost international hub,2026-01-20,https://economynext.com/sri-lanka-changes-gem-border-tax-to-regain-lost-international-hub-258124/,"We saw that our gem industry was slowly moving out of Sri Lanka and was shifting to other countries By By Ranul Seneviratne January 20, 2026"
EconomyNext,Sri Lanka kills off attempt to defuse unfunded pension fiscal time bomb,2026-01-20,https://economynext.com/sri-lanka-kills-off-attempt-to-defuse-unfunded-pension-fiscal-time-bomb-258265/,"The contributory pension fund was intended to ward off a unfunded fiscal bomb January 20, 2026"
EconomyNext,Sri Lanka’s environmental impact assessment data unreliable: CSF report,2026-01-20,https://economynext.com/sri-lankas-environmental-impact-assessment-data-unreliable-csf-report-258187/,"Making EIAs unreliable for decision-makers and investors to consider and use January 20, 2026"
EconomyNext,"Sri Lanka sees 10,785 new active credit cards in November 2025",2026-01-19,https://economynext.com/sri-lanka-sees-10785-new-active-credit-cards-in-november-2025-258089/,"Active credit cards have expanded by 6.8-pct in the first 11 months of 2025 January 19, 2026"
EconomyNext,"Sri Lanka Treasury bill yields edge up, breaking ramrod rate anomaly",2026-01-19,https://economynext.com/sri-lanka-treasury-bill-yields-edge-up-breaking-ramrod-rate-anomaly-257923/,"Prime lending rate down in the second week of January January 19, 2026"
EconomyNext,Sri Lanka services activities expand in Dec 2025 driven by wholesale and retail trade: PMI,2026-01-18,https://economynext.com/sri-lanka-services-activities-expand-in-dec-2025-driven-by-wholesale-and-retail-trade-pmi-257765/,"Buoyed by robust performance across most of the sectors January 18, 2026"
EconomyNext,"Trump to charge 25-pct tariff on Denmark, UK six European nations over Greenland",2026-01-18,https://economynext.com/trump-to-charge-25-pct-tariff-on-denmark-uk-six-european-nations-over-greenland-257869/,"Tariffs will start at 10-pct from Feb 01, Trump says January 18, 2026"
EconomyNext,Sri Lanka trying to get ADB credit early on Ditwah,2026-01-17,https://economynext.com/sri-lanka-trying-to-get-adb-credit-early-on-ditwah-257686/,"""This loan was expected in September, but the government is in discussions to get it by the middle of this year. January 17, 2026"
EconomyNext,Vietnam to hold 14th Party Congress four decades after Doi Moi as a $514bn economy,2026-01-17,https://economynext.com/vietnam-to-hold-14th-party-congress-four-decades-after-doi-moi-as-a-514bn-economy-257819/,"New growth model based on science and technology January 17, 2026"
EconomyNext,"Sri Lanka central bank net foreign exchange reserves down, swaps up, before cyclone",2026-01-17,https://economynext.com/sri-lanka-central-bank-net-foreign-exchange-reserves-down-swaps-up-before-cyclone-257776/,"Swaps monetize dollars balance of banks, boosting domestic credit and imports January 17, 2026"
EconomyNext,Sri Lanka manufacturing expands in Dec 2025 supported by seasonal demand: PMI,2026-01-17,https://economynext.com/sri-lanka-manufacturing-expands-in-dec-2025-supported-by-seasonal-demand-pmi-257756/,"Despite adverse weather-related disruptions experienced at the beginning of the month. January 17, 2026"
EconomyNext,IMF team to visit Sri Lanka to assess cyclone impact and re-start EFF,2026-01-16,https://economynext.com/imf-team-to-visit-sri-lanka-to-assess-cyclone-impact-and-re-start-eff-257515/,"The IMF team will explore how it can best assist Sri Lanka in its recovery efforts, including by resuming the EFF January 16, 2026"
EconomyNext,Sri Lanka business chambers submit proposals to national electricity policy,2026-01-16,https://economynext.com/sri-lanka-business-chambers-submit-proposals-to-national-electricity-policy-257521/,"The provisions allowing uncompensated curtailment January 16, 2026"
EconomyNext,Sri Lanka 'absolutely fantastic opportunity' with sensible central bank: Foreign Investor,2026-01-16,https://economynext.com/sri-lanka-absolutely-fantastic-opportunity-with-sensible-central-bank-foreign-investor-257536/,"Capital cycle theory has relevance to boom-bust countries January 16, 2026"
EconomyNext,"Sri Lanka eyeing foreign labour as construction recovery triggers 20,000 shortfall",2026-01-16,https://economynext.com/sri-lanka-eyeing-foreign-labour-as-construction-recovery-triggers-20000-shortfall-257671/,"""There a large number of youth in villages waiting for jobs. On the other hand there are vacancies in the construction"" By By Ranul Seneviratne Januar..."
EconomyNext,CHEC Port City to invest $300mn more in Sri Lanka SEZ,2026-01-15,https://economynext.com/chec-port-city-to-invest-300mn-more-in-sri-lanka-sez-257494/,"CHEC Port City Colombo has already invested 1.25 billion US dollars January 15, 2026"
EconomyNext,Sri Lanka Customs achieves 66-pct of January revenue target in first 13 days,2026-01-14,https://economynext.com/sri-lanka-customs-achieves-66-pct-of-january-revenue-target-in-first-13-days-257449/,"Last year, Customs outperformed in achieving revenue target January 14, 2026"
EconomyNext,India's IRCON begins re-building Sri Lanka cyclone hit North rail track,2026-01-14,https://economynext.com/indias-ircon-begins-re-building-sri-lanka-cyclone-hit-north-rail-track-257388/,"India is giving a grant of 5 million dollars to rebuild the track January 14, 2026"
EconomyNext,Trump to charge 25-pct tax on Iran trade partners as Sri Lanka tea prices fall,2026-01-13,https://economynext.com/trump-to-charge-25-pct-tax-on-iran-trade-partners-as-sri-lanka-tea-prices-fall-257214/,"Iran crackdown after currency collapse has led to hundreds of protestors being killed January 13, 2026"
EconomyNext,12 private banks apply to join Sri Lanka's 3-pct Ditwah loan scheme,2026-01-12,https://economynext.com/12-private-banks-apply-to-join-sri-lankas-3-pct-ditwah-loan-scheme-257066/,"""Private banks also have customers who are affected,"" January 12, 2026"
EconomyNext,"Sri Lanka electricity price hike request on a depreciated rupee as oil, coal prices fall",2026-01-12,https://economynext.com/sri-lanka-electricity-price-hike-request-on-a-depreciated-rupee-as-oil-coal-prices-fall-256953/,"Renewable energy investors also cannot work with the uncertainty of the flexible exchange rate January 12, 2026"
EconomyNext,Sri Lanka to get 15 more Bailey Bridges from India to connect Cyclone hit highways,2026-01-11,https://economynext.com/sri-lanka-to-get-15-more-bailey-bridges-from-india-to-connect-cyclone-hit-highways-256929/,"Projects in other areas will also be launched in the coming days January 11, 2026"
EconomyNext,Sri Lanka private credit surges to new high of Rs262bn in November,2026-01-11,https://economynext.com/sri-lanka-private-credit-surges-to-new-high-of-rs262bn-in-november-256922/,"Net credit to government from banks fell by Rs103bn to Rs6,262bn in November 2025 January 11, 2026"
EconomyNext,Sri Lanka worker remittances up 43.2-pct to record high in December 2025,2026-01-10,https://economynext.com/sri-lanka-worker-remittances-up-43-2-pct-to-record-high-in-december-2025-256913/,"The country also saw all time peak remittances in 2025 January 10, 2026"
EconomyNext,"Sri Lanka central bank buys US$250mn in Dec, depreciating rupee : analysis",2026-01-10,https://economynext.com/sri-lanka-central-bank-buys-us250mn-in-dec-depreciating-rupee-analysis-256876/,"Rupee depreciated due to flaw in IMF program January 10, 2026"
EconomyNext,Sri Lanka to get US$350mn equivalent cyclone aid in Indian rupees,2026-01-09,https://economynext.com/sri-lanka-to-get-us350mn-equivalent-cyclone-aid-in-indian-rupees-256668/,"The assistance will be multi-pronged, assisting Sri Lanka in sectors that are the worst hit January 9, 2026"
EconomyNext,Sri Lanka Expo 2026 targets 1500 foreign buyers and investors,2026-01-09,https://economynext.com/sri-lanka-expo-2026-targets-1500-foreign-buyers-and-investors-256832/,"The Expo will be held from June 18 to 21 January 9, 2026"
EconomyNext,Sri Lanka cash short banks borrow Rs48bn in central bank credit,2026-01-09,https://economynext.com/sri-lanka-cash-short-banks-borrow-rs48bn-in-central-bank-credit-256749/,"Sri Lanka last worst disaster had led to a currency appreciation not depreciation as credit slowed January 9, 2026"
EconomyNext,Sri Lanka government explains central bank’s 5-pct inflation target,2026-01-08,https://economynext.com/sri-lanka-government-explains-central-banks-5-pct-inflation-target-256595/,"“To a developing and open economy like Sri Lanka a 5 percent inflation target is most suited By By Ranul Seneviratne January 8, 2026"
EconomyNext,Sri Lanka central bank to review inflation target with government in 2026,2026-01-08,https://economynext.com/sri-lanka-central-bank-to-review-inflation-target-with-government-in-2026-256551/,"The central bank had asked for a 5 percent floor target and 7 percent ceiling from the last administration and got it. ... January 8, 2026"
EconomyNext,Sri Lanka’s 2026 economic growth will be around 4-5 percent: CB Governor,2026-01-08,https://economynext.com/sri-lankas-2026-economic-growth-will-be-around-4-5-percent-cb-governor-256543/,"Central Bank announces its policy agenda for 2026 January 8, 2026"
EconomyNext,Sri Lanka foreign reserves rise to $6.8bn in December,2026-01-08,https://economynext.com/sri-lanka-foreign-reserves-rise-to-6-8bn-in-december-256531/,"November data was revised up slightly to 6,034 million dollars January 8, 2026"
EconomyNext,"US$1.2bn in projects to start in Sri Lanka's Port City, $732mn awaiting nod",2026-01-08,https://economynext.com/us1-2bn-in-projects-to-start-in-sri-lankas-port-city-732mn-awaiting-nod-256510/,"About 732 million in investment applications were awaiting approvals January 8, 2026"
EconomyNext,Sri Lanka Port City Law to give 15-year tax holiday for billion dollar investments,2026-01-08,https://economynext.com/sri-lanka-port-city-law-to-give-15-year-tax-holiday-for-billion-dollar-investments-256415/,"We have introduced criteria based on investment volume and the number of jobs created January 8, 2026"
EconomyNext,"Sri Lanka Customs sets 2026 revenue target at Rs2,207bn, less than last year",2026-01-07,https://economynext.com/sri-lanka-customs-sets-2026-revenue-target-at-rs2207bn-less-than-last-year-256341/,"Revenue from vehicle imports estimated to fall by around 70% in 2026 compared to last year January 7, 2026"
EconomyNext,"Sri Lanka central government debt falls to 93.1-pct by Sept, despite depreciation",2026-01-07,https://economynext.com/sri-lanka-central-government-debt-falls-to-93-1-pct-by-sept-despite-depreciation-256135/,"The rupee has since depreciated to 310 to the US dollar January 7, 2026"
EconomyNext,Sri Lanka looking at providing regular pension through EPF: Deputy Labour Minister,2026-01-06,https://economynext.com/sri-lanka-looking-at-providing-regular-pension-through-epf-deputy-labour-minister-256012/,"We are looking at whether it is possible to provide a pension January 6, 2026"
EconomyNext,Sri Lanka budget deficit to rise 1.4-pct in 2026 on Cyclone spending,2026-01-06,https://economynext.com/sri-lanka-budget-deficit-to-rise-1-4-pct-in-2026-on-cyclone-spending-255934/,"Capex to rise 1-pct of GDP and current spending by 0.4-pct January 6, 2026"
EconomyNext,Fixing Sri Lanka's cyclone hit railway tracks to cost over US$330mn : Deputy Minister,2026-01-06,https://economynext.com/fixing-sri-lankas-cyclone-hit-railway-tracks-to-cost-over-us330mn-deputy-minister-256054/,"The Nanu Oya to Badulla track, alone was estimated to cost around US$127mn to fix January 6, 2026"
EconomyNext,Sri Lanka's Kandy underpass contract to NEM for Rs699mn,2026-01-06,https://economynext.com/sri-lankas-kandy-underpass-contract-to-nem-for-rs699mn-256064/,"The contract was awarded after calling competitive tenders January 6, 2026"
EconomyNext,Sri Lanka records highest remittances of around US$7.8bn last year : Minister,2026-01-05,https://economynext.com/sri-lanka-records-highest-remittances-of-around-us7-8bn-last-year-minister-255855/,"Minister says Sri Lankan expatriates have sent more remittances due to confidence January 5, 2026"
EconomyNext,"US will face big mess if attempts made to 'run' inflating Venezuela, economist says",2026-01-04,https://economynext.com/us-will-face-big-mess-if-attempts-made-to-run-inflating-venezuela-economist-says-255739/,"Venezuela hasn’t even reported its official inflation figures since October 2024. Lots of luck January 4, 2026"
EconomyNext,"Sri Lanka Customs collects Rs2,551bn in 2025 despite December setback",2026-01-02,https://economynext.com/sri-lanka-customs-collects-rs2551bn-in-2025-despite-december-setback-255492/,"It has collected Rs. 436 bn over the 2025 target January 2, 2026"
EconomyNext,Sri Lanka’s coconut export revenue crosses USD 1 bn in Jan-Oct last year: Ministry,2026-01-02,https://economynext.com/sri-lankas-coconut-export-revenue-crosses-usd-1-bn-in-jan-oct-last-year-ministry-255602/,"Government targets USD 2.5 bn from export of coconut products by 2030 January 2, 2026"
EconomyNext,Sri Lanka current forex inflows US$504mn above imports in Nov,2026-01-02,https://economynext.com/sri-lanka-current-forex-inflows-us504mn-above-imports-in-nov-255529/,"Intermediate imports down January 2, 2026"
EconomyNext,"Sri Lanka current account surplus $82mn in Nov 2025, rupee falls faster",2026-01-01,https://economynext.com/sri-lanka-current-account-surplus-82mn-in-nov-2025-rupee-falls-faster-255438/,"Imports fall steeply in November compared to October January 1, 2026"
EconomyNext,Sri Lanka construction increases in November 2025: PMI,2026-01-01,https://economynext.com/sri-lanka-construction-increases-in-november-2025-pmi-255414/,"Firms reported improved construction activity during the month, despite the weather-related disruptions towards the end January 1, 2026"
EconomyNext,Sri Lanka President warns of challenges ahead in new year message,2026-01-01,https://economynext.com/sri-lanka-president-warns-of-challenges-ahead-in-new-year-message-255397/,"Dawn of a new year offers us an opportunity to reflect on the lessons of the past while planning afresh with optimism January 1, 2026"
EconomyNext,Sri Lanka's central bank closes its public debt department,2026-01-01,https://economynext.com/sri-lankas-central-bank-closes-its-public-debt-department-255402/,"Public Debt Management Office (PDMO) was established within the Ministry of Finance January 1, 2026"
EconomyNext,"Sri Lanka total imports down in Nov, car imports US$1.3bn in 11 months",2026-01-01,https://economynext.com/sri-lanka-total-imports-down-in-nov-car-imports-us1-3bn-in-11-months-255489/,". January 1, 2026"
EconomyNext,Sri Lanka customs earn Rs870bn from vehicle imports in 2025,2025-12-31,https://economynext.com/sri-lanka-customs-earn-rs870bn-from-vehicle-imports-in-2025-255249/,"We think we can reach 2,540 billion rupees December 31, 2025"
EconomyNext,Sri Lanka interest rates rise over 2025 reducing default risks,2025-12-31,https://economynext.com/sri-lanka-interest-rates-rise-over-2025-reducing-default-risks-255134/,"Prime lending rates back to pre-rate cut levels December 31, 2025"
EconomyNext,"Sri Lanka inflation 2.1-pct in 2025, food prices spike in Dec",2025-12-31,https://economynext.com/sri-lanka-inflation-2-1-pct-in-2025-food-prices-spike-in-dec-255388/,"Sri Lanka's consumer prices have risen 3.4-pct over 39-months from September 2022 December 31, 2025"
EconomyNext,"Sri Lanka 2025: A Year of Recovery, Reforms, and Ruin",2025-12-31,https://economynext.com/sri-lanka-2025-a-year-of-recovery-reforms-and-ruin-255365/,"Sri Lanka's economic recovery is challenged by Ditwah devastation in 2025 December 31, 2025"
EconomyNext,Sri Lanka to give 3-pct cyclone recovery loans for businesses,2025-12-30,https://economynext.com/sri-lanka-to-give-3-pct-cyclone-recovery-loans-for-businesses-255050/,"The loans will be provided by commercial banks December 30, 2025"
EconomyNext,Sri Lanka to send more workers to Israel,2025-12-30,https://economynext.com/sri-lanka-to-send-more-workers-to-israel-255061/,"""Israel has expressed its willingness to recruit Sri Lankan workers for employment in commercial and services sectors December 30, 2025"
EconomyNext,"Sri Lanka SEC explores Infrastructure, Municipal Bonds",2025-12-30,https://economynext.com/sri-lanka-sec-explores-infrastructure-municipal-bonds-255029/,"Govt allocates significant funds for public investment. some of which could be replaced by new tools December 30, 2025"
EconomyNext,Sri Lanka govt debt grows at double the pace of budget deficit amid depreciation,2025-12-30,https://economynext.com/sri-lanka-govt-debt-grows-at-double-the-pace-of-budget-deficit-amid-depreciation-254995/,". December 30, 2025"
EconomyNext,Foreigners sell Sri Lanka rupee bonds as investors shift funds into safe havens,2025-12-29,https://economynext.com/foreigners-sell-sri-lanka-rupee-bonds-as-investors-shift-funds-into-safe-havens-254989/,"Sri Lanka has witnessed over USD 230 million inflows into rupee bonds this year December 29, 2025"
EconomyNext,"Sri Lanka sees 16,039 new active credit cards in October 2025",2025-12-29,https://economynext.com/sri-lanka-sees-16039-new-active-credit-cards-in-october-2025-254898/,"Growth comes amid strong recovery from 2022 economic crisis December 29, 2025"
EconomyNext,"Sri Lanka vehicle sales down 50-pct after Ditwah importers say, seeking penalty relief",2025-12-29,https://economynext.com/sri-lanka-vehicle-sales-down-50-pct-after-ditwah-importers-say-seeking-penalty-relief-254847/,"Customers have come to us asking for their advances back December 29, 2025"
EconomyNext,"Sri Lanka budget deficit down 73-pct, current account Rs304bn in surplus to Nov",2025-12-28,https://economynext.com/sri-lanka-budget-deficit-down-73-pct-current-account-rs304bn-in-surplus-to-nov-254843/,"Budget current account is surplus to November December 28, 2025"
EconomyNext,"Bentley, Ferrari and Maybachs costing up to Rs300mn registered in Sri Lanka",2025-12-28,https://economynext.com/bentley-ferrari-and-maybachs-costing-up-to-rs300mn-registered-in-sri-lanka-254827/,"Sri Lanka has one of the highest rates of vehicle tax in the world December 28, 2025"
EconomyNext,Sri Lanka Christmas cake inflation 4.4-pct in 2025 amid rupee depreciation,2025-12-25,https://economynext.com/sri-lanka-christmas-cake-inflation-4-4-pct-in-2025-amid-rupee-depreciation-254652/,"Inflation measured by the world's most delicious, decadent and interesting Christmas cake moves up December 25, 2025"
EconomyNext,Sri Lanka's regional economic disparities narrow: central bank,2025-12-24,https://economynext.com/sri-lankas-regional-economic-disparities-narrow-central-bank-254593/,"While Western province continued to hold largest footprint in country’s nominal GDP, 
other provinces combined grew December 24, 2025"
EconomyNext,"Gold, silver price surge after Fed halted quantity tightening",2025-12-24,https://economynext.com/gold-silver-price-surge-after-fed-halted-quantity-tightening-254548/,"Gold hit 4,475 to the ounce, up from 20 dollars when the Fed was created December 24, 2025"
EconomyNext,IMF revises down Sri Lanka reserve projections for 2025 and 2026,2025-12-24,https://economynext.com/imf-revises-down-sri-lanka-reserve-projections-for-2025-and-2026-254553/,". December 24, 2025"
EconomyNext,Foreigners buy Sri Lanka rupee bonds amid currency fall,2025-12-23,https://economynext.com/foreigners-buy-sri-lanka-rupee-bonds-amid-currency-fall-254525/,"Sri Lanka has witnessed o erf USD 238 million worth foreign inflows into rupee bonds this year December 23, 2025"
EconomyNext,India commits US$450mn to Sri Lanka after Cyclone Ditwah,2025-12-23,https://economynext.com/india-commits-us450mn-to-sri-lanka-after-cyclone-ditwah-254474/,"Announces $100mn in grants December 23, 2025"
EconomyNext,"Asia-Pacific sovereigns outlook ‘Neutral’ for 2026, reflecting resilience: Fitch",2025-12-23,https://economynext.com/asia-pacific-sovereigns-outlook-neutral-for-2026-reflecting-resilience-fitch-254470/,"Geopolitical risk is likely to remain heightened in 2026, while domestic political pressures could also flare up again, December 23, 2025"
EconomyNext,Sri Lanka Cyclone Ditwah damage estimated at US$4.1bn,2025-12-22,https://economynext.com/sri-lanka-cyclone-ditwah-damage-estimated-at-us4-1bn-254421/,"Damage to railways estimated at US$1.7bn December 22, 2025"
EconomyNext,Sri Lanka should sell debt with disaster clauses : think tank,2025-12-22,https://economynext.com/sri-lanka-should-sell-debt-with-disaster-clauses-think-tank-254393/,"Climate Resilient Debt Clauses (CRDCs) allow automatic postponement of debt service December 22, 2025"
EconomyNext,"Donor agencies commit $350mn for Sri Lanka after cyclone, more expected",2025-12-22,https://economynext.com/donor-agencies-commit-350mn-for-sri-lanka-after-cyclone-more-expected-254375/,"President has said $500mn could be expected December 22, 2025"
EconomyNext,Global academics call for Sri Lanka to default again after Ditwah,2025-12-22,https://economynext.com/global-academics-call-for-sri-lanka-to-default-again-after-ditwah-254271/,"Top names include Joseph Stiglitz and Stephanie Kelton December 22, 2025"
EconomyNext,"Sri Lanka to spend Rs1,000bn on Ditwah recovery over three years",2025-12-21,https://economynext.com/sri-lanka-to-spend-rs1000bn-on-ditwah-recovery-over-three-years-254161/,"About 600 billion rupees in 2025 and 300-350 billion in 2025 December 21, 2025"
EconomyNext,Sri Lanka Cyclone output shock likely to be offset by 'broken window fallacy' effect,2025-12-21,https://economynext.com/sri-lanka-cyclone-output-shock-likely-to-be-offset-by-broken-window-fallacy-effect-254220/,"Growth to be hit in the short term December 21, 2025"
EconomyNext,Sri Lanka to seek central bank dollars for debt repayment if IMF tranche delayed,2025-12-21,https://economynext.com/sri-lanka-to-seek-central-bank-dollars-for-debt-repayment-if-imf-tranche-delayed-254165/,"IMF team due in January for discuss revised review December 21, 2025"
EconomyNext,Sri Lanka to compensate rice farmers above financial loss for pain of mind,2025-12-20,https://economynext.com/sri-lanka-to-compensate-rice-farmers-above-financial-loss-for-pain-of-mind-254143/,"Financial loss of a young rice field may be about 80,000 rupees December 20, 2025"
EconomyNext,"Sri Lanka to get 3-year grace for $206mn emergency IMF loan, base rate 3.27-pct",2025-12-20,https://economynext.com/sri-lanka-to-get-3-year-grace-for-206mn-emergency-imf-loan-base-rate-3-27-pct-254112/,". December 20, 2025"
EconomyNext,IMF approves US$206mn emergency loan for Sri Lanka,2025-12-19,https://economynext.com/imf-approves-us206mn-emergency-loan-for-sri-lanka-254078/,"RFI approval comes after Sri Lanka requested it following the disaster December 19, 2025"
EconomyNext,"Sri Lanka to use Rs1.2trn cash buffer for cyclone relief, $500mn foreign funds",2025-12-19,https://economynext.com/sri-lanka-to-use-rs1-2trn-cash-buffer-for-cyclone-relief-500mn-foreign-funds-254024/,"The Treasury cash buffer had expanded to 1,202 billion rupees by November 2025 December 19, 2025"
EconomyNext,"Sri Lanka central bank buys $90mn in November, rupee depreciates",2025-12-19,https://economynext.com/sri-lanka-central-bank-buys-90mn-in-november-rupee-depreciates-253901/,"Under a flexible exchange rate regime, an extreme soft-peg there is both monetary and exchange rate policy mix December 19, 2025"
EconomyNext,Sri Lanka to spend Rs115bn on slope protection of key roads after cyclone: Deputy Minister,2025-12-18,https://economynext.com/sri-lanka-to-spend-rs115bn-on-slope-protection-of-key-roads-after-cyclone-deputy-minister-253747/,"About 40 bridges have been damaged and 18 were major bridges December 18, 2025"
EconomyNext,"Sri Lanka to breach 2026 primary spending limit, but keep IMF debt targets: Minister",2025-12-18,https://economynext.com/sri-lanka-to-breach-2026-primary-spending-limit-but-keep-imf-debt-targets-minister-253674/,"We are exceeding the target because it is an emergency December 18, 2025"
EconomyNext,IMF meeting on Sri Lanka Rapid Finance loan on Dec 19,2025-12-17,https://economynext.com/imf-meeting-on-sri-lanka-rapid-finance-loan-on-dec-19-253526/,"An IMF team is also expected in January for discussions on completing the review December 17, 2025"
EconomyNext,Sri Lanka Malwathu Oya hydro project cost inflate 106-pct over 6 years,2025-12-17,https://economynext.com/sri-lanka-malwathu-oya-hydro-project-cost-inflate-106-pct-over-6-years-253489/,"The revised cost of the project submitted to cabinet in December 2025 was 47.18 billion rupees December 17, 2025"
EconomyNext,Sri Lanka 9-month GDP in 2025 almost at pre-crisis level with no inflation,2025-12-17,https://economynext.com/sri-lanka-9-month-gdp-in-2025-almost-at-pre-crisis-level-with-no-inflation-253572/,". December 17, 2025"
EconomyNext,Sri Lanka key revenue agencies to exceed tax targets by Rs400bn: Minister,2025-12-17,https://economynext.com/sri-lanka-key-revenue-agencies-to-exceed-tax-targets-by-rs400bn-minister-253625/,"Customs revenues may exceed target by Rs350bn December 17, 2025"
EconomyNext,Sri Lanka to sign MOU to improve employability in Japan,2025-12-16,https://economynext.com/sri-lanka-to-sign-mou-to-improve-employability-in-japan-253460/,"The MOU will see training for Sri Lankans in internationally recognised technological and professional subjects December 16, 2025"
EconomyNext,Sri Lanka gets $200mn loan from Asian Development Bank,2025-12-16,https://economynext.com/sri-lanka-gets-200mn-loan-from-asian-development-bank-253437/,"Money to continue the Mahaweli Water Security Investment Program (MWSIP) – Stage 2 December 16, 2025"
EconomyNext,Sri Lanka services activities expands at slower rate in November: PMI,2025-12-16,https://economynext.com/sri-lanka-services-activities-expands-at-slower-rate-in-november-pmi-253433/,"“The accommodation, food, and beverage services were the primary drivers of expansion.” December 16, 2025"
EconomyNext,Sri Lanka manufacturing expands at slower rate in Nov 2025: PMI,2025-12-16,https://economynext.com/sri-lanka-manufacturing-expands-at-slower-rate-in-nov-2025-pmi-253424/,"iIthe food and beverages sector, and the textiles and apparel sector. December 16, 2025"
EconomyNext,"Sri Lanka will rebuild stronger after cyclone devastation, Rs500bn extra spend : Minister",2025-12-16,https://economynext.com/sri-lanka-will-rebuild-stronger-after-cyclone-devastation-rs500bn-extra-spend-minister-253328/,"When we reconstruct, we have to make build something that is better than what it was December 16, 2025"
EconomyNext,Sri Lanka to co-host 2026 Asian Debt Management Conference,2025-12-16,https://economynext.com/sri-lanka-to-co-host-2026-asian-debt-management-conference-253453/,"Officials from ADB’s member countries will take part in the conference December 16, 2025"
EconomyNext,Sri Lanka economy grows 5.4-pct in 2025 third quarter,2025-12-15,https://economynext.com/sri-lanka-economy-grows-5-4-pct-in-2025-third-quarter-253280/,"Expanding private credit has led to a 'striking growth' in the financial sector December 15, 2025"
EconomyNext,"Sri Lanka budget deficit halves in October, rupee depreciates",2025-12-15,https://economynext.com/sri-lanka-budget-deficit-halves-in-october-rupee-depreciates-253161/,"Current account of the budget in surplus by Rs112billion rupees December 15, 2025"
EconomyNext,Sri Lanka’s IRD to surpass 2025 target amid taxpayer confidence: Minister,2025-12-15,https://economynext.com/sri-lankas-ird-to-surpass-2025-target-amid-taxpayer-confidence-minister-253306/,"The IRD has collected record high tax revenue for 2025 December 15, 2025"
EconomyNext,"World Bank provides $120mn, to help Sri Lanka find more cyclone recovery funds",2025-12-15,https://economynext.com/world-bank-provides-120mn-to-help-sri-lanka-find-more-cyclone-recovery-funds-253322/,"GRADE assessment is already underway in partnership with the Global Facility for Disaster Risk Reduction December 15, 2025"
EconomyNext,Sri Lanka worker remittances up 27-pct to USD 673.4mn in November 2025,2025-12-14,https://economynext.com/sri-lanka-worker-remittances-up-27-pct-to-usd-673-4mn-in-november-2025-253087/,"The country has already witnessed remittances in Jan-Nov surpassing 2017''s annual record high December 14, 2025"
EconomyNext,Sri Lanka parliament to meet on Dec 18 on Ditwah recovery spending,2025-12-14,https://economynext.com/sri-lanka-parliament-to-meet-on-dec-18-on-ditwah-recovery-spending-253082/,"The session will consider a supplementary estimate for Cyclone Ditwah related recovery work December 14, 2025"
EconomyNext,Sri Lanka November tourism revenue down 7.8-pct after survey change,2025-12-14,https://economynext.com/sri-lanka-november-tourism-revenue-down-7-8-pct-after-survey-change-253097/,"Sri Lanka will miss its 2025 tourism revenue, arrival targets December 14, 2025"
EconomyNext,"Sri Lanka central banker urges stronger research, collaboration amid global uncertainty",2025-12-12,https://economynext.com/sri-lanka-central-banker-urges-stronger-research-collaboration-amid-global-uncertainty-252941/,"Well-grounded research enhances forecasting accuracy, informs the calibration of monetary and macroprudential tools, December 12, 2025"
EconomyNext,Sri Lanka to offer concessionary loan scheme for disaster-hit MSMEs,2025-12-12,https://economynext.com/sri-lanka-to-offer-concessionary-loan-scheme-for-disaster-hit-msmes-252928/,"Consolidation of loans schemes for MSMEs under one framework and implementation of recovery loan schemes By By Nisheni Atapattu December 12, 2025"
EconomyNext,Vietnam offers free trade expo space to boost Sri Lanka exports,2025-12-12,https://economynext.com/vietnam-offers-free-trade-expo-space-to-boost-sri-lanka-exports-252842/,"Active participation of businesses of both countries is needed - Minister December 12, 2025"
EconomyNext,"Sri Lanka recognizes Omega Line as exporter of the year, Akbar Brothers top forex earner",2025-12-12,https://economynext.com/sri-lanka-recognizes-omega-line-as-exporter-of-the-year-akbar-brothers-top-forex-earner-252904/,"Emerging Exporter of the Year was Bughary Bio Spices (Private) Limited December 12, 2025"
EconomyNext,Sri Lanka to seek US$200mn from ADB for Mahaweli water security program,2025-12-11,https://economynext.com/sri-lanka-to-seek-us200mn-from-adb-for-mahaweli-water-security-program-252794/,"The project is estimated to cost 536.5 million US dollars. By By Nisheni Atapattu December 11, 2025"
EconomyNext,Federal Reserve cuts rates despite above target inflation in dual mandate confusion,2025-12-11,https://economynext.com/federal-reserve-cuts-rates-despite-above-target-inflation-in-dual-mandate-confusion-252438/,"Inflation was up 3 percent in October, 2025 with monthly inflation rising 0.3 percent December 11, 2025"
EconomyNext,Sri Lanka regulator meets insurers over Ditwah claims,2025-12-10,https://economynext.com/sri-lanka-regulator-meets-insurers-over-ditwah-claims-252358/,"""Compensation payments for minor property damage have already commenced."" December 10, 2025"
EconomyNext,Sri Lanka borrows US$30mn from World Bank for renewable energy,2025-12-10,https://economynext.com/sri-lanka-borrows-us30mn-from-world-bank-for-renewable-energy-252299/,"Borrowings for grid strengthening December 10, 2025"
EconomyNext,Sri Lanka explores ways to widen tax net with easing red tape,2025-12-10,https://economynext.com/sri-lanka-explores-ways-to-widen-tax-net-with-easing-red-tape-252400/,"Though Sri Lanka has seen an increase in tax file registration, still the number of tax payers is low December 10, 2025"
EconomyNext,Global shipping outlook deteriorating in 2026: Fitch Ratings,2025-12-09,https://economynext.com/global-shipping-outlook-deteriorating-in-2026-fitch-ratings-252198/,"Deteriorating outlook for the global shipping sector, reflecting geopolitical and policy risks December 9, 2025"
EconomyNext,635 Sri Lanka exporters make VAT refund claims by Nov 30,2025-12-09,https://economynext.com/635-sri-lanka-exporters-make-vat-refund-claims-by-nov-30-252099/,"Another 322 claims were in progress. December 9, 2025"
EconomyNext,Sri Lanka key road restoration to cost Rs190bn : President,2025-12-09,https://economynext.com/sri-lanka-key-road-restoration-to-cost-rs190bn-president-252153/,"There are hundreds of smaller road also damaged December 9, 2025"
EconomyNext,"Sri Lanka budget circular for Ditwah compensation: houses businesses Rs5mn, fishing boats Rs400,000",2025-12-09,https://economynext.com/sri-lanka-budget-circular-for-ditwah-compensation-houses-businesses-rs5mn-fishing-boats-rs400000-252170/,"People without houses will also be paid 5 million rupees to rebuild their house December 9, 2025"
EconomyNext,"1,200 landslides in Sri Lanka by Cyclone Ditwah, 20-pct of  land under water: UNDP",2025-12-09,https://economynext.com/1200-landslides-in-sri-lanka-by-cyclone-ditwah-20-pct-of-land-under-water-undp-252195/,"The floodwaters reached nearly 720,000 buildings, about one in every twelve buildings in the country December 9, 2025"
EconomyNext,Sri Lanka Customs likely to see 2025 revenue target exceeding by Rs. 400 bln: DG,2025-12-08,https://economynext.com/sri-lanka-customs-likely-to-see-2025-revenue-target-exceeding-by-rs-400-bln-dg-252140/,"Country has witnessed record high revenue from the Customs this year December 8, 2025"
EconomyNext,Foreigners buy Sri Lanka rupee bonds for second week amid currency fall,2025-12-08,https://economynext.com/foreigners-buy-sri-lanka-rupee-bonds-for-second-week-amid-currency-fall-252090/,"Fed rate cut has led investors to look into other markets, analysts say December 8, 2025"
EconomyNext,Sri Lanka post-default fiscal track to be hit by Ditwah: Moody's,2025-12-08,https://economynext.com/sri-lanka-post-default-fiscal-track-to-be-hit-by-ditwah-moodys-252080/,"Sri Lanka and Vietnam also had governance concerns December 8, 2025"
EconomyNext,Sri Lanka's EDB to help exporters affected by Cyclone Ditwah,2025-12-08,https://economynext.com/sri-lankas-edb-to-help-exporters-affected-by-cyclone-ditwah-252062/,"EDB working with customs, port authorities, and logistics providers to manage infrastructure delays December 8, 2025"
EconomyNext,"Sri Lanka to re-allocate Rs50bn for Dec disaster spending, budget unchanged",2025-12-08,https://economynext.com/sri-lanka-to-re-allocate-rs50bn-for-dec-disaster-spending-budget-unchanged-252061/,"We need parliament's approval to get unspent money from other ministries December 8, 2025"
EconomyNext,Sri Lanka to go for 18th IMF program: never say never,2025-12-08,https://economynext.com/sri-lanka-to-go-for-18th-imf-program-never-say-never-251961/,"A team will be in Sri Lanka in January for a new review December 8, 2025"
EconomyNext,Sri Lanka central bank warned local fx swaps are a 'hot money operation' by COPF members,2025-12-07,https://economynext.com/sri-lanka-central-bank-warned-local-fx-swaps-are-a-hot-money-operation-by-copf-members-251881/,"That is a more of a hot money type of operation December 7, 2025"
EconomyNext,IMF to discuss Sri Lanka’s fifth review again amid RFI request after disaster,2025-12-07,https://economynext.com/imf-to-discuss-sri-lankas-fifth-review-again-amid-rfi-request-after-disaster-251955/,"Sri Lanka will receive sixth tranche of the EFF after the completion of fifth review December 7, 2025"
EconomyNext,"Sri Lanka foreign exchange reserves drop to $6,083mn in Nov 2025",2025-12-06,https://economynext.com/sri-lanka-foreign-exchange-reserves-drop-to-6083mn-in-nov-2025-251835/,"Rupee fell from 297 to 308 over 11 months amid over-purchasing dollars December 6, 2025"
EconomyNext,Sri Lanka President announces sweeping relief for disaster affected people,2025-12-05,https://economynext.com/sri-lanka-president-announces-sweeping-relief-for-disaster-affected-people-251782/,"Government expects to spend Rs. 72.2 billion in the next 25 days in this month December 5, 2025"
EconomyNext,Sri Lanka to seek Rs500bn extra Ditwah linked spending in 2026: President,2025-12-05,https://economynext.com/sri-lanka-to-seek-rs500bn-extra-ditwah-linked-spending-in-2026-president-251747/,"For 2025, Rs50 bn will be sought December 5, 2025"
EconomyNext,Sri Lanka parliament passes 2026 budget,2025-12-05,https://economynext.com/sri-lanka-parliament-passes-2026-budget-251732/,"The budget debate lasted 21 days. December 5, 2025"
EconomyNext,Sri Lanka seeks $200mn from IMF through Rapid Financing Instrument,2025-12-05,https://economynext.com/sri-lanka-seeks-200mn-from-imf-through-rapid-financing-instrument-251717/,"This request is currently under consideration and subject to approval by the IMF board December 5, 2025"
EconomyNext,"Sri Lanka seeks extra funds and relief from IMF, review likely in Feb: President",2025-12-05,https://economynext.com/sri-lanka-seeks-extra-funds-and-relief-from-imf-review-likely-in-feb-president-251715/,"Has sought $200mn relief December 5, 2025"
EconomyNext,Maldives donates 14 containers of tinned tuna for Sri Lanka disaster relief,2025-12-05,https://economynext.com/maldives-donates-14-containers-of-tinned-tuna-for-sri-lanka-disaster-relief-251673/,"The shipment was formally handed over by the High Commissioner of the Maldives to Colombo December 5, 2025"
EconomyNext,Sri Lanka inks US$100mn power policy loan agreement with ADB,2025-12-05,https://economynext.com/sri-lanka-inks-us100mn-power-policy-loan-agreement-with-adb-251665/,"Also begun discussions on the $3mn grant for disaster relief December 5, 2025"
EconomyNext,IMF says looking at options to support Sri Lanka,2025-12-05,https://economynext.com/imf-says-looking-at-options-to-support-sri-lanka-251657/,"And right now, Staff is looking into options to further support Sri Lanka in the recovery proces December 5, 2025"
EconomyNext,More than 800 dead or missing in Sri Lanka from Cyclone Ditwah,2025-12-04,https://economynext.com/more-than-800-dead-or-missing-in-sri-lanka-from-cyclone-ditwah-251462/,"Over 1.6 million hit from floods and landslides December 4, 2025"
EconomyNext,Sri Lanka Customs faces four-day backlog after disaster; expects normalcy by December,2025-12-03,https://economynext.com/sri-lanka-customs-faces-four-day-backlog-after-disaster-expects-normalcy-by-december-251432/,"Customs has already reached its 2025 revenue target December 3, 2025"
EconomyNext,ADB gives Sri Lanka $3mn Cyclone Ditwah disaster grant,2025-12-03,https://economynext.com/adb-gives-sri-lanka-3mn-cyclone-ditwah-disaster-grant-251431/,"Vietnam and Thailand get $2mn each December 3, 2025"
EconomyNext,Sri Lanka Customs exceeds November revenue goal despite disaster-hit hiccup,2025-12-02,https://economynext.com/sri-lanka-customs-exceeds-november-revenue-goal-despite-disaster-hit-hiccup-251207/,"Customs have already reached its annual target of Rs. 2,115 bn already December 2, 2025"
EconomyNext,"Sri Lanka looks to relax food import controls, after Cyclone disaster: Prime Minister",2025-12-02,https://economynext.com/sri-lanka-looks-to-relax-food-import-controls-after-cyclone-disaster-prime-minister-251256/,"Depletion of seed paddy also a concern December 2, 2025"
EconomyNext,"Sri Lanka inflation 2.1-pct over 38-months, prices drop in October",2025-12-01,https://economynext.com/sri-lanka-inflation-2-1-pct-over-38-months-prices-drop-in-october-251116/,"Food prices have deflated 3.31 percent since September 2022 December 1, 2025"
EconomyNext,"Sri Lanka to start disaster recovery fund, World Bank to assess Ditwah damage",2025-12-01,https://economynext.com/sri-lanka-to-start-disaster-recovery-fund-world-bank-to-assess-ditwah-damage-251075/,"The World Bank has been commissioned to conduct the Global Rapid Post-Disaster Damage Estimation December 1, 2025"
EconomyNext,"Sri Lanka has Rs30bn for disaster, supplementary estimates if needed: President",2025-12-01,https://economynext.com/sri-lanka-has-rs30bn-for-disaster-supplementary-estimates-if-needed-president-250904/,"We will take action through supplementary estimates and Parliament to secure additional provisions December 1, 2025"
EconomyNext,"Cyclone Ditwah hits 206 major roads in Sri Lanka, 10 bridges damaged",2025-11-30,https://economynext.com/cyclone-ditwah-hits-206-major-roads-in-sri-lanka-10-bridges-damaged-250790/,"Bridges could be made usable with Baily Bridges and causways November 30, 2025"
EconomyNext,Sri Lanka's Mavil Aru Reservoir bund breached in multiple places,2025-11-30,https://economynext.com/sri-lankas-mavil-aru-reservoir-bund-breached-in-multiple-places-250778/,". November 30, 2025"
EconomyNext,Japan sends disaster assessment team to Sri Lanka after cyclone,2025-11-30,https://economynext.com/japan-sends-disaster-assessment-team-to-sri-lanka-after-cyclone-250730/,"Mulls sending Japan Disaster Response team November 30, 2025"
EconomyNext,"Sri Lanka cyclone deaths rise to 212, roads, rail damaged, crops under water",2025-11-30,https://economynext.com/sri-lanka-cyclone-deaths-rise-to-212-roads-rail-damaged-crops-under-water-250808/,"One million hit by floods and landslides November 30, 2025"
EconomyNext,"Sri Lanka cyclone floods begin to ease, irrigation infrastructure intact",2025-11-30,https://economynext.com/sri-lanka-cyclone-floods-begin-to-ease-irrigation-infrastructure-intact-250827/,"Floods peaking in most areas except downriver Mahaweli in Trincomalee district November 30, 2025"
EconomyNext,"Access to Kandy, Gampola towns in Sri Lanka restored after Cyclone Ditwah",2025-11-29,https://economynext.com/access-to-kandy-gampola-towns-in-sri-lanka-restored-after-cyclone-ditwah-250706/,"Electricity to be restored starting Saturday evening November 29, 2025"
EconomyNext,Sri Lanka current forex inflows $200mn above record high imports in October,2025-11-29,https://economynext.com/sri-lanka-current-forex-inflows-200mn-above-record-high-imports-in-october-250629/,"Investment goods, base metals, vehicle imports up, amid strong credit growth November 29, 2025"
EconomyNext,Sri Lanka construction expands in October 2025: PMI,2025-11-29,https://economynext.com/sri-lanka-construction-expands-in-october-2025-pmi-250566/,"With many respondents reporting an increase in government-funded projects, New Orders rose from September to October. November 29, 2025"
EconomyNext,"Sri Lanka FinMin increases spending limit by SOEs on CSR, donations with conditions",2025-11-27,https://economynext.com/sri-lanka-finmin-increases-spending-limit-by-soes-on-csr-donations-with-conditions-250313/,"The move aimed at ensuring such expenditures align strictly with national development objectives. November 27, 2025"
EconomyNext,Sri Lanka-Japan business environment panel meet; discuss issues faced by investors,2025-11-27,https://economynext.com/sri-lanka-japan-business-environment-panel-meet-discuss-issues-faced-by-investors-250291/,"Committee was launched to address challenges faced by Japanese companies operating in Sri Lanka November 27, 2025"
EconomyNext,Risk of political flare-ups to linger in 2026 for some Asia-Pacific sovereigns: Fitch,2025-11-27,https://economynext.com/risk-of-political-flare-ups-to-linger-in-2026-for-some-asia-pacific-sovereigns-fitch-250289/,"""The resilience of a sovereign’s ratings to major bouts of unrest will depend on its credit buffers."" November 27, 2025"
EconomyNext,President Dissanayake to talk policy choices at Sri Lanka economic summit,2025-11-27,https://economynext.com/president-dissanayake-to-talk-policy-choices-at-sri-lanka-economic-summit-250228/,"President to attend Ceylon Chamber’s Sri Lanka Economic and Investment Summit 2025 opening November 27, 2025"
EconomyNext,Sri Lanka’s vehicle import LC on the decline: CB chief,2025-11-26,https://economynext.com/sri-lankas-vehicle-import-lc-on-the-decline-cb-chief-250094/,"Vehicle import prices are also falling November 26, 2025"
EconomyNext,Sri Lanka to respond to RCEP and take forward membership process,2025-11-26,https://economynext.com/sri-lanka-to-respond-to-rcep-and-take-forward-membership-process-249979/,"RCEP requires elimination of tariffs allowing diversification of exports November 26, 2025"
EconomyNext,Sri Lanka to start building Japan-funded airport terminal by June-July 2026: Minister,2025-11-26,https://economynext.com/sri-lanka-to-start-building-japan-funded-airport-terminal-by-june-july-2026-minister-250055/,"We think we can open the price bids by January November 26, 2025"
EconomyNext,Sri Lanka central bank maintains rates at 7.75-pct,2025-11-26,https://economynext.com/sri-lanka-central-bank-maintains-rates-at-7-75-pct-249988/,". November 26, 2025"
EconomyNext,Sri Lanka firms visit top German medical fair seeking partnerships,2025-11-26,https://economynext.com/sri-lanka-firms-visit-top-german-medical-fair-seeking-partnerships-250104/,"The visit was organized by AHK Sri Lanka November 26, 2025"
EconomyNext,Sri Lanka year-end FX reserves to be highest since crisis: CB Governor,2025-11-26,https://economynext.com/sri-lanka-year-end-fx-reserves-to-be-highest-since-crisis-cb-governor-250130/,"As a result there will be significant increase in reserves in December November 26, 2025"
EconomyNext,Sri Lanka central bank to ensure exchange rate moves in both directions : Governor,2025-11-26,https://economynext.com/sri-lanka-central-bank-to-ensure-exchange-rate-moves-in-both-directions-governor-250148/,"Gradual movement in both ways is good. We will ensure that there will be a movement in both ways, November 26, 2025"
EconomyNext,"Sri Lanka services exports up slightly in October, led by ICT, financial services",2025-11-25,https://economynext.com/sri-lanka-services-exports-up-slightly-in-october-led-by-ict-financial-services-249791/,"ICT/BPM exports rose 26.71 percent to 154.50 million US dollars in October 2025 compared to October 2024. November 25, 2025"
EconomyNext,"Sri Lanka goods exports flat in Oct 2025, apparel, tea down",2025-11-25,https://economynext.com/sri-lanka-goods-exports-flat-in-oct-2025-apparel-tea-down-249767/,"Export earnings from apparel and textiles dropped 0.24 percent y-o-y to 429.17 million dollars. November 25, 2025"
EconomyNext,IMF to review Sri Lanka program on December 15,2025-11-25,https://economynext.com/imf-to-review-sri-lanka-program-on-december-15-249716/,". November 25, 2025"
EconomyNext,Sri Lanka to begin VAT refunds for good exporters soon: tax office,2025-11-24,https://economynext.com/sri-lanka-to-begin-vat-refunds-for-good-exporters-soon-tax-office-249658/,"""We will make the refunds for low and medium risk exporters within 16 days,"" November 24, 2025"
EconomyNext,Sri Lanka tax payers to inject Rs100bn take-over SriLankan state bank debt,2025-11-23,https://economynext.com/sri-lanka-tax-payers-to-inject-rs100bn-take-over-srilankan-state-bank-debt-249429/,"Rs 25bn injected in 2025 not counting the sovereign guaranteed bond November 23, 2025"
EconomyNext,Sri Lanka will restructure 99-pct of external debt with airline debt deal: Treasury Secy,2025-11-20,https://economynext.com/sri-lanka-will-restructure-99-pct-of-external-debt-with-airline-debt-deal-treasury-secy-249096/,"Thanks to this agreement, 99 percent of our external debt will now be settled November 20, 2025"
EconomyNext,SriLankan Airlines restructures defaulted bonds with 15-pct haircut,2025-11-20,https://economynext.com/srilankan-airlines-restructures-defaulted-bonds-with-15-pct-haircut-249093/,"Cash of $60mn and amortizing bonds November 20, 2025"
EconomyNext,SriLankan Airlines losses driven sharply up by August through central bank policy,2025-11-20,https://economynext.com/srilankan-airlines-losses-driven-sharply-up-by-august-through-central-bank-policy-249058/,"Operating expenses had grown only 3 percent, with fuel prices also declining November 20, 2025"
EconomyNext,Sri Lanka wraps up restructure of Denmark debt,2025-11-19,https://economynext.com/sri-lanka-wraps-up-restructure-of-denmark-debt-248951/,"Denmark restructured $39mn in bilateral debt November 19, 2025"
EconomyNext,Sri Lanka power regulator drives up profits at Water Board,2025-11-19,https://economynext.com/sri-lanka-power-regulator-drives-up-profits-at-water-board-248931/,"Treasury gives 23.5 billion rupees in equity to NSWDB November 19, 2025"
EconomyNext,Foreigners sell over $3mn worth Sri Lanka rupee bonds amid rupee fall,2025-11-19,https://economynext.com/foreigners-sell-over-3mn-worth-sri-lanka-rupee-bonds-amid-rupee-fall-248826/,"Sri Lanka rupee has been on a falling trend amid higher credit growth, central bank dollar purchase November 19, 2025"
EconomyNext,Maga Engineering gets Rs1.53bn contract to build Kandy 7-storey building,2025-11-18,https://economynext.com/maga-engineering-gets-rs1-53bn-contract-to-build-kandy-7-storey-building-248833/,"Construction of 7-storey residential building in Kandy for Sri Lanka Railways under Kandy Multimodal Transport Terminal November 18, 2025"
EconomyNext,Sri Lanka signs US$300mn in mostly budget support loans from ADB,2025-11-18,https://economynext.com/sri-lanka-signs-us300mn-in-mostly-budget-support-loans-from-adb-248758/,"An investment component of 30 million would require spending November 18, 2025"
EconomyNext,Sri Lanka manufacturing expands in Oct 2025 ahead of festive season: PMI,2025-11-18,https://economynext.com/sri-lanka-manufacturing-expands-in-oct-2025-ahead-of-festive-season-pmi-248753/,"Driven by manufacture of food & beverages sector, with many 
companies receiving orders for upcoming festive season November 18, 2025"
EconomyNext,"Sri Lanka services expand in October, led by wholesale, retail trade: PMI",2025-11-18,https://economynext.com/sri-lanka-services-expand-in-october-led-by-wholesale-retail-trade-pmi-248746/,"“Business activities related to financial services continued to improve, supported by increased lending activities.”... November 18, 2025"
EconomyNext,Sri Lanka announces price controls for 350 drugs,2025-11-17,https://economynext.com/sri-lanka-announces-price-controls-for-350-drugs-248665/,"NMRA plans to launch app to check drug prices November 17, 2025"
EconomyNext,"Standardized math, literacy skills low among Sri Lanka's children: UN official",2025-11-17,https://economynext.com/standardized-math-literacy-skills-low-among-sri-lankas-children-un-official-248496/,"When children graduate from school, they simply don't have the skills needed to enter the workforce By By Nisheni Atapattu November 17, 2025"
EconomyNext,"Chinese envoy backs diversifying Sri Lanka reserves, reducing FX risks from dollar usage",2025-11-17,https://economynext.com/chinese-envoy-backs-diversifying-sri-lanka-reserves-reducing-fx-risks-from-dollar-usage-248646/,"Sri Lanka has been mainly using US dollar as the currency for in international trade November 17, 2025"
EconomyNext,"Trump tariffs removed on Ceylon cinnamon, tea, coconuts, many foods",2025-11-17,https://economynext.com/trump-tariffs-removed-on-ceylon-cinnamon-tea-coconuts-many-foods-248613/,"In addition to food, some fertilizers and pharma inputs also removed from Trump tariffs November 17, 2025"
EconomyNext,"ADB amends charter, enabling increased lending to developing countries",2025-11-17,https://economynext.com/adb-amends-charter-enabling-increased-lending-to-developing-countries-248618/,"Amendment will enable a 50% increase in lending to more than $36 billion annually to support developing member countries November 17, 2025"
EconomyNext,"Bentleys, Porsches and Lamborghini registered in Sri Lanka in October",2025-11-17,https://economynext.com/bentleys-porsches-and-lamborghini-registered-in-sri-lanka-in-october-248596/,"Mercedes, Audi and BMW cars were also registered November 17, 2025"
EconomyNext,Sri Lanka central bank to allow Rs16.5bn in marketable bonds to expire,2025-11-16,https://economynext.com/sri-lanka-central-bank-to-allow-rs16-5bn-in-marketable-bonds-to-expire-248506/,"About Rs16.5bn remains November 16, 2025"
EconomyNext,Sri Lanka budget without new tax shocks : Deputy Minister of Finance,2025-11-16,https://economynext.com/sri-lanka-budget-without-new-tax-shocks-deputy-minister-of-finance-248512/,". November 16, 2025"
EconomyNext,Sri Lanka vehicle registrations drop in October 2025 led by BYD,2025-11-16,https://economynext.com/sri-lanka-vehicle-registrations-drop-in-october-2025-led-by-byd-248527/,"BYD registrations drop to November 16, 2025"
EconomyNext,Sri Lanka parliament passes budget for 2026,2025-11-14,https://economynext.com/sri-lanka-parliament-passes-budget-for-2026-248437/,". November 14, 2025"
EconomyNext,IMF reviewing Sri Lanka budget documents,2025-11-14,https://economynext.com/imf-reviewing-sri-lanka-budget-documents-248327/,"Meanwhile the IMF also outlined some reforms November 14, 2025"
EconomyNext,"Sri Lanka 75,000 state hiring for skilled grades, military retirees retrained: Deputy Minister",2025-11-13,https://economynext.com/sri-lanka-75000-state-hiring-for-skilled-grades-military-retirees-retrained-deputy-minister-248192/,"What we are trying to do is resizing and bringing technology so that we could make things efficient November 13, 2025"
EconomyNext,"Sri Lanka Customs achieves 2025 target revenue of Rs2,115bn on Nov 11",2025-11-12,https://economynext.com/sri-lanka-customs-achieves-2025-target-revenue-of-rs2115bn-on-nov-11-248087/,"Customs revenue was mainly boosted by vehicle import tax November 12, 2025"
EconomyNext,Sri Lankan business team to explore opportunities in Cambodia,2025-11-12,https://economynext.com/sri-lankan-business-team-to-explore-opportunities-in-cambodia-248060/,"The visit is organized by the Ceylon Chamber of Commerce Sri Lanka – Greater Mekong Business Council (SLGMBC). November 12, 2025"
EconomyNext,"Sri Lanka's central bank buys US$55mn in October 2025, returns some : analysis",2025-11-12,https://economynext.com/sri-lankas-central-bank-buys-us55mn-in-october-2025-returns-some-analysis-247966/,"The only deflationary policy in 2025 came from Treasury coupon payments on the central bank's bond portfolio November 12, 2025"
EconomyNext,Sri Lanka Customs agrees to release more BYD vehicles in court : agents,2025-11-12,https://economynext.com/sri-lanka-customs-agrees-to-release-more-byd-vehicles-in-court-agents-247969/,". November 12, 2025"
EconomyNext,Sri Lanka chamber commends budget 2026,2025-11-11,https://economynext.com/sri-lanka-chamber-commends-budget-2026-247879/,"The proposals aligned with Sri Lanka’s commitments under the IMF reform programme November 11, 2025"
EconomyNext,Ceylon Chamber praises budget for maintaining policy,2025-11-11,https://economynext.com/ceylon-chamber-praises-budget-for-maintaining-policy-247881/,"Says budget 2026 reinforces policy stability, calls for faster implementation of reforms to achieve growth November 11, 2025"
EconomyNext,"IPD Germany trains Sri Lanka SMEs on costing, pricing for EU market",2025-11-11,https://economynext.com/ipd-germany-trains-sri-lanka-smes-on-costing-pricing-for-eu-market-247893/,"Focused on improving SMEs' capacity to compete effectively in the EU market November 11, 2025"
EconomyNext,Sri Lanka’s budget sticks to fiscal consolidation path: Fitch,2025-11-11,https://economynext.com/sri-lankas-budget-sticks-to-fiscal-consolidation-path-fitch-247900/,"The budget targets a deficit of 5.1% of GDP in 2026, wider than the 4.5% that the government expects in 2025. November 11, 2025"
EconomyNext,Sri Lanka's 2026 budget - Path of reform amid economic challenges,2025-11-11,https://economynext.com/sri-lankas-2026-budget-path-of-reform-amid-economic-challenges-247814/,"Policy implementation will be the key for success of 2026 budget By By Shihar Aneez November 11, 2025"
EconomyNext,Sri Lanka apparel brand group welcomes VAT on imports,2025-11-11,https://economynext.com/sri-lanka-apparel-brand-group-welcomes-vat-on-imports-247904/,"Also welcomes reduction of VAT threshold November 11, 2025"
EconomyNext,Sri Lanka banks to get Rs45.7bn in senior citizen interest arrears in 2026,2025-11-10,https://economynext.com/sri-lanka-banks-to-get-rs45-7bn-in-senior-citizen-interest-arrears-in-2026-247796/,"In 2025, 10 billion rupees had been paid November 10, 2025"
EconomyNext,"ADB to give Sri Lanka $100mn to boost macroeconomic resilience, transparency",2025-11-10,https://economynext.com/adb-to-give-sri-lanka-100mn-to-boost-macroeconomic-resilience-transparency-247661/,"The program will also support private sector participation, and management of state-owned enterprises November 10, 2025"
EconomyNext,Sri Lanka tax payers to pay up on billions of defaulted SOE loans guaranteed by Treasury,2025-11-10,https://economynext.com/sri-lanka-tax-payers-to-pay-up-on-billions-of-defaulted-soe-loans-guaranteed-by-treasury-247666/,"There was no number given in the budget on the payments to be made November 10, 2025"
EconomyNext,Sri Lanka to get $100mn loan from ADB to strengthen financial stability,2025-11-10,https://economynext.com/sri-lanka-to-get-100mn-loan-from-adb-to-strengthen-financial-stability-247657/,"This initiative builds on earlier banking sector reforms and aims to broaden access to finance for MSMEs November 10, 2025"
EconomyNext,Sri Lanka worker remittances up 21-pct to USD712mn in October 2025,2025-11-10,https://economynext.com/sri-lanka-worker-remittances-up-21-pct-to-usd712mn-in-october-2025-247619/,"Sri Lanka announced housing loans, pension scheme for expatriate workers in its 2026 budget November 10, 2025"
EconomyNext,"Sri Lanka industry should look outward, integrate with the region: Deputy Minister",2025-11-09,https://economynext.com/sri-lanka-industry-should-look-outward-integrate-with-the-region-deputy-minister-247545/,"For us, a small country to grow, the most important thing is how far you integrate with the regional economy November 9, 2025"
EconomyNext,"Sri Lanka foreign reserves drop to $6,216mn in October 2025",2025-11-09,https://economynext.com/sri-lanka-foreign-reserves-drop-to-6216mn-in-october-2025-247539/,"Sri Lanka gross foreign reserves have not grown from October last year November 9, 2025"
EconomyNext,SriLankan Airlines debt expected to be restructured by December: President,2025-11-08,https://economynext.com/srilankan-airlines-debt-expected-to-be-restructured-by-december-president-247483/,"The bond has a sovereign guarantee November 8, 2025"
EconomyNext,Sri Lanka should control the pressure on the exchange rate: President,2025-11-08,https://economynext.com/sri-lanka-should-control-the-pressure-on-the-exchange-rate-president-247486/,"Imports rise to 2.0 billion US dollars in September November 8, 2025"
EconomyNext,"Sri Lanka para-tariff removal to be revenue neutral, may start 1Q : Treasury Secy",2025-11-08,https://economynext.com/sri-lanka-para-tariff-removal-to-be-revenue-neutral-may-start-1q-treasury-secy-247509/,"May start from first quarter in 2026 November 8, 2025"
EconomyNext,Sri Lanka central bank tightens vehicle credit by slashing LTV ratio,2025-11-08,https://economynext.com/sri-lanka-central-bank-tightens-vehicle-credit-by-slashing-ltv-ratio-247520/,"Motor vehicle LTV ratio cut to 50-pct November 8, 2025"
EconomyNext,Sri Lankans shop more often as central bank misses its inflation target,2025-11-07,https://economynext.com/sri-lankans-shop-more-often-as-central-bank-misses-its-inflation-target-247138/,"While the spend per visit has reduce, the frequency of shopping at outlets had increased November 7, 2025"
EconomyNext,Cabinet approves Sri Lanka 2026 budget,2025-11-07,https://economynext.com/cabinet-approves-sri-lanka-2026-budget-247240/,"President Anura Kumara Dissanayake is set to present his second budget since taking office at 1.30 pm today. November 7, 2025"
EconomyNext,Sri Lanka revenue to reach 16-pct of GDP in 2025: President in budget speech,2025-11-07,https://economynext.com/sri-lanka-revenue-to-reach-16-pct-of-gdp-in-2025-president-in-budget-speech-247247/,"Sri Lanka  is also aiming to keep inflation below 5 percent November 7, 2025"
EconomyNext,"Sri Lanka to bring laws to safeguard investments, new incentives: President in budget speech",2025-11-07,https://economynext.com/sri-lanka-to-bring-laws-to-safeguard-investments-new-incentives-president-in-budget-speech-247258/,"New tax incentive framework will be introduced November 7, 2025"
EconomyNext,"Sri Lanka to look into new FTAs, expand old ones, President in 2026 budget speech",2025-11-07,https://economynext.com/sri-lanka-to-look-into-new-ftas-expand-old-ones-president-in-2026-budget-speech-247270/,"A specialist ministerial committee has been appointed for this purpose, he said. November 7, 2025"
EconomyNext,Sri Lanka 2025 budget deficit down below projection: President in budget speech,2025-11-07,https://economynext.com/sri-lanka-2025-budget-deficit-down-below-projection-president-in-budget-speech-247271/,"However in 2025, the deficit is will be better than the initial projection November 7, 2025"
EconomyNext,"Sri Lanka to provide subsidized land, electricity to set up AI data centres",2025-11-07,https://economynext.com/sri-lanka-to-provide-subsidized-land-electricity-to-set-up-ai-data-centres-247283/,"We will provide financial concessions, green energy concessions, subsidized electricity at the start November 7, 2025"
EconomyNext,"Sri Lanka 2026 budget targets deficit of 5.1-pct of GDP, 2025 out-turn 4.5-pct",2025-11-07,https://economynext.com/sri-lanka-2026-budget-targets-deficit-of-5-1-pct-of-gdp-2025-out-turn-4-5-pct-247288/,"Download full budget speech here November 7, 2025"
EconomyNext,Key numbers in Sri Lanka’s 2026 budget,2025-11-07,https://economynext.com/key-numbers-in-sri-lankas-2026-budget-247312/,"Growth expected at 4-5 percent, budget deficit at 5.1-pct of GDP November 7, 2025"
EconomyNext,"Sri Lanka Budget 2026 : VAT expanded to smaller firms, 30-pct import duty band, SCL on cars",2025-11-07,https://economynext.com/sri-lanka-budget-2026-vat-expanded-to-smaller-firms-30-pct-import-duty-band-scl-on-cars-247333/,"SCL on cars from April 2026 November 7, 2025"
EconomyNext,Sri Lanka budget 2026 : plantation worker wages hiked by state decree,2025-11-07,https://economynext.com/sri-lanka-budget-2026-plantation-worker-wages-hiked-by-state-decree-247334/,"An additional 200 rupees will be given daily by the government to encourage estate workers to come to work, November 7, 2025"
EconomyNext,"Sri Lanka to link businesses to tax office through ERP software, POS-machines",2025-11-07,https://economynext.com/sri-lanka-to-link-businesses-to-tax-office-through-erp-software-pos-machines-247380/,"VAT threshold also to be reduce November 7, 2025"
EconomyNext,"Sri Lanka leader grants permanent appointment for 9,800 casual, contract workers",2025-11-07,https://economynext.com/sri-lanka-leader-grants-permanent-appointment-for-9800-casual-contract-workers-247399/,"Workers recruited under previous government had not been made permanent November 7, 2025"
EconomyNext,"Sri Lanka considers housing loan, contributory pension for foreign expatriates",2025-11-07,https://economynext.com/sri-lanka-considers-housing-loan-contributory-pension-for-foreign-expatriates-247405/,"Govt allocates Rs.2 bn for expatriates' housing loan, pension November 7, 2025"
EconomyNext,"Sri Lanka revises up 2025 tax revenue target, public investment fall short",2025-11-07,https://economynext.com/sri-lanka-revises-up-2025-tax-revenue-target-public-investment-fall-short-247390/,"Total expenditure target reduced, public investment cut by over 20-pct November 7, 2025"
EconomyNext,Sri Lanka public sector recruitment through exams: President,2025-11-07,https://economynext.com/sri-lanka-public-sector-recruitment-through-exams-president-247441/,"“Hereafter, all recruitments, promotions and other employment related matters will only take place through exams November 7, 2025"
EconomyNext,Sri Lanka MPs to get pick up trucks as official vehicles,2025-11-07,https://economynext.com/sri-lanka-mps-to-get-pick-up-trucks-as-official-vehicles-247443/,"The government has decided to buy vehicles and machinery for state institutions and members of parliament November 7, 2025"
EconomyNext,"Sri Lanka debt service US$2,435mn in 2025, most already paid: President",2025-11-07,https://economynext.com/sri-lanka-debt-service-us2435mn-in-2025-most-already-paid-president-247470/,"There is a narrative that Sri Lanka's debt repayment will begin in 2028 November 7, 2025"
EconomyNext,"Sri Lanka, Bangladesh talks focus on port connectivity, green tourism",2025-11-06,https://economynext.com/sri-lanka-bangladesh-talks-focus-on-port-connectivity-green-tourism-247131/,"FOC meeting between the two South Asian nations was held for the first time since 2017 November 6, 2025"
EconomyNext,Sri Lanka’s 2026 budget: between reform fatigue and fiscal reality,2025-11-06,https://economynext.com/sri-lankas-2026-budget-between-reform-fatigue-and-fiscal-reality-246853/,"President AKD, as the Finance Minister, will deliver the budget on Nov. 7 November 6, 2025"
EconomyNext,Foreigners buy $34.5 mn worth Sri Lanka rupee bonds in week,2025-11-05,https://economynext.com/foreigners-buy-34-5-mn-worth-sri-lanka-rupee-bonds-in-week-246810/,"Sri Lanka has witnessed a net 115.8 million US dollar inflow in the last 10 weeks. November 5, 2025"
EconomyNext,Sri Lanka working on 67 Public Private Partnerships,2025-11-05,https://economynext.com/sri-lanka-working-on-67-public-private-partnerships-246855/,"A new PPP law with recent revisions with the legal draftsman November 5, 2025"
EconomyNext,"Sri Lanka to hire 60,000 state workers as people pay more taxes after default",2025-11-05,https://economynext.com/sri-lanka-to-hire-60000-state-workers-as-people-pay-more-taxes-after-default-246846/,"Earlier this week, cabinet gave approval to hire 8,547 more state workers, mainly policemen November 5, 2025"
EconomyNext,"Sri Lanka debt service US$1,358mn in first half 2025, inflows to govt only $547mn",2025-11-04,https://economynext.com/sri-lanka-debt-service-us1358mn-in-first-half-2025-inflows-to-govt-only-547mn-246635/,"Up to June Finance Ministry repaid US$863.6mn in principal payments, and US$495.3mn in interest. November 4, 2025"
EconomyNext,"Sri Lanka to buy 100 motorcycles, 50 three-wheelers for its Special Task Force",2025-11-04,https://economynext.com/sri-lanka-to-buy-100-motorcycles-50-three-wheelers-for-its-special-task-force-246738/,"STF to handle organized crime with bikes and three-wheelers November 4, 2025"
EconomyNext,Sri Lanka's CPC reduces debt to Iran to US$130mn by June through tea barter,2025-11-04,https://economynext.com/sri-lankas-cpc-reduces-debt-to-iran-to-us130mn-by-june-through-tea-barter-246704/,"The settlements were made through a Tea for Oil Barter Agreement November 4, 2025"
EconomyNext,Sri Lanka central bank buys US$177mn in September amid current account deficit,2025-11-03,https://economynext.com/sri-lanka-central-bank-buys-us177mn-in-september-amid-current-account-deficit-246484/,"Sri Lanka's rupee has depreciated in both current accounts surpluses and deficits November 3, 2025"
EconomyNext,"SriLankan Airlines group loses Rs10.7bn in three months, operating losses up",2025-11-03,https://economynext.com/srilankan-airlines-group-loses-rs10-7bn-in-three-months-operating-losses-up-246605/,"SriLanka had boosted load factor, but still making losses November 3, 2025"
EconomyNext,"Sri Lanka forex inflows US$2.3bn in September, imports surge to $2.0bn - Corrected",2025-11-02,https://economynext.com/sri-lanka-forex-inflows-us2-3bn-in-september-imports-surge-to-2-0bn-corrected-246397/,"Imports surge out of line with imports in September November 2, 2025"
EconomyNext,Sri Lanka Customs exceeds October revenue aim; achieves 95-pct of 2025 target,2025-11-01,https://economynext.com/sri-lanka-customs-exceeds-october-revenue-aim-achieves-95-pct-of-2025-target-246356/,"Customs revenue has surged by 60 percent in the first 10 months of this year November 1, 2025"
EconomyNext,Sri Lanka construction expands in September 2025: PMI,2025-11-01,https://economynext.com/sri-lanka-construction-expands-in-september-2025-pmi-246298/,"“The strongest increase in activity observed since late 2021,” the central bank said. November 1, 2025"
EconomyNext,"Deloitte Budget Perspectives on Nov 7, with Deputy Industries Minister and Treasury Secretary",2025-11-01,https://economynext.com/deloitte-budget-perspectives-on-nov-7-with-deputy-industries-minister-and-treasury-secretary-246284/,"The session is intended to unlock expert perspectives on the 2026 Sri Lanka Budget. November 1, 2025"
EconomyNext,Sri Lanka vehicle imports reach US$1.2bn by Sept,2025-11-01,https://economynext.com/sri-lanka-vehicle-imports-reach-us1-2bn-by-sept-246331/,"Sri Lankan spend US$286mn on vehicle imports in Sept November 1, 2025"
EconomyNext,Sri Lanka borrows US$90mn from ADB to boost rural road links,2025-10-31,https://economynext.com/sri-lanka-borrows-us90mn-from-adb-to-boost-rural-road-links-246229/,"It is the Tranche 5 of the Second Integrated Road Investment Program (i Road 2) October 31, 2025"
EconomyNext,"Less children, more elders in Sri Lanka: Population Census",2025-10-31,https://economynext.com/less-children-more-elders-in-sri-lanka-population-census-246203/,"Working age group also show slight decline October 31, 2025"
EconomyNext,"Sri Lanka inflation 2.1-pct over 12 months to Oct 2025, 2.4-pct over 37 months",2025-10-31,https://economynext.com/sri-lanka-inflation-2-1-pct-over-12-months-to-oct-2025-2-4-pct-over-37-months-246270/,"The Colombo Consumer Price Index rose 0.1-pct in October October 31, 2025"
EconomyNext,"Sri Lanka SMEs trained on branding, quality by IFC, EU program",2025-10-30,https://economynext.com/sri-lanka-smes-trained-on-branding-quality-by-ifc-eu-program-245896/,"To improve the export readiness and competitiveness of 25 SMEs currently developing export marketing plans October 30, 2025"
EconomyNext,Sri Lanka looking at high construction costs putting off hotel investors : BOI Chief,2025-10-30,https://economynext.com/sri-lanka-looking-at-high-construction-costs-putting-off-hotel-investors-boi-chief-246155/,"The investments may not be very lucrative, given that the cost of construction is high October 30, 2025"
EconomyNext,"Fed to finance Uncle Sam, dump mortgage securities",2025-10-30,https://economynext.com/fed-to-finance-uncle-sam-dump-mortgage-securities-246143/,"Fed will buy Treasury bill and sell mortgage securities October 30, 2025"
EconomyNext,"US Fed cuts rates to 3.75-4.0-pct band, halts quantity tightening",2025-10-30,https://economynext.com/us-fed-cuts-rates-to-3-75-4-0-pct-band-halts-quantity-tightening-246126/,"Kansas Fed Governor Schmid, former banker, votes against rate cut October 30, 2025"
EconomyNext,"Sri Lanka finds 2,972 half built and un-used state buildings",2025-10-28,https://economynext.com/sri-lanka-finds-2972-half-built-and-un-used-state-buildings-245983/,". October 28, 2025"
EconomyNext,"Sri Lanka to recruit 8,547 more workers into public sector",2025-10-28,https://economynext.com/sri-lanka-to-recruit-8547-more-workers-into-public-sector-245939/,"In May, the cabinet approved the recruitment of 15,073 workers for vacancies in 18 line ministries, 4 provincial council October 28, 2025"
EconomyNext,"Sri Lanka, India to sign 33 agreements for Rs2.37bn grant",2025-10-28,https://economynext.com/sri-lanka-india-to-sign-33-agreements-for-rs2-37bn-grant-245934/,"Development projects in the Eastern Province October 28, 2025"
EconomyNext,"C Amarasekara, K G P Sirikumara appointed Dep Governors of Sri Lanka central bank",2025-10-28,https://economynext.com/c-amarasekara-k-g-p-sirikumara-appointed-dep-governors-of-sri-lanka-central-bank-245862/,"With effect from October 24 and November 3, respectively. October 28, 2025"
EconomyNext,Sri Lanka budget current account in surplus by Sept as central bank misses inflation target,2025-10-28,https://economynext.com/sri-lanka-budget-current-account-in-surplus-by-sept-as-central-bank-misses-inflation-target-245815/,"A marginal Rs6bn rupee current account surplus was recorded up to September October 28, 2025"
EconomyNext,Sri Lanka's Aswesuma needs updated beneficiary data system: World Bank,2025-10-27,https://economynext.com/sri-lankas-aswesuma-needs-updated-beneficiary-data-system-world-bank-245777/,"""The data must be verified and analyzed to correctly identify those eligible for relevant benefits."" October 27, 2025"
EconomyNext,Sri Lanka BoI trying to solve SVAT hit that can kill export backward integration,2025-10-26,https://economynext.com/sri-lanka-boi-trying-to-solve-svat-hit-that-can-kill-export-backward-integration-245579/,"In countries like Vietnam and Taiwan, sales into export firms in free trade zones are zero rated October 26, 2025"
EconomyNext,Sri Lanka importers to clear cars blocked at Customs without registering,2025-10-26,https://economynext.com/sri-lanka-importers-to-clear-cars-blocked-at-customs-without-registering-245629/,"Vehicles  cleared with bank guarantee October 26, 2025"
EconomyNext,Sri Lanka CB expects banks’ net interest rate margin to decline,2025-10-25,https://economynext.com/sri-lanka-cb-expects-banks-net-interest-rate-margin-to-decline-245566/,"Sri Lanka banking sector profit has risen over 67-pct in the first half of 2025 compared to H1 2024 October 25, 2025"
EconomyNext,Sri Lanka workers leaving for foreign jobs reduce in 2025 first half,2025-10-25,https://economynext.com/sri-lanka-workers-leaving-for-foreign-jobs-reduce-in-2025-first-half-245570/,"Total departures were down 5 percent to 143,037 by June 2025 October 25, 2025"
EconomyNext,Sri Lanka unveils national climate financing strategy as needs top $10bn,2025-10-24,https://economynext.com/sri-lanka-unveils-national-climate-financing-strategy-as-needs-top-10bn-245543/,"Structured framework for mobilising and aligning both domestic and international resources October 24, 2025"
EconomyNext,Sri Lanka CB says widening credit gap needs close monitoring though “not major concern”,2025-10-23,https://economynext.com/sri-lanka-cb-says-widening-credit-gap-needs-close-monitoring-though-not-major-concern-245444/,"Central Bank launched its Financial Stability Review for 2025 October 23, 2025"
EconomyNext,"Sri Lanka services exports rise 3.18-pct in Sept helped by ICT, financial services",2025-10-23,https://economynext.com/sri-lanka-services-exports-rise-3-18-pct-in-sept-helped-by-ict-financial-services-245391/,"Up to September total exports of goods and services were 12,986.55 million US dollars, up 6.92 percent. October 23, 2025"
EconomyNext,Sri Lanka expects US$1500mn worth vehicle imports in 2025,2025-10-23,https://economynext.com/sri-lanka-expects-us1500mn-worth-vehicle-imports-in-2025-245378/,"Vehicle imports may reduce the next year October 23, 2025"
EconomyNext,"Sri Lanka exports rise 15.02-pct in September, helped by apparel, tea and coconut",2025-10-23,https://economynext.com/sri-lanka-exports-rise-15-02-pct-in-september-helped-by-apparel-tea-and-coconut-245377/,"Exceeding US$ 12.9 billion in cumulative export earnings by September 2025 October 23, 2025"
EconomyNext,Sri Lanka sitting on billion dollars of mineral mining proposals,2025-10-23,https://economynext.com/sri-lanka-sitting-on-billion-dollars-of-mineral-mining-proposals-245310/,"Investors were awaiting a policy framework from the government October 23, 2025"
EconomyNext,Sri Lanka car prices sliding amid forced selling of imported stock: report,2025-10-23,https://economynext.com/sri-lanka-car-prices-sliding-amid-forced-selling-of-imported-stock-report-245303/,"Sri Lanka opened car imports in February 2025 after macro-economists advising the then administration halted imports October 23, 2025"
EconomyNext,"Sri Lanka plans Japan investment zone, corridor with India: BOI Chief",2025-10-22,https://economynext.com/sri-lanka-plans-japan-investment-zone-corridor-with-india-boi-chief-245187/,"A Japan Sri Lanka investment zone has already been proposed October 22, 2025"
EconomyNext,Sri Lanka state medicine purchases from SOE rise dramatically,2025-10-22,https://economynext.com/sri-lanka-state-medicine-purchases-from-soe-rise-dramatically-245137/,"Spending on SPC drugs up 230-pct October 22, 2025"
EconomyNext,Sri Lanka amends Strategic Development Act to provide tax incentives,2025-10-22,https://economynext.com/sri-lanka-amends-strategic-development-act-to-provide-tax-incentives-245217/,"The International Monetary Fund (IMF) has said tax incentives have been a reason for lower government revenue in past October 22, 2025"
EconomyNext,"Sri Lanka to unveil competitive, transparent IMF-compliant investment taxes: BOI chief",2025-10-22,https://economynext.com/sri-lanka-to-unveil-competitive-transparent-imf-compliant-investment-taxes-boi-chief-245216/,"Sri Lanka suspended tax holidays running up to 20 years or more given under Strategic Development Project Act, October 22, 2025"
EconomyNext,Sri Lanka Customs achieves over 90-pct of 2025 target by Oct 20,2025-10-21,https://economynext.com/sri-lanka-customs-achieves-over-90-pct-of-2025-target-by-oct-20-245082/,"Customs is expected to collect 46% of the total tax revenue of Rs.4,590 billion for this year October 21, 2025"
EconomyNext,"Sri Lanka sees 14,468 new active credit cards in August 2025",2025-10-21,https://economynext.com/sri-lanka-sees-14468-new-active-credit-cards-in-august-2025-245040/,"Active credit cards have risen by 4.7 percent or 94,081 in the first eight months of this year October 21, 2025"
EconomyNext,Sri Lanka expects US$1.1bn in foreign investments in 2025,2025-10-20,https://economynext.com/sri-lanka-expects-us1-1bn-in-foreign-investments-in-2025-244908/,"Investment flows up to September was up 138-pct from last year October 20, 2025"
EconomyNext,SLEIS 2025 to focus on capital markets as catalyst for growth,2025-10-20,https://economynext.com/sleis-2025-to-focus-on-capital-markets-as-catalyst-for-growth-244898/,"The session will explore opportunities for market re-rating, strategies to raise capital, and regulatory initiatives October 20, 2025"
EconomyNext,South Asia should overhaul domestic policy amid tariff shocks: regional economists,2025-10-20,https://economynext.com/south-asia-should-overhaul-domestic-policy-amid-tariff-shocks-regional-economists-244881/,"Bangladesh is undertaking important tariff-related reforms October 20, 2025"
EconomyNext,Sri Lanka team attends WB/IMF meetings,2025-10-20,https://economynext.com/sri-lanka-team-attends-wb-imf-meetings-244876/,"Sri Lanka meets officials at 2025 World Bank Group/ International Monetary Fund annual meeting October 20, 2025"
EconomyNext,Sri Lanka banks cut government bond holdings in July,2025-10-20,https://economynext.com/sri-lanka-banks-cut-government-bond-holdings-in-july-244815/,"Banks increased government bond holdings till June October 20, 2025"
EconomyNext,Foreigners buy over US$31mn worth rupee bonds this week,2025-10-18,https://economynext.com/foreigners-buy-over-us31mn-worth-rupee-bonds-this-week-244719/,"Sri Lanka has witnessed over USD200mn worth foreign inflows into rupee bonds October 18, 2025"
EconomyNext,Sri Lanka inks U$100mn health sector loan with ADB,2025-10-17,https://economynext.com/sri-lanka-inks-u100mn-health-sector-loan-with-adb-244649/,"The loan is given from ADB's Ordinary Capital Resources window October 17, 2025"
EconomyNext,Sri Lanka tea auctions reel from IMF SVAT shock,2025-10-16,https://economynext.com/sri-lanka-tea-auctions-reel-from-imf-svat-shock-244428/,"Tea prices down around 100 rupees a kilo over two weeks October 16, 2025"
EconomyNext,Sri Lanka manufacturing expands in Sept 2025 due to upcoming festive season: PMI,2025-10-16,https://economynext.com/sri-lanka-manufacturing-expands-in-sept-2025-due-to-upcoming-festive-season-pmi-244357/,"“Firms highlighted difficulties in retaining and attracting skilled workers”. October 16, 2025"
EconomyNext,Sri Lanka CB domestic assets may be flat again in IMF deal amid reserve concerns,2025-10-16,https://economynext.com/sri-lanka-cb-domestic-assets-may-be-flat-again-in-imf-deal-amid-reserve-concerns-244310/,"In the current phase of the IMF program, the ceiling on domestic assets of the central bank is flat October 16, 2025"
EconomyNext,Foreign investors eye marine opportunities at Sri Lanka port,2025-10-16,https://economynext.com/foreign-investors-eye-marine-opportunities-at-sri-lanka-port-244371/,"Coinciding with Voyage Sri Lanka 2025 Marine Summit, 10 foreign investors toured the Colombo Port and Port City October 16, 2025"
EconomyNext,Sri Lanka services expand at slower rate in September: PMI,2025-10-16,https://economynext.com/sri-lanka-services-expand-at-slower-rate-in-september-pmi-244366/,"“Business activities related to financial services also continued to improve, underpinned by increased lending activit... October 16, 2025"
EconomyNext,"Government debt to rise IMF says, while global growth to slow in 2025, 2026",2025-10-15,https://economynext.com/government-debt-to-rise-imf-says-while-global-growth-to-slow-in-2025-2026-244171/,"After firing the housing bubble for 're-flation' macro-economists shattered fiscal metrics with stimulus October 15, 2025"
EconomyNext,Former Sri Lanka minister arrested over Israel job deal,2025-10-15,https://economynext.com/former-sri-lanka-minister-arrested-over-israel-job-deal-244282/,"Thousands of Sri Lankans were offered Israeli jobs in agricultural sector in 2023 October 15, 2025"
EconomyNext,"Sri Lanka to spread sugar SOE losses to health, prisons, military",2025-10-14,https://economynext.com/sri-lanka-to-spread-sugar-soe-losses-to-health-prisons-military-244082/,"There is VAT difference between brown and white sugar October 14, 2025"
EconomyNext,Sri Lanka central bank net reserves rise as some inflationary swaps unwound,2025-10-14,https://economynext.com/sri-lanka-central-bank-net-reserves-rise-as-some-inflationary-swaps-unwound-243990/,"Central bank inflationary swaps reduce in August October 14, 2025"
EconomyNext,Indian banks allowed to give INR loans to Sri Lanka customers,2025-10-13,https://economynext.com/indian-banks-allowed-to-give-inr-loans-to-sri-lanka-customers-243932/,"Expects to strengthen cross boarder links October 13, 2025"
EconomyNext,New Sri Lanka deputy finance ministers take up duties,2025-10-13,https://economynext.com/new-sri-lanka-deputy-finance-ministers-take-up-duties-243877/,"New appointments after mini cabinet re-shuffle October 13, 2025"
EconomyNext,Sri Lanka government deposits Rs1.1trillion in state banks by end 2Q,2025-10-12,https://economynext.com/sri-lanka-government-deposits-rs1-1trillion-in-state-banks-by-end-2q-243679/,"The state is the largest customer of banks October 12, 2025"
EconomyNext,Sri Lanka worker remittances up 25.2-pct in September 2025,2025-10-10,https://economynext.com/sri-lanka-worker-remittances-up-25-2-pct-in-september-2025-243619/,"Remittances are one of Sri Lanka's top foreign exchange earners October 10, 2025"
EconomyNext,Sri Lanka President appoints Maithri Wickremesinghe to Central Bank’s Governing Board,2025-10-10,https://economynext.com/sri-lanka-president-appoints-maithri-wickremesinghe-to-central-banks-governing-board-243622/,"He will be a member of the Central Bank's Monetary Board as well October 10, 2025"
EconomyNext,IMF needs Sri Lanka’s budget parameters to be in line with EFF for next disbursement,2025-10-09,https://economynext.com/imf-needs-sri-lankas-budget-parameters-to-be-in-line-with-eff-for-next-disbursement-243493/,"IMF has already disbursed USD 1.65 billion in five tranches October 9, 2025"
EconomyNext,Sri Lanka IMF staff-level agreement reached on fifth review of EFF,2025-10-09,https://economynext.com/sri-lanka-imf-staff-level-agreement-reached-on-fifth-review-of-eff-243387/,"Sri Lanka would have access to SDR 254 million (about US$347 million), October 9, 2025"
EconomyNext,Sri Lanka in discussion with ADB for SME venture capital fund: official,2025-10-09,https://economynext.com/sri-lanka-in-discussion-with-adb-for-sme-venture-capital-fund-official-243492/,"SME sector has been long facing lack of access for finance in Sri Lanka October 9, 2025"
EconomyNext,"Sri Lanka forex reserves US$6,243mn in Sept 2025, stagnant for 11 months",2025-10-08,https://economynext.com/sri-lanka-forex-reserves-us6243mn-in-sept-2025-stagnant-for-11-months-243346/,"Without adequate deflationary policy, a bank-of-issue cannot switch domestic assets for foreign October 8, 2025"
EconomyNext,"Sri Lanka rubber sector warns SVAT removal threatens exports, jobs, SMEs",2025-10-08,https://economynext.com/sri-lanka-rubber-sector-warns-svat-removal-threatens-exports-jobs-smes-243298/,"Removal of SVAT will destabilize an entire export sector with ripple effects across economy, Pushpika Janadheera said October 8, 2025"
EconomyNext,"Sri Lanka reserve collection slows amid huge debt repayments, rupee down",2025-10-08,https://economynext.com/sri-lanka-reserve-collection-slows-amid-huge-debt-repayments-rupee-down-243204/,"Rupee down despite current accounts surplus October 8, 2025"
EconomyNext,"Sri Lanka should reform land, labour, liberalize trade for higher growth: World Bank",2025-10-07,https://economynext.com/sri-lanka-should-reform-land-labour-liberalize-trade-for-higher-growth-world-bank-243131/,"Continue to invest in maintenance of the assets to elongate their life where possible October 7, 2025"
EconomyNext,Sri Lanka central bank buys $177.3mn from banks in Sept 2025,2025-10-07,https://economynext.com/sri-lanka-central-bank-buys-177-3mn-from-banks-in-sept-2025-243041/,"Inflationary OMO in abeyance for the moment October 7, 2025"
EconomyNext,"Sri Lanka embarkation levies net Rs26.8bn, up 39-pct as foreign travel rise",2025-10-05,https://economynext.com/sri-lanka-embarkation-levies-net-rs26-8bn-up-39-pct-as-foreign-travel-rise-242888/,"Tourism has also improved, bringing more revenues October 5, 2025"
EconomyNext,Sri Lanka construction expands in August 2025: PMI,2025-10-04,https://economynext.com/sri-lanka-construction-expands-in-august-2025-pmi-242852/,"A growth in road development and water supply work in the month contributed to the increase in the New Orders sub index. October 4, 2025"
EconomyNext,Sri Lanka sees thin foreign selling in rupee bonds after five-week buying,2025-10-04,https://economynext.com/sri-lanka-sees-thin-foreign-selling-in-rupee-bonds-after-five-week-buying-242846/,"Sri Lanka has witnessed over USD 46 million inflows in the previous 5 weeks October 4, 2025"
EconomyNext,Sri Lanka debt to GDP 99.5-pct at June 2025,2025-10-03,https://economynext.com/sri-lanka-debt-to-gdp-99-5-pct-at-june-2025-242772/,"Numbers up from December October 3, 2025"
EconomyNext,Sri Lanka's NSB gives Rs6bn dividend to Treasury,2025-10-03,https://economynext.com/sri-lankas-nsb-gives-rs6bn-dividend-to-treasury-242756/,"""Made possible due to its operational excellence"" October 3, 2025"
EconomyNext,IMF mission conducting fifth review of Sri Lanka program,2025-10-03,https://economynext.com/imf-mission-conducting-fifth-review-of-sri-lanka-program-242685/,". October 3, 2025"
EconomyNext,SVAT removal hurts Sri Lanka export competitiveness: Shippers' Council,2025-10-03,https://economynext.com/svat-removal-hurts-sri-lanka-export-competitiveness-shippers-council-242767/,"""The removal of SVAT sends a discouraging message of policy volatility, signalling that conducting business in Sri Lanka October 3, 2025"
EconomyNext,Fitch confirms Sri Lanka CCC+ sovereign rating,2025-10-01,https://economynext.com/fitch-confirms-sri-lanka-ccc-sovereign-rating-242525/,"We see low average inflation, but to rise gradually to 5 percent in 2027 October 1, 2025"
EconomyNext,Sri Lanka biz chambers go to court against SVAT removal,2025-10-01,https://economynext.com/sri-lanka-biz-chambers-go-to-court-against-svat-removal-242523/,"Sri Lanka government has yet to introduce proper refunding system October 1, 2025"
EconomyNext,Sri Lanka Customs exceed revenue target by 37-pct  in September,2025-10-01,https://economynext.com/sri-lanka-customs-exceed-revenue-target-by-37-pct-in-september-242491/,"Government has set an ambitious target of 2,115 billion rupees for this year. October 1, 2025"
EconomyNext,"Sri Lanka vehicle imports spend $917mn on to Aug 2025, forex inflows $18.9bn",2025-10-01,https://economynext.com/sri-lanka-vehicle-imports-spend-917mn-on-to-aug-2025-forex-inflows-18-9bn-242483/,"Up to August Sri Lanka has spent 705 million dollars to import personal vehicles October 1, 2025"
EconomyNext,"Sri Lanka gross forex earnings $2.5bn in August 2025, exceeds imports by $824mn",2025-10-01,https://economynext.com/sri-lanka-gross-forex-earnings-2-5bn-in-august-2025-exceeds-imports-by-824mn-242449/,"Gross foreign exchange earnings to August is 18,992 million dollars. Imports were 13,441 million US dollars October 1, 2025"
EconomyNext,Sri Lanka current account surplus tops US$2bn to August 2025,2025-10-01,https://economynext.com/sri-lanka-current-account-surplus-tops-us2bn-to-august-2025-242323/,"Rupee depreciates despite current account surplus October 1, 2025"
EconomyNext,"Systemic shock could expose private credit’s broad reach, growing risk: Fitch Ratings",2025-09-30,https://economynext.com/systemic-shock-could-expose-private-credits-broad-reach-growing-risk-fitch-ratings-242252/,"An increasingly relevant component of the global capital markets September 30, 2025"
EconomyNext,Japan begins military grant-aid to Sri Lanka with drones for navy,2025-09-30,https://economynext.com/japan-begins-military-grant-aid-to-sri-lanka-with-drones-for-navy-242207/,"The Japanese drones could be used for monitoring, surveillance and disaster relief September 30, 2025"
EconomyNext,"Sri Lanka 2025 growth kept at 3.9-pct, inflation slashed to 0.5-pct in ADB forecast",2025-09-30,https://economynext.com/sri-lanka-2025-growth-kept-at-3-9-pct-inflation-slashed-to-0-5-pct-in-adb-forecast-242296/,"2025 growth slightly cut September 30, 2025"
EconomyNext,"Sri Lanka inflation rise 2.3-pct over 36-months to August 2025, food deflates",2025-09-30,https://economynext.com/sri-lanka-inflation-rise-2-3-pct-over-36-months-to-august-2025-food-deflates-242288/,"Better US policy has helped global inflation. The US has started cutting rates but slowly September 30, 2025"
EconomyNext,Sri Lanka trade minister meets Indian counterparts,2025-09-29,https://economynext.com/sri-lanka-trade-minister-meets-indian-counterparts-242156/,"Discussions focused on ""strengthening bilateral cooperation in the areas of food security, cooperative development, September 29, 2025"
EconomyNext,Ceylon Chamber urges revisions to Sri Lanka’s PPP Bill,2025-09-29,https://economynext.com/ceylon-chamber-urges-revisions-to-sri-lankas-ppp-bill-242144/,"Ceylon Chamber submits recommendations to strengthen draft PPP bill September 29, 2025"
EconomyNext,"Sri Lanka budget deficit down 55-pct in August amid tax inflows, moderate capex",2025-09-29,https://economynext.com/sri-lanka-budget-deficit-down-55-pct-in-august-amid-tax-inflows-moderate-capex-242067/,"Budget deficit fell to 411 billion rupees in August 2025, down 55 percent from a year earlier September 29, 2025"
EconomyNext,"Rubber industry calls for SVAT removal delay, warns of liquidity crunch",2025-09-28,https://economynext.com/rubber-industry-calls-for-svat-removal-delay-warns-of-liquidity-crunch-242051/,"Colombo Rubber Traders’ Association warns of industry-wide fallout from SVAT removal September 28, 2025"
EconomyNext,Foreign investors buy Sri Lanka rupee bonds for fifth straight week,2025-09-27,https://economynext.com/foreign-investors-buy-sri-lanka-rupee-bonds-for-fifth-straight-week-242021/,"Sri Lanka has seen around $47 million inflows in last 5 weeks September 27, 2025"
EconomyNext,EU gives Sri Lanka 8mn for biodiversity conservation and solid waste management,2025-09-27,https://economynext.com/eu-gives-sri-lanka-8mn-for-biodiversity-conservation-and-solid-waste-management-242013/,"Sri Lanka, EU sign EUR8mn grant agreement to support sustainable economic recovery through biodiversity conservation September 27, 2025"
EconomyNext,Sri Lanka CB chief cites debt repayment for slow reserve accumulation,2025-09-25,https://economynext.com/sri-lanka-cb-chief-cites-debt-repayment-for-slow-reserve-accumulation-241830/,"Sri Lanka's reserves have increased only USD 100 million in the first 8 months of 2025 September 25, 2025"
EconomyNext,Sri Lanka exporters urge govt to delay SVAT removal until proper refunding system in place,2025-09-25,https://economynext.com/sri-lanka-exporters-urge-govt-to-delay-svat-removal-until-proper-refunding-system-in-place-241927/,"Government has decided to remove SVAT from next week September 25, 2025"
EconomyNext,Voyage Sri Lanka 2025 to spotlight blue economy potential,2025-09-25,https://economynext.com/voyage-sri-lanka-2025-to-spotlight-blue-economy-potential-241843/,"Organized by the EDB, the event will be held on the theme “Unveiling the Blue Economy Potential of Sri Lanka.” September 25, 2025"
EconomyNext,Asia-Pacific issuers to have bumpy ride as trade strains hit: S&P Global Ratings report,2025-09-24,https://economynext.com/asia-pacific-issuers-to-have-bumpy-ride-as-trade-strains-hit-sp-global-ratings-report-241756/,"This report does not constitute a rating action. September 24, 2025"
EconomyNext,SriLankan Airlines's five-year plan to focus on financial stability,2025-09-24,https://economynext.com/srilankan-airliness-five-year-plan-to-focus-on-financial-stability-241749/,"""SriLankan will focus on achieving financial stability through ongoing debt restructuring, fleet expansion September 24, 2025"
EconomyNext,"Sri Lanka central bank keeps policy rate at 7.75-pct, expects decision to push up inflation",2025-09-24,https://economynext.com/sri-lanka-central-bank-keeps-policy-rate-at-7-75-pct-expects-decision-to-push-up-inflation-241704/,"Sri Lanka has 11-month of deflation until last month September 24, 2025"
EconomyNext,Sri Lanka central bank chief warns of cryptocurrency's role in money laundering,2025-09-24,https://economynext.com/sri-lanka-central-bank-chief-warns-of-cryptocurrencys-role-in-money-laundering-241767/,"No laws on using cryptocurrency as an asset class, yet September 24, 2025"
EconomyNext,Sri Lanka services exports fall 6.8-pct in August,2025-09-23,https://economynext.com/sri-lanka-services-exports-fall-6-8-pct-in-august-241652/,"Sri Lanka has aimed 18.2 billion US dollar earning from exports in 2025 September 23, 2025"
EconomyNext,"Sri Lanka seeks investors for caustic soda, chlorine production at Paranthan Chemicals",2025-09-23,https://economynext.com/sri-lanka-seeks-investors-for-caustic-soda-chlorine-production-at-paranthan-chemicals-241622/,"Looking for investors for project to be implemented on 30-acre land allocated to Paranthan Chemicals Limited September 23, 2025"
EconomyNext,Sri Lanka’s national inflation rises to 1.5-pct in August,2025-09-23,https://economynext.com/sri-lankas-national-inflation-rises-to-1-5-pct-in-august-241559/,"Sri Lanka has witnessed deflation since September last year due to central bank's past policies September 23, 2025"
EconomyNext,Sri Lanka central bank to survey public awareness on deposit insurance scheme,2025-09-22,https://economynext.com/sri-lanka-central-bank-to-survey-public-awareness-on-deposit-insurance-scheme-241462/,"CBSL aims to reach a broad segment of the population from September 2025 to November 2025. September 22, 2025"
EconomyNext,Sri Lanka bank interest rates edge up amid 'ramrod anomaly' in bills,2025-09-22,https://economynext.com/sri-lanka-bank-interest-rates-edge-up-amid-ramrod-anomaly-in-bills-241410/,"A 'ramrod' rate anomaly had preceded every crisis linked to open market operations in the past September 22, 2025"
EconomyNext,Global trade volumes slow in 2Q25 on tariff impacts: Fitch Ratings,2025-09-22,https://economynext.com/global-trade-volumes-slow-in-2q25-on-tariff-impacts-fitch-ratings-241477/,"""With an average US effective tariff rate of 16%, we expect global trade to slow further in the coming months,"" September 22, 2025"
EconomyNext,"Fitch places Sri Lanka sovereign rating, 25 others, under criteria observation",2025-09-20,https://economynext.com/fitch-places-sri-lanka-sovereign-rating-25-others-under-criteria-observation-241331/,"Indicates that the existing ratings may change as a result of the application of the updated criteria September 20, 2025"
EconomyNext,"Sri Lanka sees 12,325 new active credit cards in July 2025",2025-09-20,https://economynext.com/sri-lanka-sees-12325-new-active-credit-cards-in-july-2025-241322/,"Number of active credit cards have risen by 79,613 in the first seven months of this year September 20, 2025"
EconomyNext,S&P warns of holdouts as SriLankan Airlines defaulted bonds trade above par,2025-09-20,https://economynext.com/sp-warns-of-holdouts-as-srilankan-airlines-defaulted-bonds-trade-above-par-241305/,"Defaulted securities are trading above par September 20, 2025"
EconomyNext,S&P upgrades Sri Lanka sovereign rating to CCC+ on economic recovery,2025-09-19,https://economynext.com/sp-upgrades-sri-lanka-sovereign-rating-to-ccc-on-economic-recovery-241296/,"Sri Lanka has been rated Selective Default since April 2022 September 19, 2025"
EconomyNext,"Sri Lanka appropriation bill 2026 sets borrowing limit at Rs3,800bn",2025-09-19,https://economynext.com/sri-lanka-appropriation-bill-2026-sets-borrowing-limit-at-rs3800bn-241243/,"Budget will be presented on November 7 September 19, 2025"
EconomyNext,"Sri Lanka EDB, German IPD sign deal to promote digital products and services sector",2025-09-19,https://economynext.com/sri-lanka-edb-german-ipd-sign-deal-to-promote-digital-products-and-services-sector-241217/,"EDB and Germany’s Import Promotion Desk to expand cooperation September 19, 2025"
EconomyNext,France starting talks with Sri Lanka to resume projects after default ends,2025-09-18,https://economynext.com/france-starting-talks-with-sri-lanka-to-resume-projects-after-default-ends-240956/,"So this is a very active discussion at the moment on the future of our activity in the country September 18, 2025"
EconomyNext,Sri Lanka bank foreign assets in reverse gear,2025-09-16,https://economynext.com/sri-lanka-bank-foreign-assets-in-reverse-gear-240623/,"In May bank NFA fell to 3.15 billion US dollars, in June to 2.96 billion dollars and in July to 2.90 billion September 16, 2025"
EconomyNext,Sri Lanka manufacturing expands at slower rate in August 2025: PMI,2025-09-16,https://economynext.com/sri-lanka-manufacturing-expands-at-slower-rate-in-august-2025-pmi-240710/,"All sub-indices registered lower rates of expansion compared to the previous month. September 16, 2025"
EconomyNext,"Sri Lanka services buoyed by wholesale, retail trade",2025-09-16,https://economynext.com/sri-lanka-services-buoyed-by-wholesale-retail-trade-240717/,"Strong performances in other personal services, and accommodation, food and beverage services, amid high tourist arrival September 16, 2025"
EconomyNext,ADB's new procurement rules to require merit point criteria from 2026,2025-09-16,https://economynext.com/adbs-new-procurement-rules-to-require-merit-point-criteria-from-2026-240722/,"“This ensures that contracts are awarded to bidders capable of delivering sustainable results and long-term developmen... September 16, 2025"
EconomyNext,World Bank VP Johannes Zutt pledges ongoing support for Sri Lanka,2025-09-16,https://economynext.com/world-bank-vp-johannes-zutt-pledges-ongoing-support-for-sri-lanka-240731/,"World Bank vice president concludes official visit; reaffirms support for jobs, investment September 16, 2025"
EconomyNext,Sri Lanka to look for investors to develop Kahatagaha graphite mine,2025-09-16,https://economynext.com/sri-lanka-to-look-for-investors-to-develop-kahatagaha-graphite-mine-240756/,"Sri Lanka to invite bids for graphite development at Kahatagaha Mine. September 16, 2025"
EconomyNext,"Japan to give Sri Lanka 963mn yen to improve dairy industry, navy surveillance",2025-09-16,https://economynext.com/japan-to-give-sri-lanka-963mn-yen-to-improve-dairy-industry-navy-surveillance-240771/,"500 million yen will provide drones for Navy September 16, 2025"
EconomyNext,Sri Lanka Cabinet proceeds with casino tax amendment,2025-09-16,https://economynext.com/sri-lanka-cabinet-proceeds-with-casino-tax-amendment-240775/,"Levy to be raised by 3%, entry fee for locals to be doubled September 16, 2025"
EconomyNext,Sri Lanka GDP grows 4.9-pct in second quarter 2025,2025-09-15,https://economynext.com/sri-lanka-gdp-grows-4-9-pct-in-second-quarter-2025-240619/,"Lower interest rates, lifting of vehicle import restrictions help September 15, 2025"
EconomyNext,"World GDP forecasts raised, but evidence of US slowdown rises: Fitch",2025-09-15,https://economynext.com/world-gdp-forecasts-raised-but-evidence-of-us-slowdown-rises-fitch-240572/,"Expects world GDP to slow significantly this year, it said. September 15, 2025"
EconomyNext,"Sparkinbox forum brings Sri Lanka, Germany experts together to tackle EU trade rules",2025-09-15,https://economynext.com/sparkinbox-forum-brings-sri-lanka-germany-experts-together-to-tackle-eu-trade-rules-240579/,"Geopolitics & sustainability seizing opportunities in the EU Market September 15, 2025"
EconomyNext,Economic and Investment Summit to focus on drawing investors to Sri Lanka,2025-09-15,https://economynext.com/economic-and-investment-summit-to-focus-on-drawing-investors-to-sri-lanka-240556/,"The session will explore how Sri Lanka can accelerate much-needed reforms, mitigate risks, and unlock new opportunities September 15, 2025"
EconomyNext,"Sri Lanka 2,000 note circulation delayed by cash machine calibration",2025-09-15,https://economynext.com/sri-lanka-2000-note-circulation-delayed-by-cash-machine-calibration-240543/,"Licensed Commercial Banks are in the process of calibrating their cash-handling machines September 15, 2025"
EconomyNext,Sri Lanka’s Risk Survey points to declined confidence in medium term,2025-09-15,https://economynext.com/sri-lankas-risk-survey-points-to-declined-confidence-in-medium-term-240519/,"Global macroeconomic risks’ increased significantly amid rising geopolitical tensions September 15, 2025"
EconomyNext,Sri Lanka central bank buys US$781mn less to August 2025 than last year,2025-09-15,https://economynext.com/sri-lanka-central-bank-buys-us781mn-less-to-august-2025-than-last-year-240490/,"Sri Lanka has to maintain interest rates to collect around $200mn a month September 15, 2025"
EconomyNext,"Malaysia-Sri Lanka business chamber, National Chamber sign MoU",2025-09-14,https://economynext.com/malaysia-sri-lanka-business-chamber-national-chamber-sign-mou-240458/,"MSLBC delegation, led by its Deputy President Magandran Muthiah, were hosted by the NCCSL September 14, 2025"
EconomyNext,Foreign investors buy Sri Lanka rupee bonds for third straight week,2025-09-13,https://economynext.com/foreign-investors-buy-sri-lanka-rupee-bonds-for-third-straight-week-240445/,"Sri Lanka has witnessed around $152 million inflow into rupee bonds from Dec. 26 last year September 13, 2025"
EconomyNext,Sri Lanka budget for 2026 to be presented on Nov 7,2025-09-12,https://economynext.com/sri-lanka-budget-for-2026-to-be-presented-on-nov-7-240364/,"The first reading of the Appropriation Bill will be presented to Parliament on September 26. September 12, 2025"
EconomyNext,World Bank report slams Sri Lanka VAT amid poverty from monetary meltdown: analysis,2025-09-12,https://economynext.com/world-bank-report-slams-sri-lanka-vat-amid-poverty-from-monetary-meltdown-analysis-240310/,"A VAT reduction as well as rate cuts led to the currency and higher poverty in Sri Lanka September 12, 2025"
EconomyNext,Sri Lanka president tells USTR: minor shocks could have major impact,2025-09-11,https://economynext.com/sri-lanka-president-tells-ustr-minor-shocks-could-have-major-impact-240299/,"U.S. has imposed 20% reciprocal tariff on Sri Lanka exports, reducing from initial 44% September 11, 2025"
EconomyNext,Netherlands boosts rural bridges in Sri Lanka with extra grant,2025-09-11,https://economynext.com/netherlands-boosts-rural-bridges-in-sri-lanka-with-extra-grant-240264/,"With the additional grant, the Dutch government increased its stake to 37% in the project September 11, 2025"
EconomyNext,Sri Lanka banks cut Treasury bill holdings as private credit picks up,2025-09-11,https://economynext.com/sri-lanka-banks-cut-treasury-bill-holdings-as-private-credit-picks-up-240106/,"Sri Lanka's bill auctions have failed to be fully subscribed in recent weeks at the cut off rates September 11, 2025"
EconomyNext,EXPLAINER - Nepal in turmoil: how protests shook a nation and changed its future?,2025-09-10,https://economynext.com/explainer-nepal-in-turmoil-how-protests-shook-a-nation-and-changed-its-future-240031/,"Similar to Sri Lanka, protesters continued their protests amid violence until PM Oli's government resigned September 10, 2025"
EconomyNext,Sri Lanka's central bank launches financial literacy month to educate public,2025-09-10,https://economynext.com/sri-lankas-central-bank-launches-financial-literacy-month-to-educate-public-239996/,"The nationwide initiatives will target diverse groups, including schoolchildren, university students, youth, women, MSME September 10, 2025"
EconomyNext,Sri Lanka repays foreign debt of $952mn in 2Q including $331 sovereign bond,2025-09-10,https://economynext.com/sri-lanka-repays-foreign-debt-of-952mn-in-2q-including-331-sovereign-bond-239915/,"Many of Sri Lanka's other bond including macro-linked bonds are amortizing securities September 10, 2025"
EconomyNext,Sri Lanka cabinet clears 2026 budget bill,2025-09-09,https://economynext.com/sri-lanka-cabinet-clears-2026-budget-bill-239820/,"The Appropriation Bill was cleared by the Attorney General September 9, 2025"
EconomyNext,Sri Lanka worker remittances up 18-pct in August 2025,2025-09-08,https://economynext.com/sri-lanka-worker-remittances-up-18-pct-in-august-2025-239763/,"Worker remittances are one of the top Sri Lanka's foreign exchange revenue earners September 8, 2025"
EconomyNext,Sri Lanka loses regional deconsolidation hub status for e-commerce?,2025-09-07,https://economynext.com/sri-lanka-loses-regional-deconsolidation-hub-status-for-e-commerce-239632/,"Sri Lanka had been a deconsolidation hub for online sales before the trade clampdown September 7, 2025"
EconomyNext,"Sri Lanka foreign reserves US$6,166mn in August",2025-09-05,https://economynext.com/sri-lanka-foreign-reserves-us6166mn-in-august-239575/,"Gross reserves rise $19mn September 5, 2025"
EconomyNext,Sri Lanka to liquidate 33 inactive SOEs,2025-09-04,https://economynext.com/sri-lanka-to-liquidate-33-inactive-soes-239488/,"The state companies were mostly inactive with no staff September 4, 2025"
EconomyNext,Sri Lanka to look for investors to set up Customs point at Kerawalapitiya,2025-09-04,https://economynext.com/sri-lanka-to-look-for-investors-to-set-up-customs-point-at-kerawalapitiya-239529/,"To call for expressions of interest and requests for proposals to select a suitable private partner under a PPP model September 4, 2025"
EconomyNext,Sri Lanka delays online services VAT till April 2026,2025-09-04,https://economynext.com/sri-lanka-delays-online-services-vat-till-april-2026-239502/,"Service providers had also requested more time. September 4, 2025"
EconomyNext,Sri Lanka rupee depreciates in July amid $244mn current account surplus,2025-09-03,https://economynext.com/sri-lanka-rupee-depreciates-in-july-amid-244mn-current-account-surplus-239280/,"Before the IMF's Second Amendment state corporations that made money had a legal obligation to maintain external value September 3, 2025"
EconomyNext,Foreign investors buy Sri Lanka rupee bonds after two weeks,2025-09-02,https://economynext.com/foreign-investors-buy-sri-lanka-rupee-bonds-after-two-weeks-239259/,"Sri Lanka has seen around $130 million inflow into rupee bonds in first 8 months of 2025 September 2, 2025"
EconomyNext,Sri Lanka CEB offers VRS up to Rs5mn for excess workers,2025-09-02,https://economynext.com/sri-lanka-ceb-offers-vrs-up-to-rs5mn-for-excess-workers-239186/,"Short service employees to get 900,000 rupees September 2, 2025"
EconomyNext,Sri Lanka electric vehicle crisis to go beyond BYD,2025-09-02,https://economynext.com/sri-lanka-electric-vehicle-crisis-to-go-beyond-byd-239055/,"Customs have so far only detained BYD vehicles September 2, 2025"
EconomyNext,"Sri Lanka budget deficit down 36-pct, tax revenues up 28.2-pct",2025-09-01,https://economynext.com/sri-lanka-budget-deficit-down-36-pct-tax-revenues-up-28-2-pct-238888/,"Current spending creeping up, rising 15-pct by July September 1, 2025"
EconomyNext,"Sri Lanka foreign exchange earnings $2.6bn in July, exceeds imports by $729mn",2025-08-31,https://economynext.com/sri-lanka-foreign-exchange-earnings-2-6bn-in-july-exceeds-imports-by-729mn-238818/,"Investment and base metal imports close to crisis level numbers August 31, 2025"
EconomyNext,Sri Lanka construction expands in July 2025: PMI,2025-08-31,https://economynext.com/sri-lanka-construction-expands-in-july-2025-pmi-238711/,"A growth in road development and private sector projects in July contributed to the increase August 31, 2025"
EconomyNext,Sri Lanka vehicle import bill $506mn to July 2025,2025-08-31,https://economynext.com/sri-lanka-vehicle-import-bill-506mn-to-july-2025-238877/,"Investment goods imports surge to $2.2bn August 31, 2025"
EconomyNext,"Sri Lanka foreign reserves not growing, CB swaps on the rise: Kabir",2025-08-31,https://economynext.com/sri-lanka-foreign-reserves-not-growing-cb-swaps-on-the-rise-kabir-238857/,".Sri Lanka's central bank has increased dollar swap transactions with banks August 31, 2025"
EconomyNext,"Sri Lanka inflation up 2.0-pct over 35-months, prices deflate in Aug",2025-08-29,https://economynext.com/sri-lanka-inflation-up-2-0-pct-over-35-months-prices-deflate-in-aug-238704/,"12-month inflation up 1.2 percent August 29, 2025"
EconomyNext,Sri Lanka was stabilized after crisis under old monetary law: CB Governor,2025-08-29,https://economynext.com/sri-lanka-was-stabilized-after-crisis-under-old-monetary-law-cb-governor-238673/,"Sri Lanka enacted a new Central Bank Act (CBA) in September 2023 August 29, 2025"
EconomyNext,Sri Lanka residential land prices rise 14.4-pct in Colombo in 2025 first half,2025-08-28,https://economynext.com/sri-lanka-residential-land-prices-rise-14-4-pct-in-colombo-in-2025-first-half-238512/,"Commercial and Industrial land follow August 28, 2025"
EconomyNext,MAGA Engineering wins deal to repair Sri Lanka's Southern Expressway,2025-08-27,https://economynext.com/maga-engineering-wins-deal-to-repair-sri-lankas-southern-expressway-238472/,"MAGA Engineering (Pvt) Ltd was chosen following national competitive tender August 27, 2025"
EconomyNext,"Sri Lanka's central bank settles US$1.1bn in debt to RBI, IMF in year to March",2025-08-27,https://economynext.com/sri-lankas-central-bank-settles-us1-1bn-in-debt-to-rbi-imf-in-year-to-march-238401/,"Settling of loans with outright purchased dollars allow net foreign assets to improve August 27, 2025"
EconomyNext,US consumer spending slows as tariffs raise inflation: Fitch,2025-08-26,https://economynext.com/us-consumer-spending-slows-as-tariffs-raise-inflation-fitch-238316/,"America is Sri Lanka's largest export market August 26, 2025"
EconomyNext,Sri Lanka services exports rise 3.36-pct in July,2025-08-25,https://economynext.com/sri-lanka-services-exports-rise-3-36-pct-in-july-238241/,"ICT/BPM exports, financial services fell August 25, 2025"
EconomyNext,Sri Lanka electricity generation surge in May amid economic recovery,2025-08-25,https://economynext.com/sri-lanka-electricity-generation-surge-in-may-amid-economic-recovery-238121/,"Electricity generation is a clear proxy of underlying economic activity August 25, 2025"
EconomyNext,"Sri Lanka exports rise 15.37-pct in July, helped by tea, coconut, rubber and apparel",2025-08-25,https://economynext.com/sri-lanka-exports-rise-15-37-pct-in-july-helped-by-tea-coconut-rubber-and-apparel-238231/,"Merchandise exports for January to June 2025 rose 7.22 percent August 25, 2025"
EconomyNext,"Sri Lanka export board promotes smart agriculture, aquaculture tech",2025-08-25,https://economynext.com/sri-lanka-export-board-promotes-smart-agriculture-aquaculture-tech-238202/,"Seminar focused on adopting advanced solutions enhance productivity in agricultural and aquaculture sectors August 25, 2025"
EconomyNext,Foreign investors sell Sri Lanka rupee bonds for second straight week,2025-08-25,https://economynext.com/foreign-investors-sell-sri-lanka-rupee-bonds-for-second-straight-week-238278/,"Foreigners have so far bought USD 125 million worth rupee bonds so far this year August 25, 2025"
EconomyNext,Sri Lanka inks UK final debt restructure agreements,2025-08-24,https://economynext.com/sri-lanka-inks-uk-final-debt-restructure-agreements-238102/,"US$86mn and Yen583mn in debt restructured August 24, 2025"
EconomyNext,World Bank team discuss Sri Lanka Customs modernisation programme,2025-08-23,https://economynext.com/world-bank-team-discuss-sri-lanka-customs-modernisation-programme-237907/,"World Bank representatives ""expressed their willingness to provide the necessary international institutional support August 23, 2025"
EconomyNext,Sri Lanka ex-President Ranil Wickremesinghe arrested,2025-08-22,https://economynext.com/sri-lanka-ex-president-ranil-wickremesinghe-arrested-237820/,"Wickremesinghe became president during the worst economic crisis of post-independent Sri Lanka. August 22, 2025"
EconomyNext,Fonterra sells most downstream businesses including in Sri Lanka to Lactalis,2025-08-22,https://economynext.com/fonterra-sells-most-downstream-businesses-including-in-sri-lanka-to-lactalis-237766/,"The sale gives faster return to farmer shareholders than IPO August 22, 2025"
EconomyNext,"Sri Lanka government does not print money, it is under central bank: Minister",2025-08-21,https://economynext.com/sri-lanka-government-does-not-print-money-it-is-under-central-bank-minister-237551/,"So we have not done that. There is no legal room to do that August 21, 2025"
EconomyNext,Sri Lanka free to use more foreign inputs in duty free apparel exports to UK,2025-08-20,https://economynext.com/sri-lanka-free-to-use-more-foreign-inputs-in-duty-free-apparel-exports-to-uk-237452/,"Sri Lanka to get benefit similar to Bangladesh August 20, 2025"
EconomyNext,Sri Lanka seeks international offers to revive saltern as PPP,2025-08-20,https://economynext.com/sri-lanka-seeks-international-offers-to-revive-saltern-as-ppp-237431/,"Attempt to revive the saltern with local investors had failed to draw interest, so we are calling for foreign investors August 20, 2025"
EconomyNext,Rising risks to Indian corporates from higher US tariffs: Fitch Ratings,2025-08-19,https://economynext.com/rising-risks-to-indian-corporates-from-higher-us-tariffs-fitch-ratings-237260/,"A US-India trade deal, if secured, would reduce these risks. August 19, 2025"
EconomyNext,Sri Lanka state sugar firm to seek investors for tourism PPPs,2025-08-19,https://economynext.com/sri-lanka-state-sugar-firm-to-seek-investors-for-tourism-ppps-237265/,"Spots have been identified for development as tourist attractions August 19, 2025"
EconomyNext,"Sri Lanka to offer concessional loans to draw youth to agriculture, industry",2025-08-19,https://economynext.com/sri-lanka-to-offer-concessional-loans-to-draw-youth-to-agriculture-industry-237304/,"Up to 5 million rupees at 4 percent interest August 19, 2025"
EconomyNext,Sri Lanka Cabinet approve Maga for first stage of Central Express Highway,2025-08-19,https://economynext.com/sri-lanka-cabinet-approve-maga-for-first-stage-of-central-express-highway-237334/,"Cost for the Central Express Highway has sky rocketed due to delays August 19, 2025"
EconomyNext,"Sri Lanka sees 10,934 new active credit cards in June 2025",2025-08-18,https://economynext.com/sri-lanka-sees-10934-new-active-credit-cards-in-june-2025-237068/,"Sri Lanka has seen over 3.3 percent growth in the number of active credit cards in first six months of 2025 August 18, 2025"
EconomyNext,Foreign investors sell Sri Lanka rupee bonds after two-weeks of buying,2025-08-18,https://economynext.com/foreign-investors-sell-sri-lanka-rupee-bonds-after-two-weeks-of-buying-237046/,"Sri Lanka has seen nearly USD130 million inflows into rupee bonds so far this year August 18, 2025"
EconomyNext,"Sri Lanka deposit rates move up, overnight money market working",2025-08-18,https://economynext.com/sri-lanka-deposit-rates-move-up-overnight-money-market-working-236917/,"Overnight call rates also move up August 18, 2025"
EconomyNext,"Sri Lanka services activity rose in July, driven by trade, finance, and transportation",2025-08-16,https://economynext.com/sri-lanka-services-activity-rose-in-july-driven-by-trade-finance-and-transportation-236669/,"Driven by an increase in lending activities, and activities related to goods transportation August 16, 2025"
EconomyNext,"Sri Lanka manufacturing boosted by food, beverages, textiles and apparel production: PMI",2025-08-16,https://economynext.com/sri-lanka-manufacturing-boosted-by-food-beverages-textiles-and-apparel-production-pmi-236658/,"Manufacturing sector expanded at a higher rate to 62.2 in July 2025 August 16, 2025"
EconomyNext,"Putin praises Trump, raising hopes of avoiding secondary tariffs on India",2025-08-16,https://economynext.com/putin-praises-trump-raising-hopes-of-avoiding-secondary-tariffs-on-india-236692/,"Putin claims he would not have invaded Ukraine under a Trump presidency August 16, 2025"
EconomyNext,"Sri Lanka GDP to grow 4.5-pct in 2025, central bank says as 'reflation' looms",2025-08-15,https://economynext.com/sri-lanka-gdp-to-grow-4-5-pct-in-2025-central-bank-says-as-reflation-looms-236584/,"Reflation promised August 15, 2025"
EconomyNext,Voyage Sri Lanka 2025 to focus on boosting blue economy,2025-08-15,https://economynext.com/voyage-sri-lanka-2025-to-focus-on-boosting-blue-economy-236502/,"Panel discussions to focus on offshore oil & gas exploration, Trincomalee, and boat building and nautical tourism August 15, 2025"
EconomyNext,US envoy calls for reducing Sri Lanka non-tariff barriers,2025-08-15,https://economynext.com/us-envoy-calls-for-reducing-sri-lanka-non-tariff-barriers-236451/,"US ambassador met Ceylon Chamber of Commerce officials August 15, 2025"
EconomyNext,Sri Lanka central bank swaps rise as net foreign exchange reserves fall amid rate cuts,2025-08-14,https://economynext.com/sri-lanka-central-bank-swaps-rise-as-net-foreign-exchange-reserves-fall-amid-rate-cuts-236170/,"Net foreign assets also fell for the first time in June August 14, 2025"
EconomyNext,Estimating the economic cost of US tariffs on Sri Lanka,2025-08-14,https://economynext.com/estimating-the-economic-cost-of-us-tariffs-on-sri-lanka-236348/,"Institute of Policy Studies of Sri Lanka (IPS) article By By Asanka Wijesinghe August 14, 2025"
EconomyNext,Sri Lanka Customs launches new documentation system to boost transparency,2025-08-14,https://economynext.com/sri-lanka-customs-launches-new-documentation-system-to-boost-transparency-236377/,"Importers, exporters have long complained about delays caused by excessive paperwork, inconsistent procedures August 14, 2025"
EconomyNext,Sri Lanka's CTC says tobacco volumes show recovery in June,2025-08-13,https://economynext.com/sri-lankas-ctc-says-tobacco-volumes-show-recovery-in-june-236007/,"The firm did not give reasons for the increase in volumes August 13, 2025"
EconomyNext,"Sri Lanka deflation not a concern, economy growing: CB Governor",2025-08-13,https://economynext.com/sri-lanka-deflation-not-a-concern-economy-growing-cb-governor-235846/,"It is not a concern because as long as the economy is growing at a healthy rate August 13, 2025"
EconomyNext,Sri Lanka’s EDCM focuses on entering into new tariff deal in exports,2025-08-13,https://economynext.com/sri-lankas-edcm-focuses-on-entering-into-new-tariff-deal-in-exports-236100/,"Sri Lanka has aimed at boosting its export earnings to more than double by 2030 August 13, 2025"
EconomyNext,Vietnam’s ROX Group seeks assistance to establish industrial zone in Sri Lanka: PMD,2025-08-12,https://economynext.com/vietnams-rox-group-seeks-assistance-to-establish-industrial-zone-in-sri-lanka-pmd-235839/,"Indicated interest in the renewable energy and real estate sectors August 12, 2025"
EconomyNext,"Sri Lanka approves over 62,000 state jobs in last eight months: Minister",2025-08-12,https://economynext.com/sri-lanka-approves-over-62000-state-jobs-in-last-eight-months-minister-235817/,"Sri Lanka has committed IMF to downsize government sector to reduce wage bill August 12, 2025"
EconomyNext,Sri Lanka to map its rubber plantations using GIS,2025-08-12,https://economynext.com/sri-lanka-to-map-its-rubber-plantations-using-gis-235747/,"In response to new regulations by the European Union that must be complied with when exporting rubber and related goods August 12, 2025"
EconomyNext,"Sri Lanka monetary policy balanced, space to cut on an external impact: CB Governor",2025-08-12,https://economynext.com/sri-lanka-monetary-policy-balanced-space-to-cut-on-an-external-impact-cb-governor-235718/,"""But without needing that support, pushing it through can create bubbles or burst cycles August 12, 2025"
EconomyNext,Sri Lanka underutilized land to be offered to investors: Minister,2025-08-12,https://economynext.com/sri-lanka-underutilized-land-to-be-offered-to-investors-minister-235713/,"""Investors, including small and medium scale entrepreneurs, can use them for economically productive projects,"" August 12, 2025"
EconomyNext,"Sri Lanka discussing tax, local market access for Sinopec refinery: Minister",2025-08-12,https://economynext.com/sri-lanka-discussing-tax-local-market-access-for-sinopec-refinery-minister-235704/,"There are a few things yet to be agreed upon. August 12, 2025"
EconomyNext,"Sri Lanka exchange rate stability giving investor confidence, predictability: CSE director",2025-08-12,https://economynext.com/sri-lanka-exchange-rate-stability-giving-investor-confidence-predictability-cse-director-235648/,"A key highlight of our recent achievement is the stability of the Sri Lankan rupee August 12, 2025"
EconomyNext,Sri Lanka central bank net foreign reserves fall over US$100mn in June: Analysis,2025-08-11,https://economynext.com/sri-lanka-central-bank-net-foreign-reserves-fall-over-us100mn-in-june-analysis-235445/,"Reserve losses comes amid strong fiscal corrections August 11, 2025"
EconomyNext,Sri Lanka President moots transforming dairy and livestock farming in pre-budget discussion,2025-08-11,https://economynext.com/sri-lanka-president-moots-transforming-dairy-and-livestock-farming-in-pre-budget-discussion-235597/,"Financial allocations alone are insufficient August 11, 2025"
EconomyNext,Sri Lanka unemployment rate falls to 3.8-pct in 1Q 2025,2025-08-11,https://economynext.com/sri-lanka-unemployment-rate-falls-to-3-8-pct-in-1q-2025-235485/,"Over 200,000 jobs created in the past year August 11, 2025"
EconomyNext,Sri Lanka in talks on a voluntary restructure of some residual 2022 ISBs,2025-08-10,https://economynext.com/sri-lanka-in-talks-on-a-voluntary-restructure-of-some-residual-2022-isbs-235443/,"Restructure in line with most favoured creditor clause August 10, 2025"
EconomyNext,Sri Lanka beats IMF June fiscal targets with room to spare,2025-08-10,https://economynext.com/sri-lanka-beats-imf-june-fiscal-targets-with-room-to-spare-235428/,"Primary deficit sharply exceeded August 10, 2025"
EconomyNext,Sri Lanka worker remittances up 23-pct in July 2025,2025-08-10,https://economynext.com/sri-lanka-worker-remittances-up-23-pct-in-july-2025-235382/,"Remittances have been on the rise since Central Bank gave up parallel exchange rate August 10, 2025"
EconomyNext,Sri Lanka’s public debt office to evaluate liability management by January 2026,2025-08-09,https://economynext.com/sri-lankas-public-debt-office-to-evaluate-liability-management-by-january-2026-235297/,"""The office is gradually scaling up and is expected to be fully operational by January 2026."" August 9, 2025"
EconomyNext,Weakening global growth to raise credit risks for emerging market issuers: Fitch,2025-08-08,https://economynext.com/weakening-global-growth-to-raise-credit-risks-for-emerging-market-issuers-fitch-235291/,"Revised 2025 sector outlooks for Asia-Pacific, Eastern Europe and Sub-Saharan Africa sovereigns to ‘deteriorating’, August 8, 2025"
EconomyNext,Sri Lanka foreign reserves marginally up in July to US$6.1bn,2025-08-08,https://economynext.com/sri-lanka-foreign-reserves-marginally-up-in-july-to-us6-1bn-235304/,"Sri Lanka's central bank has not been able to grow its gross reserves for nine months August 8, 2025"
EconomyNext,Sri Lanka BYD agents say Customs to release detained cars on bank guarantee,2025-08-08,https://economynext.com/sri-lanka-byd-agents-say-customs-to-release-detained-cars-on-bank-guarantee-235324/,"The vehicles were detained by after a complaint that it had the same physical motor as in a 150kW August 8, 2025"
EconomyNext,Sri Lanka yet to finalize US tariff deal: President,2025-08-07,https://economynext.com/sri-lanka-yet-to-finalize-us-tariff-deal-president-235251/,"The US has set 20-pct tariff for Sri Lanka August 7, 2025"
EconomyNext,"Sri Lanka officials, exporters discuss how to tackle 20-pct US tariff",2025-08-07,https://economynext.com/sri-lanka-officials-exporters-discuss-how-to-tackle-20-pct-us-tariff-235219/,"Government and export sector representatives discuss future actions to be taken in
facing the impact of US tariffs August 7, 2025"
EconomyNext,"Sri Lanka  vehicle import LCs to reach US$1,500-1,800mn in 2025: President",2025-08-07,https://economynext.com/sri-lanka-vehicle-import-lcs-to-reach-us1500-1800mn-in-2025-president-235246/,"Government expects to grow reserves to 7 billion dollars by the end of this year. August 7, 2025"
EconomyNext,Sri Lanka likely to exceed 2025 revenue target of Rs4.5 trillion: President,2025-08-07,https://economynext.com/sri-lanka-likely-to-exceed-2025-revenue-target-of-rs4-5-trillion-president-235270/,"Sri Lanka's tax revenue under IMF bailout package has risen steadily August 7, 2025"
EconomyNext,Trump slams new 25-pct tax on India for importing Russian oil,2025-08-06,https://economynext.com/trump-slams-new-25-pct-tax-on-india-for-importing-russian-oil-235107/,"Threatens other countries that import from Rssia August 6, 2025"
EconomyNext,"BYD leads Sri Lanka brand new car sales, Yadea top EV bike",2025-08-06,https://economynext.com/byd-leads-sri-lanka-brand-new-car-sales-yadea-top-ev-bike-235012/,". August 6, 2025"
EconomyNext,"Sri Lanka vehicle registration rise to 35,000 in July, mobikes almost at pre-crisis levels",2025-08-06,https://economynext.com/sri-lanka-vehicle-registration-rise-to-35000-in-july-mobikes-almost-at-pre-crisis-levels-234977/,"Car and Crossover numbers also pick up August 6, 2025"
EconomyNext,"Sri Lanka anti-dumping law to protect tile, bathware and shoe industries: Minister",2025-08-05,https://economynext.com/sri-lanka-anti-dumping-law-to-protect-tile-bathware-and-shoe-industries-minister-234808/,"They can complain under this mechanism August 5, 2025"
EconomyNext,SriLankan Airlines bond first restructure talks fail,2025-08-05,https://economynext.com/srilankan-airlines-bond-first-restructure-talks-fail-234863/,"Gap too wide, government says August 5, 2025"
EconomyNext,Sri Lanka collects Rs129bn in excise duties from vehicles,2025-08-05,https://economynext.com/sri-lanka-collects-rs129bn-in-excise-duties-from-vehicles-234777/,"Import value added tax and duty also went up August 5, 2025"
EconomyNext,"Sri Lanka is clearing AliExpres, Temu goods with border taxes, no de minimis",2025-08-05,https://economynext.com/sri-lanka-is-clearing-aliexpres-temu-goods-with-border-taxes-no-de-minimis-234668/,"Decision on de minimis to be taken by commitee August 5, 2025"
EconomyNext,Sri Lanka budget revenues up 25-pct in June 2025,2025-08-05,https://economynext.com/sri-lanka-budget-revenues-up-25-pct-in-june-2025-234652/,"Current spending rise 15-pct August 5, 2025"
EconomyNext,Sri Lanka central bank makes over $750mn unsterilized forex sales to govt,2025-08-04,https://economynext.com/sri-lanka-central-bank-makes-over-750mn-unsterilized-forex-sales-to-govt-234375/,"Unsterilized reserves sales are automatically deflationary August 4, 2025"
EconomyNext,"Sri Lanka current forex earnings US$2.28bn in June, vehicles LCs $1.2bn since Feb",2025-08-03,https://economynext.com/sri-lanka-current-forex-earnings-us2-28bn-in-june-vehicles-lcs-1-2bn-since-feb-234365/,"Current inflows exceeded imports by 604 million dollars in June August 3, 2025"
EconomyNext,"US tariff cut vote of confidence on Sri Lanka governance reforms, economy: EDB chief",2025-08-03,https://economynext.com/us-tariff-cut-vote-of-confidence-on-sri-lanka-governance-reforms-economy-edb-chief-234355/,"This achievement is a clear demonstration of what can be accomplished when the public and private sectors work as one August 3, 2025"
EconomyNext,"Sri Lanka to facilitate imports from the US, anti-graft helps reduce Trump tariffs",2025-08-01,https://economynext.com/sri-lanka-to-facilitate-imports-from-the-us-anti-graft-helps-reduce-trump-tariffs-234197/,"Country has achieved the first objective of maintaining competitio August 1, 2025"
EconomyNext,"JAAF thanks negotiators, Sri Lanka envoy in Washington for tariff resolution",2025-08-01,https://economynext.com/jaaf-thanks-negotiators-sri-lanka-envoy-in-washington-for-tariff-resolution-234205/,"""Sri Lanka’s rate aligns closely with other key apparel exporting nations in the region August 1, 2025"
EconomyNext,Ceylon Chamber commends Sri Lanka negotiators after tariff reduction,2025-08-01,https://economynext.com/ceylon-chamber-commends-sri-lanka-negotiators-after-tariff-reduction-234207/,"We appreciate the efforts of the officials involved for their proactive and strategic efforts August 1, 2025"
EconomyNext,Sri Lanka construction expands in June 2025: PMI,2025-08-01,https://economynext.com/sri-lanka-construction-expands-in-june-2025-pmi-234096/,"Firms had reported that negotiations are underway to recommence some of the temporarily halted construction projects August 1, 2025"
EconomyNext,Sri Lanka rupee depreciates amid record current account surplus : analysis,2025-08-01,https://economynext.com/sri-lanka-rupee-depreciates-amid-record-current-account-surplus-analysis-234065/,"Sri Lanka ran external current account surpluses of 1,495 million dollars from January to June 2025 August 1, 2025"
EconomyNext,Sri Lanka gets 20-pct Trump tariff,2025-08-01,https://economynext.com/sri-lanka-gets-20-pct-trump-tariff-233994/,"Executive Order August 1, 2025"
EconomyNext,"Fed keeps rates unchanged, in split decision",2025-07-31,https://economynext.com/fed-keeps-rates-unchanged-in-split-decision-233765/,"Inflation remains somewhat elevated July 31, 2025"
EconomyNext,Trump says did a deal with Pakistan involving oil exploration,2025-07-31,https://economynext.com/trump-says-did-a-deal-with-pakistan-involving-oil-exploration-233790/,"Who knows, maybe they’ll be selling Oil to India some day! - Trump July 31, 2025"
EconomyNext,"Trump imposes 15 tariff on Korea, suspends de minimis citing drugs",2025-07-31,https://economynext.com/trump-imposes-15-tariff-on-korea-suspends-de-minimis-citing-drugs-233783/,"Korea to give $350mn to invest at his discretion, Trump said July 31, 2025"
EconomyNext,Trump says Canada recognition of Palestine hurts trade deal,2025-07-31,https://economynext.com/trump-says-canada-recognition-of-palestine-hurts-trade-deal-233853/,"Canada will recognize a Palestinian state in September July 31, 2025"
EconomyNext,"Defence, security cooperation discussed at third Japan–Sri Lanka policy meet",2025-07-31,https://economynext.com/defence-security-cooperation-discussed-at-third-japan-sri-lanka-policy-meet-233879/,"Discussions focused on strengthening economic cooperation, with particular emphasis on shared interests July 31, 2025"
EconomyNext,"Sri Lanka consumer prices rise 2.9-pct over 34-months, July prices down",2025-07-31,https://economynext.com/sri-lanka-consumer-prices-rise-2-9-pct-over-34-months-july-prices-down-233947/,"Food prices down 1.57-pct since September 2022 July 31, 2025"
EconomyNext,Sri Lanka opens US$1.2bn of vehicle import LCs : President,2025-07-31,https://economynext.com/sri-lanka-opens-us1-2bn-of-vehicle-import-lcs-president-233969/,"As of yesterday, we have opened LCs worth 1200 million dollar for vehicle imports July 31, 2025"
EconomyNext,Sri Lanka to test Chinese BYD EV motor as Harsha warns on international standards,2025-07-30,https://economynext.com/sri-lanka-to-test-chinese-byd-ev-motor-as-harsha-warns-on-international-standards-233726/,"Vehicles detained pending customs probe July 30, 2025"
EconomyNext,India to pay 25-pct tariff plus Russia penalty Trump says as Sri Lanka awaits decision,2025-07-30,https://economynext.com/india-to-pay-25-pct-tariff-plus-russia-penalty-trump-says-as-sri-lanka-awaits-decision-233742/,"India has most strenuous and obnoxious non-tariff barriers Trump said July 30, 2025"
EconomyNext,"Sri Lanka apparel exporters teach EU due diligence rules to rubber, tea exporters",2025-07-30,https://economynext.com/sri-lanka-apparel-exporters-teach-eu-due-diligence-rules-to-rubber-tea-exporters-233671/,"EU policies, such as the deforestation regulation, will impact other Sri Lankan exports like rubber and timber. July 30, 2025"
EconomyNext,"IMF upgrades world, India, China growth on lower Trump tariffs, warns on fiscal risks",2025-07-29,https://economynext.com/imf-upgrades-world-india-china-growth-on-lower-trump-tariffs-warns-on-fiscal-risks-233473/,"Warns on fiscal risk July 29, 2025"
EconomyNext,Sri Lanka resident investors buy restructured ISBs from foreigners,2025-07-29,https://economynext.com/sri-lanka-resident-investors-buy-restructured-isbs-from-foreigners-233285/,"Local sovereign bond holdings go up July 29, 2025"
EconomyNext,"Sri Lanka exports rise 6.85-pct in June 2025, helped by tea, coconut and apparel",2025-07-28,https://economynext.com/sri-lanka-exports-rise-6-85-pct-in-june-2025-helped-by-tea-coconut-and-apparel-233128/,"Export earnings from apparel and textiles increased by 3.71 percent July 28, 2025"
EconomyNext,US and EU reach 15-pct 'all inclusive' Trump tariff deal as Sri Lanka continues talks,2025-07-28,https://economynext.com/us-and-eu-reach-15-pct-all-inclusive-trump-tariff-deal-as-sri-lanka-continues-talks-232937/,"Other deals Trump he he was ""doing them at the low end, not the high end because we don't want to hurt anybody"" July 28, 2025"
EconomyNext,Sri Lanka can change inflation target if not appropriate: Minister,2025-07-28,https://economynext.com/sri-lanka-can-change-inflation-target-if-not-appropriate-minister-232957/,"The current three-year inflation agreement signed with the government runs out in 2026 July 28, 2025"
EconomyNext,"Sri Lanka Plantations Association say Trump tariffs will hurt tea, rubber farms",2025-07-28,https://economynext.com/sri-lanka-plantations-association-say-trump-tariffs-will-hurt-tea-rubber-farms-233084/,"Some orders were suspended on the existing 10 percent tariff July 28, 2025"
EconomyNext,Sri Lanka services exports rise 16.38-pct in June,2025-07-28,https://economynext.com/sri-lanka-services-exports-rise-16-38-pct-in-june-233167/,"With merchandise exports, total exports grew 8.73 percent to 1,460.34 million US dollars in June. July 28, 2025"
EconomyNext,"Sri Lanka Customs detain around 1,000 BYD EVs in motor capacity probe",2025-07-28,https://economynext.com/sri-lanka-customs-detain-around-1000-byd-evs-in-motor-capacity-probe-233141/,"The difference in taxes between 100kW and 150kW car could be as much as 4 million By By Shihar Aneez July 28, 2025"
EconomyNext,Sri Lanka sees foreign selling in rupee bonds after two-week buying,2025-07-26,https://economynext.com/sri-lanka-sees-foreign-selling-in-rupee-bonds-after-two-week-buying-232911/,"Sri Lanka has seen net $95 million inflows so far this year July 26, 2025"
EconomyNext,Sri Lanka President in virtual tariff talks with US Trade Rep,2025-07-25,https://economynext.com/sri-lanka-president-in-virtual-tariff-talks-with-us-trade-rep-232823/,"Apparel exports to the US was down in June July 25, 2025"
EconomyNext,"Sri Lanka apparel exports down 5.7-pct to US in June, up 23-pct to EU",2025-07-25,https://economynext.com/sri-lanka-apparel-exports-down-5-7-pct-to-us-in-june-up-23-pct-to-eu-232819/,"Exports to the UK also grew 20.4 percent. July 25, 2025"
EconomyNext,Japanese team in Sri Lanka to study expanding investment opportunities,2025-07-25,https://economynext.com/japanese-team-in-sri-lanka-to-study-expanding-investment-opportunities-232783/,"They are also scheduled to discuss investments with Sri Lankan public and private companies. July 25, 2025"
EconomyNext,"IMF urges Sri Lanka budget 2026 in line with program after visit, warns on Trump tariff",2025-07-25,https://economynext.com/imf-urges-sri-lanka-budget-2026-in-line-with-program-after-visit-warns-on-trump-tariff-232709/,"Should such shocks materialize, they will be addressed within the contours of the EFF program July 25, 2025"
EconomyNext,"Tariff, market and geopolitical risks persist, but markets resilient: Fitch",2025-07-25,https://economynext.com/tariff-market-and-geopolitical-risks-persist-but-markets-resilient-fitch-232699/,"Economic data and capital markets this year have been notably resilient, reflecting optimism July 25, 2025"
EconomyNext,Sri Lanka debt to GDP ratio edges up in March 2025,2025-07-25,https://economynext.com/sri-lanka-debt-to-gdp-ratio-edges-up-in-march-2025-232623/,"Sri Lanka operates a so-called flexible exchange rate July 25, 2025"
EconomyNext,"Sri Lanka can come up with new instruments, no need to sell CB-held bonds now: Governor",2025-07-24,https://economynext.com/sri-lanka-can-come-up-with-new-instruments-no-need-to-sell-cb-held-bonds-now-governor-232523/,"If not, we have to come up with an instrument for open market operations July 24, 2025"
EconomyNext,Trump says lower tariffs only for nations that open market as Sri Lanka seeks reduction,2025-07-24,https://economynext.com/trump-says-lower-tariffs-only-for-nations-that-open-market-as-sri-lanka-seeks-reduction-232484/,"I will only lower tariffs if a country agrees to open its market July 24, 2025"
EconomyNext,Sri Lanka CB hopes acceleration in public investment projects to spur growth,2025-07-24,https://economynext.com/sri-lanka-cb-hopes-acceleration-in-public-investment-projects-to-spur-growth-232521/,"IMF has estimated 2025 growth at 3.5-pct, less that government's 5-pct July 24, 2025"
EconomyNext,Wasantha de Silva elected President of Sri Lanka Pakistan Business Council,2025-07-24,https://economynext.com/wasantha-de-silva-elected-president-of-sri-lanka-pakistan-business-council-232567/,"The SLPBC aims to promote trade, services, and tourism between Sri Lanka and Pakistan. July 24, 2025"
EconomyNext,Sri Lanka CB sees more room for credit growth without overheating,2025-07-23,https://economynext.com/sri-lanka-cb-sees-more-room-for-credit-growth-without-overheating-232482/,"CB chief says lower credit demand from state firms has made more money available for private sector July 23, 2025"
EconomyNext,Thailand envoy discusses full implementation of Sri Lanka FTA,2025-07-23,https://economynext.com/thailand-envoy-discusses-full-implementation-of-sri-lanka-fta-232475/,"Ambassador Paitoon Mahapannaporn ""expressed hope for the full implementation of FTA between the two countries July 23, 2025"
EconomyNext,Sri Lanka CB chief says no plans to limit car imports,2025-07-23,https://economynext.com/sri-lanka-cb-chief-says-no-plans-to-limit-car-imports-232437/,"IMF reports say $675 million worth LOC opened for vehicle import in nearly 4 months July 23, 2025"
EconomyNext,Sri Lanka's National Chamber to promote economic ties in session with Vietnam envoy,2025-07-23,https://economynext.com/sri-lankas-national-chamber-to-promote-economic-ties-in-session-with-vietnam-envoy-232407/,". July 23, 2025"
EconomyNext,"Sri Lanka central bank keeps policy rate at 7.75-pct, says will push up cost of living and growth",2025-07-23,https://economynext.com/sri-lanka-central-bank-keeps-policy-rate-at-7-75-pct-says-will-push-up-cost-of-living-and-growth-232314/,"In Sri Lanka there is a belief that high inflation is needed for growth July 23, 2025"
EconomyNext,"Japan gets 15-pct Trump tariff, Indonesia and Philippines 19-pct as Sri Lanka continues talks",2025-07-23,https://economynext.com/japan-gets-15-pct-trump-tariff-indonesia-and-philippines-19-pct-as-sri-lanka-continues-talks-232268/,"We just completed a massive Deal with Japan, perhaps the largest Deal ever made July 23, 2025"
EconomyNext,Sri Lanka to have another round of Trump tariff talks with US after progress,2025-07-22,https://economynext.com/sri-lanka-to-have-another-round-of-trump-tariff-talks-with-us-after-progress-231996/,"Progress made in first round July 22, 2025"
EconomyNext,Gita Gopinath to leave the IMF for Harvard,2025-07-22,https://economynext.com/gita-gopinath-to-leave-the-imf-for-harvard-232019/,"To be inaugural Gregory and Ania Coffey Professor of Economics July 22, 2025"
EconomyNext,"Sri Lanka sees 9,316 new active credit cards in May 2025",2025-07-22,https://economynext.com/sri-lanka-sees-9316-new-active-credit-cards-in-may-2025-231681/,". July 22, 2025"
EconomyNext,Sri Lanka sets price control formula for drugs,2025-07-22,https://economynext.com/sri-lanka-sets-price-control-formula-for-drugs-232082/,"Two formulae gazetted July 22, 2025"
EconomyNext,Sri Lanka govt sees spending on capital investments accelerating “soon”,2025-07-22,https://economynext.com/sri-lanka-govt-sees-spending-on-capital-investments-accelerating-soon-232152/,"Govt has allocated over Rs. 1.3 trillion worth capital investment projects for 2025 July 22, 2025"
EconomyNext,Sri Lanka sees foreign buying in rupee bonds for second straight week,2025-07-21,https://economynext.com/sri-lanka-sees-foreign-buying-in-rupee-bonds-for-second-straight-week-231679/,"Trump tariff threats have led to outflow from global equity funds: Foreign Media July 21, 2025"
EconomyNext,Sri Lanka President discusses investment policy reforms with IMF mission,2025-07-21,https://economynext.com/sri-lanka-president-discusses-investment-policy-reforms-with-imf-mission-231962/,"IMF representatives ""agreed to extend the necessary support to maintain economic stability July 21, 2025"
EconomyNext,Sri Lanka begins IMF talks for next review: Minister,2025-07-21,https://economynext.com/sri-lanka-begins-imf-talks-for-next-review-minister-231885/,"Sri Lanka will discuss the progress achieved so far and the way forward July 21, 2025"
EconomyNext,Sri Lanka Port City Browns unit gets 25-year tax holiday for financial centre,2025-07-21,https://economynext.com/sri-lanka-port-city-browns-unit-gets-25-year-tax-holiday-for-financial-centre-231815/,"In addition to income tax and withholding tax, the firm will also be exempted from value added tax, import duties July 21, 2025"
EconomyNext,Sri Lanka Port City ICC unit gets 25-year tax holiday for Rs13.8bn residential towers,2025-07-21,https://economynext.com/sri-lanka-port-city-icc-unit-gets-25-year-tax-holiday-for-rs13-8bn-residential-towers-231842/,"To built two high end residential towers and luxury villas July 21, 2025"
EconomyNext,"Sri Lanka got UK advisors and went down like Britain before Keith Joseph, Thatcher: Ranil",2025-07-21,https://economynext.com/sri-lanka-got-uk-advisors-and-went-down-like-britain-before-keith-joseph-thatcher-ranil-231739/,"At that time, UK was declining. So, we went down with it July 21, 2025"
EconomyNext,"Sri Lanka African Swine Fever epidemic waning after claiming 67,000 pigs",2025-07-20,https://economynext.com/sri-lanka-african-swine-fever-epidemic-waning-after-claiming-67000-pigs-231074/,"Some banks hesitate to give credit because fears of a resurgence of the disease July 20, 2025"
EconomyNext,"Sri Lanka to charge VAT on Paypal, Stripe, amid existing IMF MCPs",2025-07-20,https://economynext.com/sri-lanka-to-charge-vat-on-paypal-stripe-amid-existing-imf-mcps-231696/,"Financial services are exempt from VAT in countries with well-functioning tax systems July 20, 2025"
EconomyNext,Sri Lanka financial account back in deficit by US$610mn in 1Q amid debt repayments,2025-07-19,https://economynext.com/sri-lanka-financial-account-back-in-deficit-by-us610mn-in-1q-amid-debt-repayments-231545/,"Sri Lanka's financial account has mostly been in deficit since the last quarter of 2022 July 19, 2025"
EconomyNext,US effective tariff rate may jump to 19.4-pct with new tariffs: Fitch Ratings,2025-07-18,https://economynext.com/us-effective-tariff-rate-may-jump-to-19-4-pct-with-new-tariffs-fitch-ratings-231403/,"The US president sent letters to countries setting forth new tariff rates, which range from 25% to 50%. July 18, 2025"
EconomyNext,US breaching OCC agreements with Sri Lanka: ex-President,2025-07-18,https://economynext.com/us-breaching-occ-agreements-with-sri-lanka-ex-president-231337/,"We have to tell the IMF tell the bondholders to go to the U.S. and collect the money July 18, 2025"
EconomyNext,Sri Lanka SOE sales not completed due to following proper procedure: ex-President,2025-07-18,https://economynext.com/sri-lanka-soe-sales-not-completed-due-to-following-proper-procedure-ex-president-231419/,"Wickremesinghe said there was no 'delay' as such but the process was time consuming July 18, 2025"
EconomyNext,Sri Lanka to have online Trump tariff talks today,2025-07-18,https://economynext.com/sri-lanka-to-have-online-trump-tariff-talks-today-231445/,"Sri Lankan government is having ongoing negotiations with the US Trade Agency July 18, 2025"
EconomyNext,Sri Lanka in talks for duty free access to over 800 goods to US: report,2025-07-17,https://economynext.com/sri-lanka-in-talks-for-duty-free-access-to-over-800-goods-to-us-report-231314/,"Sri Lanka imported around $300mn in goods last year from the US July 17, 2025"
EconomyNext,Sri Lanka Inland Revenue to look into MP tax discrimination allegations: Minister,2025-07-17,https://economynext.com/sri-lanka-inland-revenue-to-look-into-mp-tax-discrimination-allegations-minister-231015/,"An opposition MP has posted his salary details, showing PAYE deduction is far below ordinary person July 17, 2025"
EconomyNext,Sri Lanka PUCSL to be accountable for CEB finances in new IMF benchmark,2025-07-17,https://economynext.com/sri-lanka-pucsl-to-be-accountable-for-ceb-finances-in-new-imf-benchmark-231099/,"Pricing methodology to be revised by November 2025 July 17, 2025"
EconomyNext,Sri Lanka President urges budget priorities for 2026,2025-07-17,https://economynext.com/sri-lanka-president-urges-budget-priorities-for-2026-231172/,"Ministries to submit proposals within allocated limits by end July July 17, 2025"
EconomyNext,"Indonesia strikes 19-pct tariff deal, Trump says, days after Sri Lanka style letter",2025-07-16,https://economynext.com/indonesia-strikes-19-pct-tariff-deal-trump-says-days-after-sri-lanka-style-letter-230845/,"Indonesia earlier received 32-pct letter on April 07 July 16, 2025"
EconomyNext,Sri Lanka coconut product exporters raise alarm over 30-pct Trump tariff,2025-07-16,https://economynext.com/sri-lanka-coconut-product-exporters-raise-alarm-over-30-pct-trump-tariff-231061/,"Out of 857 million dollars of annual exports 160 million went to the US July 16, 2025"
EconomyNext,Sri Lanka to buy US$2.5bn for fx reserves till next June under IMF deal,2025-07-16,https://economynext.com/sri-lanka-to-buy-us2-5bn-for-fx-reserves-till-next-june-under-imf-deal-230903/,"We are gradually rebuilding gross international reserves including through outright FX purchases July 16, 2025"
EconomyNext,Sri Lanka manufacturing employment drops amid Trump tariffs: PMI,2025-07-16,https://economynext.com/sri-lanka-manufacturing-employment-drops-amid-trump-tariffs-pmi-230862/,"Employment contracted during the month July 16, 2025"
EconomyNext,"Sri Lanka has little room for monetary easing, based on Taylor rule: IMF",2025-07-15,https://economynext.com/sri-lanka-has-little-room-for-monetary-easing-based-on-taylor-rule-imf-230665/,"Taylor rule is an anchor that was proposed for floating regimes July 15, 2025"
EconomyNext,Sri Lanka committee to solve AliExpress and Temu tax crisis,2025-07-15,https://economynext.com/sri-lanka-committee-to-solve-aliexpress-and-temu-tax-crisis-230751/,"Short term solutions and long term framework expected July 15, 2025"
EconomyNext,Sri Lanka restructures debt from Saudi Arabia,2025-07-14,https://economynext.com/sri-lanka-restructures-debt-from-saudi-arabia-230663/,"Already Sri Lanka has signed debt restructuring agreement with China, Japan, and India July 14, 2025"
EconomyNext,Sri Lanka central bank skating on thin default ice with latest rate cut,2025-07-14,https://economynext.com/sri-lanka-central-bank-skating-on-thin-default-ice-with-latest-rate-cut-230410/,"The buffer is not foreign reserves as the IMF and macroeconomists imagine, it is the interest rate By By Bellwether July 14, 2025"
EconomyNext,Hamilton Reserve $250mn outside Sri Lanka's most favoured creditor clause,2025-07-13,https://economynext.com/hamilton-reserve-250mn-outside-sri-lankas-most-favoured-creditor-clause-230396/,"The litigation entails risk to debt sustainability July 13, 2025"
EconomyNext,Sri Lanka Trump tariff shock too early to assess: CB Governor,2025-07-13,https://economynext.com/sri-lanka-trump-tariff-shock-too-early-to-assess-cb-governor-230394/,". July 13, 2025"
EconomyNext,Sri Lanka imports fall in May 2025 amid higher vehicle shipments,2025-07-13,https://economynext.com/sri-lanka-imports-fall-in-may-2025-amid-higher-vehicle-shipments-230345/,"Services inflows dip in May July 13, 2025"
EconomyNext,Sri Lanka June 2025 remittances up 22.3-pct; Jan-June sees over $3.7bn,2025-07-12,https://economynext.com/sri-lanka-june-2025-remittances-up-22-3-pct-jan-june-sees-over-3-7bn-230214/,"Sri Lanka in process of sending more workers to bring in higher FX since 2022 sovereign default July 12, 2025"
EconomyNext,"Trump tariff of 30-pct for EU and Mexico, India said to expect below 20-pct",2025-07-12,https://economynext.com/trump-tariff-of-30-pct-for-eu-and-mexico-india-said-to-expect-below-20-pct-230334/,"Says cartels from Mexico turning the US into a Narco Trafficking Playground July 12, 2025"
EconomyNext,"Sri Lanka President meets exporters, discusses Trump tariff",2025-07-12,https://economynext.com/sri-lanka-president-meets-exporters-discusses-trump-tariff-230279/,"Objective of the government is to implement changes that will benefit the country's economy July 12, 2025"
EconomyNext,Sri Lanka apparels to get duty free access to UK with Asian or African inputs,2025-07-11,https://economynext.com/sri-lanka-apparels-to-get-duty-free-access-to-uk-with-asian-or-african-inputs-230073/,"To go into effect in early 2026 July 11, 2025"
EconomyNext,Sri Lanka's new public debt management office getting ready to sell gilts,2025-07-11,https://economynext.com/sri-lankas-new-public-debt-management-office-getting-ready-to-sell-gilts-230002/,"The central bank is helping the PDMO get on-the-job-training July 11, 2025"
EconomyNext,"Sri Lanka rupee closes weaker, bonds steady",2025-07-11,https://economynext.com/sri-lanka-rupee-closes-weaker-bonds-steady-230123/,"Out of an auction of 200 billion rupees, only 142 billion was subscribed July 11, 2025"
EconomyNext,"Sri Lanka promises structural reforms, financial viability of SOEs to IMF",2025-07-11,https://economynext.com/sri-lanka-promises-structural-reforms-financial-viability-of-soes-to-imf-230081/,"Sri Lanka's current government has opposed privatization move under SOE restructuring proposed by previous govt July 11, 2025"
EconomyNext,Sri Lanka gets 30-pct Trump tariff letter,2025-07-10,https://economynext.com/sri-lanka-gets-30-pct-trump-tariff-letter-229725/,"Sri Lanka originally issued 44-pct rate July 10, 2025"
EconomyNext,Apparel makers seek 300-400-pct tax hike on Sri Lankans amid Trump tariffs,2025-07-10,https://economynext.com/apparel-makers-seek-300-400-pct-tax-hike-on-sri-lankans-amid-trump-tariffs-229866/,"Sri Lanka Apparel Brand Association claims to have fired the first shot against online platforms July 10, 2025"
EconomyNext,"India may get lower than Sr Lanka Trump tariff, JAAF warns",2025-07-10,https://economynext.com/india-may-get-lower-than-sr-lanka-trump-tariff-jaaf-warns-229860/,"India was only given a 29 percent rate originally, compared to Sri Lanka's 44 percent. July 10, 2025"
EconomyNext,Ceylon Chamber urges further Sri Lanka talks with US to reduce tariff,2025-07-10,https://economynext.com/ceylon-chamber-urges-further-sri-lanka-talks-with-us-to-reduce-tariff-229856/,"Trump tariffs July 10, 2025"
EconomyNext,Sri Lanka to seek further tariff cut with US amid uncertainty,2025-07-10,https://economynext.com/sri-lanka-to-seek-further-tariff-cut-with-us-amid-uncertainty-229842/,"Sri Lanka's garment sector could hit hard by Trump's tariff policy July 10, 2025"
EconomyNext,How Sri Lanka's Trump tariff compares with competitors,2025-07-10,https://economynext.com/how-sri-lankas-trump-tariff-compares-with-competitors-229819/,"Sri Lanka reduced the rate from 44 to 30 pct July 10, 2025"
EconomyNext,"IMF: Sri Lanka’s upcoming bills on PPP, SOEs should be in line with public finance law",2025-07-10,https://economynext.com/imf-sri-lankas-upcoming-bills-on-ppp-soes-should-be-in-line-with-public-finance-law-229723/,"Sri Lanka's new government has dropped the restructuring SriLankan Airlines July 10, 2025"
EconomyNext,Sri Lanka  can solve AliExpress crisis with Mangala Samaraweera de minimis rule: Harsha,2025-07-09,https://economynext.com/sri-lanka-can-solve-aliexpress-crisis-with-mangala-samaraweera-de-minimis-rule-harsha-229445/,"Mangala Samarweera had proposed a $50mn de minimis but not properly implmented July 9, 2025"
EconomyNext,Trump urges Federal Reserve to cut rates,2025-07-09,https://economynext.com/trump-urges-federal-reserve-to-cut-rates-229404/,"""Jerome Powell, who has been whining like a baby about non-existent Inflation for months, and refusing to do the right t July 9, 2025"
EconomyNext,"Trump to send more tariff letters tonight, US stocks extend losses",2025-07-09,https://economynext.com/trump-to-send-more-tariff-letters-tonight-us-stocks-extend-losses-229409/,"We will be releasing a minimum of 7 Countries having to do with trade, tomorrow morning July 9, 2025"
EconomyNext,Sri Lanka should not force re-export of cars imported on third country LCs: Harsha,2025-07-09,https://economynext.com/sri-lanka-should-not-force-re-export-of-cars-imported-on-third-country-lcs-harsha-229414/,"In a further complication third country LCs are permitted for brand new vehicles July 9, 2025"
EconomyNext,Sri Lanka committed to implement contingency measures for high vehicle tax: IMF,2025-07-09,https://economynext.com/sri-lanka-committed-to-implement-contingency-measures-for-high-vehicle-tax-imf-229050/,"The tax gain in Sri Lanka revenue is mainly backed by vehicle import tax in 2025 July 9, 2025"
EconomyNext,Sri Lanka eyes POS machine data to tax businesses in digital drive,2025-07-09,https://economynext.com/sri-lanka-eyes-pos-machine-data-to-tax-businesses-in-digital-drive-229509/,"To reduce tax irregularities, to simplify taxation and to raise transparency July 9, 2025"
EconomyNext,"Trump sends 20-pct tariff letter to Philippines, 25 to 30-pct to five others",2025-07-09,https://economynext.com/trump-sends-20-pct-tariff-letter-to-philippines-25-to-30-pct-to-five-others-229698/,"Philippines is among few whose rates were hiked from April July 9, 2025"
EconomyNext,Sri Lanka gross forex reserves drop in June amid rate cut warnings : analysis,2025-07-08,https://economynext.com/sri-lanka-gross-forex-reserves-drop-in-june-amid-rate-cut-warnings-analysis-229182/,"Sri Lanka's gross official reserves have not grown since October 2024 July 8, 2025"
EconomyNext,"Sri Lanka should de-minimis AliExpress-style sales, vendor-collect tax big orders: Advocata",2025-07-08,https://economynext.com/sri-lanka-should-de-minimis-aliexpress-style-sales-vendor-collect-tax-big-orders-advocata-229099/,"Many countries have established levels called de minimis July 8, 2025"
EconomyNext,"Trump sends 35-pct tariff letter to Bangladesh, 40-25-pct rates to 13 countries",2025-07-08,https://economynext.com/trump-sends-35-pct-tariff-letter-to-bangladesh-40-25-pct-rates-to-13-countries-229119/,"Japan and Malaysia, saw rates going up to 25 percent from the original 24 percent in April July 8, 2025"
EconomyNext,"Sri Lanka to strengthen police force by 5,000 cadre recruitment",2025-07-08,https://economynext.com/sri-lanka-to-strengthen-police-force-by-5000-cadre-recruitment-229259/,"Looking to recruit GCE O/L qualified sub-inspectors for 91,630 rupee salary July 8, 2025"
EconomyNext,Sri Lanka to address tech glitches in RAMIS to achieve 2030 digi-econ goal,2025-07-08,https://economynext.com/sri-lanka-to-address-tech-glitches-in-ramis-to-achieve-2030-digi-econ-goal-229394/,"Sri Lanka's attempts to automate tax administration has failed with tax payers, IRD faced issues with RAMIS July 8, 2025"
EconomyNext,Sri Lanka expects Trump tariff letter in next few days : Treasury Secy,2025-07-07,https://economynext.com/sri-lanka-expects-trump-tariff-letter-in-next-few-days-treasury-secy-228940/,"Country negotiating not to get higher rates than competitors July 7, 2025"
EconomyNext,Trump threatens 10-pct extra tariff on pro-BRICS nations,2025-07-07,https://economynext.com/trump-threatens-10-pct-extra-tariff-on-pro-brics-nations-228993/,"The world awaits letters from Trump which he said would be sent out to countries from Monday July 7, 2025"
EconomyNext,"Sri Lanka tax revenues up 20-pct to May 2025, current, overall deficits sharply down",2025-07-07,https://economynext.com/sri-lanka-tax-revenues-up-20-pct-to-may-2025-current-overall-deficits-sharply-down-228934/,"Current spending start to pick up July 7, 2025"
EconomyNext,"Work on Sri Lanka Expo 2026 begins, to be biennial event : EDB chief",2025-07-07,https://economynext.com/work-on-sri-lanka-expo-2026-begins-to-be-biennial-event-edb-chief-228995/,"Targeting 1,500 participants July 7, 2025"
EconomyNext,"Trump sends 25-pct tariff letters to Malaysia, Japan, Korea, 40-pct to Laos, Myanmar",2025-07-07,https://economynext.com/trump-sends-25-pct-tariff-letters-to-malaysia-japan-korea-40-pct-to-laos-myanmar-229104/,"""Please understand that the 25% number is far less than what is needed to eliminate the Trade Deficit disparity we have July 7, 2025"
EconomyNext,"Sri Lanka hopes for higher revenue from gems, jewelry after VAT refunding",2025-07-07,https://economynext.com/sri-lanka-hopes-for-higher-revenue-from-gems-jewelry-after-vat-refunding-229092/,"Sri Lanka has resumed VAT refunding process from July 4 July 7, 2025"
EconomyNext,Sri Lanka looking at allowing non-commercial AliExpress style purchases for personal use,2025-07-06,https://economynext.com/sri-lanka-looking-at-allowing-non-commercial-aliexpress-style-purchases-for-personal-use-228891/,"While export oriented countries have free trade in any case, others allow small items to come under 'de minimis' rules July 6, 2025"
EconomyNext,Sri Lanka can attract Indian firms looking to expand abroad: ITC chief,2025-07-06,https://economynext.com/sri-lanka-can-attract-indian-firms-looking-to-expand-abroad-itc-chief-228876/,"Indian companies have, particularly coming to Sri Lanka because there are a lot of cultural bonds, historical ties July 6, 2025"
EconomyNext,Sri Lanka revenue collections in 2025 running ahead of schedule by June: Minister,2025-07-06,https://economynext.com/sri-lanka-revenue-collections-in-2025-running-ahead-of-schedule-by-june-minister-228856/,"By June 26, in the first six months, we have collected close to 50 percent, that is 47 percent July 6, 2025"
EconomyNext,Sri Lanka to end senior citizen interest scheme after Rs128 fiscal bombshell,2025-07-06,https://economynext.com/sri-lanka-to-end-senior-citizen-interest-scheme-after-rs128-fiscal-bombshell-228843/,"The latest scheme runs till at least December 2025 July 6, 2025"
EconomyNext,Sri Lanka sees foreign selling in rupee bonds for third week,2025-07-05,https://economynext.com/sri-lanka-sees-foreign-selling-in-rupee-bonds-for-third-week-228805/,"Global investors have been waiting to see the impact of Trump's tariff policy after July 9 July 5, 2025"
EconomyNext,"Trump says to send 12 tariff letters Monday, as Sri Lanka awaits decision",2025-07-05,https://economynext.com/trump-says-to-send-12-tariff-letters-monday-as-sri-lanka-awaits-decision-228834/,"Different amounts of money, different amounts of tariffs July 5, 2025"
EconomyNext,"Global credit outlook weakens amid tariffs, geopolitical strain: Fitch",2025-07-05,https://economynext.com/global-credit-outlook-weakens-amid-tariffs-geopolitical-strain-fitch-228826/,"A more aggressive US protectionist agenda key factor in negative revisions to macro-economic outlook for 2Q25 July 5, 2025"
EconomyNext,IMF forgives Sri Lanka mis-reporting spending arrears by error,2025-07-04,https://economynext.com/imf-forgives-sri-lanka-mis-reporting-spending-arrears-by-error-228552/,"Spending arrears of up to Rs154bn missed in June 2023 July 4, 2025"
EconomyNext,"Sri Lanka urges Japan to back existing Yen-loan projects to secure investment, gap funding",2025-07-04,https://economynext.com/sri-lanka-urges-japan-to-back-existing-yen-loan-projects-to-secure-investment-gap-funding-228800/,"Japan is one of the largest Sri Lankan lenders before China stepped in July 4, 2025"
EconomyNext,Sri Lanka Customs earns Rs225mn from misclassified mandarin import,2025-07-04,https://economynext.com/sri-lanka-customs-earns-rs225mn-from-misclassified-mandarin-import-228794/,"Kinnow hybrid mandarin has been imported under wrong HS code July 4, 2025"
EconomyNext,Sri Lanka Customs likely to exceed 2025 revenue goal: Spokesman,2025-07-04,https://economynext.com/sri-lanka-customs-likely-to-exceed-2025-revenue-goal-spokesman-228779/,"Customs accounts for around 40% of the total government revenue July 4, 2025"
EconomyNext,"Trump says to send '20 - 25 - 30'-pct tariff letters, as Sri Lanka awaits fate",2025-07-04,https://economynext.com/trump-says-to-send-20-25-30-pct-tariff-letters-as-sri-lanka-awaits-fate-228631/,"Cabinet spokesman Nalinda Jayatissa has said Sri Lanka is expecting a better rate after discussions July 4, 2025"
EconomyNext,Sri Lanka revives controversial property tax under IMF program,2025-07-04,https://economynext.com/sri-lanka-revives-controversial-property-tax-under-imf-program-228618/,"Expects Rs56bn in 2027 July 4, 2025"
EconomyNext,"Sri Lanka halts Port City, SDP tax breaks, laws to be changed in IMF benchmark",2025-07-04,https://economynext.com/sri-lanka-halts-port-city-sdp-tax-breaks-laws-to-be-changed-in-imf-benchmark-228557/,"SDP Act to be amended by August and Port City by October July 4, 2025"
EconomyNext,"Vietnam gets 20-pct tariff on exports to US, Trump says, down from 46-pct",2025-07-03,https://economynext.com/vietnam-gets-20-pct-tariff-on-exports-to-us-trump-says-down-from-46-pct-228351/,"Vietnam's original Trump tariff was 46 percent, compared to 44 percent for Sri Lanka. July 3, 2025"
EconomyNext,"Sri Lanka to make higher payouts on GDP linked bonds, but debt ratio to fall: IMF",2025-07-03,https://economynext.com/sri-lanka-to-make-higher-payouts-on-gdp-linked-bonds-but-debt-ratio-to-fall-imf-228513/,"Hamilton Reserve Final Order not subject to Most Favoured Creditor Clause July 3, 2025"
EconomyNext,"ADB urges education reforms to tackle youth joblessness in Asian nations, including Sri Lanka",2025-07-03,https://economynext.com/adb-urges-education-reforms-to-tackle-youth-joblessness-in-asian-nations-including-sri-lanka-228432/,"Upgrade in vocational training essential to turn out large numbers of workers with skills required by growing economies July 3, 2025"
EconomyNext,Sri Lanka wraps up debt restructure with Hungary,2025-07-03,https://economynext.com/sri-lanka-wraps-up-debt-restructure-with-hungary-228476/,"A 30 million Euro debt from Hungarian Export Credit Insurance Plc was restructured. July 3, 2025"
EconomyNext,"Sri Lanka follows Trump into 'de minimis' protectionism, China online platform hit",2025-07-03,https://economynext.com/sri-lanka-follows-trump-into-de-minimis-protectionism-china-online-platform-hit-228530/,"Trump also slammed de minimis taxes on parcels coming from China and Hong Kong July 3, 2025"
EconomyNext,Sri Lanka GDP could lose 1.5-pct of GDP on a high Trump tariff: IMF,2025-07-03,https://economynext.com/sri-lanka-gdp-could-lose-1-5-pct-of-gdp-on-a-high-trump-tariff-imf-228516/,"IMF program targets could also be hit July 3, 2025"
EconomyNext,"Sri Lanka President to appoint panel to probe SriLankan, airport SOE",2025-07-02,https://economynext.com/sri-lanka-president-to-appoint-panel-to-probe-srilankan-airport-soe-228295/,"SriLankan Airlines former chairman was recently arrested on corruption charges July 2, 2025"
EconomyNext,"Sri Lanka plans e-invoicing for VAT, link POS machines to Inland Revenue",2025-07-02,https://economynext.com/sri-lanka-plans-e-invoicing-for-vat-link-pos-machines-to-inland-revenue-228177/,"To be introduced in phases July 2, 2025"
EconomyNext,IMF approves Sri Lanka review for US$350mn,2025-07-02,https://economynext.com/imf-approves-sri-lanka-review-for-us350mn-228126/,"The latest review bring the total given to Sri Lanka under the program to 1.74 billion US dollars July 2, 2025"
EconomyNext,Sri Lanka 2025 budget deficit revised down to 6.5-pct of GDP,2025-07-01,https://economynext.com/sri-lanka-2025-budget-deficit-revised-down-to-6-5-pct-of-gdp-227940/,"In the past also not all capex had been spent July 1, 2025"
EconomyNext,Sri Lanka seniors to get 3-pct more interest for FDs opened from Jul1-Dec31,2025-07-01,https://economynext.com/sri-lanka-seniors-to-get-3-pct-more-interest-for-fds-opened-from-jul1-dec31-227988/,"The government has allocated 15 billion rupees in its Budget 2025 to provide the subsidy. July 1, 2025"
EconomyNext,Sri Lanka debt to GDP to reach IMF target two years ahead of schedule: Minister,2025-07-01,https://economynext.com/sri-lanka-debt-to-gdp-to-reach-imf-target-two-years-ahead-of-schedule-minister-227895/,"Debt to reach 94.5-pct of GDP by 2030 July 1, 2025"
EconomyNext,Sri Lanka current account surplus US$1.3bn up to May 2025,2025-07-01,https://economynext.com/sri-lanka-current-account-surplus-us1-3bn-up-to-may-2025-227983/,"A current account surplus indicates a financial account deficit July 1, 2025"
EconomyNext,Lakshman Kadirgamar Institute turns spotlight on managing regional crises,2025-07-01,https://economynext.com/lakshman-kadirgamar-institute-turns-spotlight-on-managing-regional-crises-228037/,"Discussed Sri Lanka’s readiness to handle crises in areas such as fuel supply, port congestion, foreign employment, July 1, 2025"
EconomyNext,Sri Lanka India relations probably the best ever: envoy,2025-07-01,https://economynext.com/sri-lanka-india-relations-probably-the-best-ever-envoy-228102/,"The group was a 'serious delegation' some of whom had already invested in the country July 1, 2025"
EconomyNext,Sri Lanka construction expands in May 2025: PMI,2025-06-30,https://economynext.com/sri-lanka-construction-expands-in-may-2025-pmi-227889/,"Central Bank maintains positive outlook for next 3 months due expected rise in new projects June 30, 2025"
EconomyNext,Sri Lanka sees foreign selling in rupee bonds for second week,2025-06-30,https://economynext.com/sri-lanka-sees-foreign-selling-in-rupee-bonds-for-second-week-227846/,"Country has seen over $85 million inflows in 2025 June 30, 2025"
EconomyNext,"Sri Lanka inflation up 3.6-pct over 33 months, deflation over 12",2025-06-30,https://economynext.com/sri-lanka-inflation-up-3-6-pct-over-33-months-deflation-over-12-227837/,"Food prices rise 09-pct since September 2022 June 30, 2025"
EconomyNext,"Sri Lanka, Türkiye discuss investment, logistics collaborations",2025-06-30,https://economynext.com/sri-lanka-turkiye-discuss-investment-logistics-collaborations-227803/,"Potential opportunities that can be gained through air cargo connections between Turkish Cargo and Sri Lankan Airlines June 30, 2025"
EconomyNext,Sri Lanka Gambling Regulatory Authority should be structured more like SEC: Advocata,2025-06-30,https://economynext.com/sri-lanka-gambling-regulatory-authority-should-be-structured-more-like-sec-advocata-227772/,"The bill as now envisaged has ""excessive and unchecked powers vested in the Minister of Finance June 30, 2025"
EconomyNext,Sri Lanka Treasury should buy its own dollars to settle debt and avoid second default,2025-06-30,https://economynext.com/sri-lanka-treasury-should-buy-its-own-dollars-to-settle-debt-and-avoid-second-default-227732/,"Sri Lanka has to de-risk the economy from inflationism to maintain stability By By Bellwether June 30, 2025"
EconomyNext,"Sri Lanka gets US$1.9bn in foreign financing in 2024, Japan starts lending",2025-06-29,https://economynext.com/sri-lanka-gets-us1-9bn-in-foreign-financing-in-2024-japan-starts-lending-227694/,"In 2024, 1,889 million dollars came as loans and 68.6 million dollars as grants June 29, 2025"
EconomyNext,"World economy will slow sharply, despite US-China tariff de-escalation: Fitch",2025-06-28,https://economynext.com/world-economy-will-slow-sharply-despite-us-china-tariff-de-escalation-fitch-227565/,"Fitch now forecasts world GDP growth at 2.2 percent in 2025 June 28, 2025"
EconomyNext,Sri Lanka services exports rise 22.3-pct in May,2025-06-27,https://economynext.com/sri-lanka-services-exports-rise-22-3-pct-in-may-227513/,". June 27, 2025"
EconomyNext,City of Dreams Sri Lanka casino and Nuwa hotel to start from August 02,2025-06-26,https://economynext.com/city-of-dreams-sri-lanka-casino-and-nuwa-hotel-to-start-from-august-02-227448/,"The project will significantly enhance Colombo’s tourism appeal and drive foreign earnings : JKH chief June 26, 2025"
EconomyNext,How Sri Lanka has restructured sovereign bonds to reduce repayments,2025-06-26,https://economynext.com/how-sri-lanka-has-restructured-sovereign-bonds-to-reduce-repayments-227272/,"If there is no market access, which is an outcome of loss of confidence, the bonds have to be repaid on a net basis June 26, 2025"
EconomyNext,"Sri Lanka to allow import of 40,000 tonnes on Samba grade rice",2025-06-26,https://economynext.com/sri-lanka-to-allow-import-of-40000-tonnes-on-samba-grade-rice-227470/,". June 26, 2025"
EconomyNext,"Sri Lanka exports rise 1.7-pct in May 2025, amid coconut surge",2025-06-26,https://economynext.com/sri-lanka-exports-rise-1-7-pct-in-may-2025-amid-coconut-surge-227431/,"Rubber and apparel, top exports to the US have fallen June 26, 2025"
EconomyNext,Sri Lanka tax payers take over Rs788bn in CPC state bank dollar loans,2025-06-25,https://economynext.com/sri-lanka-tax-payers-take-over-rs788bn-in-cpc-state-bank-dollar-loans-227086/,"State banks converted to forex term loans and rupee treasury bonds June 25, 2025"
EconomyNext,"Sri Lanka sees slight foreign selling in rupee bonds, after five weeks",2025-06-24,https://economynext.com/sri-lanka-sees-slight-foreign-selling-in-rupee-bonds-after-five-weeks-226981/,"The country has seen over $95 million inflows into rupee bonds this year through June 19 June 24, 2025"
EconomyNext,Ordinary Sri Lankans not permitted to send money or borrow abroad to buy property: Central Bank,2025-06-24,https://economynext.com/ordinary-sri-lankans-not-permitted-to-send-money-or-borrow-abroad-to-buy-property-central-bank-226917/,"Residents not allowed to borrow abroad either June 24, 2025"
EconomyNext,"Sri Lanka sees 16,812 new active credit cards in April 2025",2025-06-24,https://economynext.com/sri-lanka-sees-16812-new-active-credit-cards-in-april-2025-227022/,"Number of active credit cards have risen 2.3-pct in the first four months of 2025 June 24, 2025"
EconomyNext,Harshana Suriyapperuma appointed Sri Lanka Treasury Secretary,2025-06-23,https://economynext.com/harshana-suriyapperuma-appointed-sri-lanka-treasury-secretary-226673/,"Suriyapperuma replaces Mahinda Siriwardena June 23, 2025"
EconomyNext,"Sri Lankan Airlines loses Rs8.4bn in 2024, despite exchange gain",2025-06-23,https://economynext.com/sri-lankan-airlines-loses-rs8-4bn-in-2024-despite-exchange-gain-226626/,"SriLankan has large dollar debts, and its value fluctuates wildly along with currency movements. June 23, 2025"
EconomyNext,Stasshani Jayawardena pays tribute to father after taking up reigns of Sri Lanka's Aitken Spence,2025-06-22,https://economynext.com/stasshani-jayawardena-pays-tribute-to-father-after-taking-up-reigns-of-sri-lankas-aitken-spence-226588/,"I step into the role of Chairperson with a profound respect for the 156-year legacy of the Group June 22, 2025"
EconomyNext,37 Sri Lanka nationals in Iran awaiting and assisted to depart,2025-06-22,https://economynext.com/37-sri-lanka-nationals-in-iran-awaiting-and-assisted-to-depart-226580/,"Four already departed June 22, 2025"
EconomyNext,Harshana Suriyapperuma resigns as Sri Lanka Deputy Minister of Finance,2025-06-20,https://economynext.com/harshana-suriyapperuma-resigns-as-sri-lanka-deputy-minister-of-finance-226454/,"Tipped to be Treasury Secretary June 20, 2025"
EconomyNext,Sri Lankan SMEs showcase products at Middle East Rubber and Tyre Expo,2025-06-20,https://economynext.com/sri-lankan-smes-showcase-products-at-middle-east-rubber-and-tyre-expo-226376/,"Ten companies participated at this event in the first time showcasing a diverse range of rubber products June 20, 2025"
EconomyNext,Sri Lanka welfare scheme triggers male labour force decline: IPS,2025-06-20,https://economynext.com/sri-lanka-welfare-scheme-triggers-male-labour-force-decline-ips-226317/,"Aswesuma a well-targeted system, but long-term success depends on how it can support individuals graduate from poverty June 20, 2025"
EconomyNext,World Bank backs action plan for Sri Lanka’s policy on child day care centers,2025-06-19,https://economynext.com/world-bank-backs-action-plan-for-sri-lankas-policy-on-child-day-care-centers-226310/,"Sri Lanka has poor quality child care centers June 19, 2025"
EconomyNext,Fed keeps policy rate unchanged as Trump slams Powell as stupid,2025-06-19,https://economynext.com/fed-keeps-policy-rate-unchanged-as-trump-slams-powell-as-stupid-226208/,"Despite the sell down of Treasury securities the excess liquidity has remained static for many months June 19, 2025"
EconomyNext,"Sri Lanka to buy electric gantries, prime movers for Colombo Port",2025-06-18,https://economynext.com/sri-lanka-to-buy-electric-gantries-prime-movers-for-colombo-port-226145/,"Electric prime movers in place of terminal tractors June 18, 2025"
EconomyNext,"Sri Lanka EDB, ADB discuss National Export Development Plan for 2025-2029",2025-06-18,https://economynext.com/sri-lanka-edb-adb-discuss-national-export-development-plan-for-2025-2029-226131/,"NEDP expected to serve as a comprehensive framework to guide Sri Lanka’s export-led economic transformation June 18, 2025"
EconomyNext,"Trump slams Powell as 'stupid person', says rates should be 2-pct lower",2025-06-18,https://economynext.com/trump-slams-powell-as-stupid-person-says-rates-should-be-2-pct-lower-226196/,"So we have a stupid person. Frankly, you probably won’t cut today June 18, 2025"
EconomyNext,From sacking to praising; Sri Lanka outgoing FinMin Secretary retires after tough reforms,2025-06-18,https://economynext.com/from-sacking-to-praising-sri-lanka-outgoing-finmin-secretary-retires-after-tough-reforms-226158/,"Mahinda Siriwardena oversaw the implementation of IMF-led tough economic reforms June 18, 2025"
EconomyNext,"Sri Lanka faces lower remittances, high oil prices over Israel-Iran attack: FM",2025-06-17,https://economynext.com/sri-lanka-faces-lower-remittances-high-oil-prices-over-israel-iran-attack-fm-225996/,"Military strikes between Iran and Israel have prompted concern about potential damage to oil infrastructure June 17, 2025"
EconomyNext,Sri Lanka to offer higher interest rate for senior citizen FDs,2025-06-17,https://economynext.com/sri-lanka-to-offer-higher-interest-rate-for-senior-citizen-fds-225965/,"Higher interest rate of Average Weighted Fixed Deposit Interest Rate (AWFDR) plus 3 percent June 17, 2025"
EconomyNext,Sri Lanka services expand at slower rate in May pushed by increased lending: PMI,2025-06-17,https://economynext.com/sri-lanka-services-expand-at-slower-rate-in-may-pushed-by-increased-lending-pmi-225899/,"Business activities in accommodation, food and beverage services declined in line with decline  in tourist arrivals June 17, 2025"
EconomyNext,Sri Lanka manufacturing recovers in May after seasonal slowdown: PMI,2025-06-17,https://economynext.com/sri-lanka-manufacturing-recovers-in-may-after-seasonal-slowdown-pmi-225886/,"However, respondents are cautious about the upward revision in the electricity tariffs and tense situation in Mid East June 17, 2025"
EconomyNext,Sri Lanka inks restructured bilateral debt deal with France,2025-06-17,https://economynext.com/sri-lanka-inks-restructured-bilateral-debt-deal-with-france-225873/,"France is the fourth largest public creditor to Sri Lanka June 17, 2025"
EconomyNext,Sri Lanka discussing investment concessions for FDI with IMF: President,2025-06-17,https://economynext.com/sri-lanka-discussing-investment-concessions-for-fdi-with-imf-president-225779/,"We have to get sufficient foreign direct investment June 17, 2025"
EconomyNext,Sri Lanka CenBank chief emphasizes on continuing reforms agreed with IMF,2025-06-16,https://economynext.com/sri-lanka-cenbank-chief-emphasizes-on-continuing-reforms-agreed-with-imf-225691/,"Sri Lanka has been under IMF bailout package for the last years after an unprecedented economic crisis June 16, 2025"
EconomyNext,IMF's Gita Gopinath speaks in Sri Lanka: Full text,2025-06-16,https://economynext.com/imfs-gita-gopinath-speaks-in-sri-lanka-full-text-225678/,"This Time Must be Different: Lessons from Sri Lanka’s Recovery and Debt Restructuring June 16, 2025"
EconomyNext,Sri Lanka complex debt restructure lessons will help others: IMF's Gopinath,2025-06-16,https://economynext.com/sri-lanka-complex-debt-restructure-lessons-will-help-others-imfs-gopinath-225665/,". June 16, 2025"
EconomyNext,Sri Lanka leader focuses on global trade threats to island’s economy at IMF discussion,2025-06-16,https://economynext.com/sri-lanka-leader-focuses-on-global-trade-threats-to-islands-economy-at-imf-discussion-225709/,"Sri Lanka faces risks of lower export revenue amid impending Trump's tariff, rising instability in Middle East June 16, 2025"
EconomyNext,Sri Lanka GDP grows 4.8-pct in the first quarter 2025,2025-06-16,https://economynext.com/sri-lanka-gdp-grows-4-8-pct-in-the-first-quarter-2025-225737/,"Services and industry expands, agriculture down June 16, 2025"
EconomyNext,"Sri Lanka recruits mammoth 3,451 workforce to man elephant fences",2025-06-14,https://economynext.com/sri-lanka-recruits-mammoth-3451-workforce-to-man-elephant-fences-225515/,"Electric Fence Maintenance Assistant Grade III June 14, 2025"
EconomyNext,"Sri Lanka president meets business, tourism officials in Germany",2025-06-13,https://economynext.com/sri-lanka-president-meets-business-tourism-officials-in-germany-225482/,"Disanayake will participate in a business forum organised by the Association of German Chambers of Industry and Commerce June 13, 2025"
EconomyNext,Sri Lanka supreme court to hear case on unsolicited project guidelines,2025-06-13,https://economynext.com/sri-lanka-supreme-court-to-hear-case-on-unsolicited-project-guidelines-225458/,"""Unsolicited proposals increase the potential for corruption,"" Transparency International said in its plaint. June 13, 2025"
EconomyNext,"IMF assessing Sri Lanka electricity tariff hike, BST guidelines",2025-06-13,https://economynext.com/imf-assessing-sri-lanka-electricity-tariff-hike-bst-guidelines-225422/,"IMF to announce board date in due course June 13, 2025"
EconomyNext,"Central banks in Asia could cut rates further, but caution warranted: ADB",2025-06-12,https://economynext.com/central-banks-in-asia-could-cut-rates-further-but-caution-warranted-adb-225165/,"""Central banks in the region should stand ready to act and cut."" June 12, 2025"
EconomyNext,"Sri Lanka bank net foreign assets rise to US$1.7bn in March, OBUs US$2.2bn",2025-06-11,https://economynext.com/sri-lanka-bank-net-foreign-assets-rise-to-us1-7bn-in-march-obus-us2-2bn-224907/,"Banks build dollar balances with after SLDB repayments in rupees and ISB provisions June 11, 2025"
EconomyNext,Foreigners buy US$9.1mn worth Sri Lanka rupee bonds,2025-06-10,https://economynext.com/foreigners-buy-us9-1mn-worth-sri-lanka-rupee-bonds-224833/,"Sri Lanka has enjoyed $19.2 million inflows into the rupee bonds in last three weeks June 10, 2025"
EconomyNext,IMF's Gita Gopinath to visit Sri Lanka amid recovery from first default,2025-06-10,https://economynext.com/imfs-gita-gopinath-to-visit-sri-lanka-amid-recovery-from-first-default-224846/,"Will address conference on Sri Lanka's Road to Recovery June 10, 2025"
EconomyNext,"Sri Lanka conflict zones see economic gains, but land disputes hinder: UN",2025-06-09,https://economynext.com/sri-lanka-conflict-zones-see-economic-gains-but-land-disputes-hinder-un-224736/,"""Post-conflict contestations frequently involve the state, military, and agencies like the Departments of Archaeology, By By Nisheni Atapattu June 9, ..."
EconomyNext,Sri Lanka and China set up working group to clear trade hurdles,2025-06-09,https://economynext.com/sri-lanka-and-china-set-up-working-group-to-clear-trade-hurdles-224749/,"Two Memorandums of Understanding (MoUs) were signed June 9, 2025"
EconomyNext,"Sri Lanka leader undertakes official visit to Germany; eyes on trade, investment deals",2025-06-09,https://economynext.com/sri-lanka-leader-undertakes-official-visit-to-germany-eyes-on-trade-investment-deals-224758/,"It will be President Dissanayake's 5th official foreign visit June 9, 2025"
EconomyNext,"Sri Lanka repays foreign debt in budget to April 2025, current spending picks up",2025-06-08,https://economynext.com/sri-lanka-repays-foreign-debt-in-budget-to-april-2025-current-spending-picks-up-224638/,"Non-interest current spending up, capex down June 8, 2025"
EconomyNext,"Sri Lanka remittances reach $3bn in first five months, up 18.2-pct",2025-06-07,https://economynext.com/sri-lanka-remittances-reach-3bn-in-first-five-months-up-18-2-pct-224560/,"Remittances are one of Sri Lanka's key foreign exchange revenues June 7, 2025"
EconomyNext,"Sri Lanka foreign reserves drop in May, below October 2024 level",2025-06-07,https://economynext.com/sri-lanka-foreign-reserves-drop-in-may-below-october-2024-level-224578/,"Forex reserves briefly grew in March with an IMF tranche, and has fallen again June 7, 2025"
EconomyNext,Sri Lanka's Elephant House drinks distribution begins in India,2025-06-06,https://economynext.com/sri-lankas-elephant-house-drinks-distribution-begins-in-india-224527/,"Market surveys find that the flavour palate is the similar June 6, 2025"
EconomyNext,"Sri Lanka tax revenues up 20-pct to April, current spending picks up pace",2025-06-06,https://economynext.com/sri-lanka-tax-revenues-up-20-pct-to-april-current-spending-picks-up-pace-224425/,"Capex has slowed from last year June 6, 2025"
EconomyNext,Foreigners buy US$8.3mn worth Sri Lanka rupee bonds last week,2025-06-05,https://economynext.com/foreigners-buy-us8-3mn-worth-sri-lanka-rupee-bonds-last-week-224224/,"Sri Lanka has witnessed over $75 mln worth foreign inflow into rupee bonds in the first five months June 5, 2025"
EconomyNext,Migration's hidden costs: IPS calls for awareness,2025-06-04,https://economynext.com/migrations-hidden-costs-ips-calls-for-awareness-224124/,"While remittances bring clear financial benefits, it is crucial to look beyond the economic lens June 4, 2025"
EconomyNext,"Sri Lanka export revenues, debt sustainability could be hit if GSP+ is lost: Samarajiva",2025-06-04,https://economynext.com/sri-lanka-export-revenues-debt-sustainability-could-be-hit-if-gsp-is-lost-samarajiva-224117/,"The uncertainty over GSP+ is coming as Sri Lanka also faces the prospect of higher US tariffs. By By Nisheni Atapattu June 4, 2025"
EconomyNext,Sri Lanka engaging with US on tariffs after second round of talks: Minister,2025-06-03,https://economynext.com/sri-lanka-engaging-with-us-on-tariffs-after-second-round-of-talks-minister-223885/,"Sri Lanka is in 'regular communication' with US Trade Officials June 3, 2025"
EconomyNext,Sri Lanka leader frowns upon to have become ‘bad child’ of IMF,2025-06-03,https://economynext.com/sri-lanka-leader-frowns-upon-to-have-become-bad-child-of-imf-223845/,"Sri Lanka is in an IMF deal with a $3 bln bailout package with raft of conditions June 3, 2025"
EconomyNext,Sri Lanka eyes first water PPP in Galle to reduce water loss,2025-06-02,https://economynext.com/sri-lanka-eyes-first-water-ppp-in-galle-to-reduce-water-loss-223704/,"“High levels of non-revenue water remain a serious challenge to water utilities across Asia and the Pacific,"" June 2, 2025"
EconomyNext,Vietnam to boost private sector as 'main driving force' while Sri Lanka sends mixed signals,2025-06-02,https://economynext.com/vietnam-to-boost-private-sector-as-main-driving-force-while-sri-lanka-sends-mixed-signals-223596/,"Vietnam is also shrinking state workers by 20-pct to reduce the burden on the people June 2, 2025"
EconomyNext,Sri Lanka revenue agencies beat targets up to May: President,2025-06-02,https://economynext.com/sri-lanka-revenue-agencies-beat-targets-up-to-may-president-223780/,"Customs 104-pct of target, Excise 106-pct and Inland Revenue 101-pct June 2, 2025"
EconomyNext,Sri Lanka Treasury Secretary to retire after leading reform drive: President,2025-06-02,https://economynext.com/sri-lanka-treasury-secretary-to-retire-after-leading-reform-drive-president-223711/,"To become and alternative executive director of the ADB June 2, 2025"
EconomyNext,China commerce minister urges Sri Lanka to wrap up free trade deal,2025-06-01,https://economynext.com/china-commerce-minister-urges-sri-lanka-to-wrap-up-free-trade-deal-223594/,"Ministry of Commerce of China is ready to work together with Sri Lanka to implement that important consensus June 1, 2025"
EconomyNext,US president says he is hitting EU with 50-pct tariff from Jun 1,2025-06-01,https://economynext.com/us-president-says-he-is-hitting-eu-with-50-pct-tariff-from-jun-1-222269/,"""Therefore, I am recommending a straight 50% Tariff on the European Union, starting on June 1, 2025. May 23, 2025"
EconomyNext,Sri Lanka imports US$107mn of vehicles in April 2025,2025-05-31,https://economynext.com/sri-lanka-imports-us107mn-of-vehicles-in-april-2025-223583/,"Investment goods imports were $344mn May 31, 2025"
EconomyNext,"Sri Lanka foreign exchange earnings $2.2bn in April 2025, exceed imports by $531mn",2025-05-31,https://economynext.com/sri-lanka-foreign-exchange-earnings-2-2bn-in-april-2025-exceed-imports-by-531mn-223541/,"Vehicle imports resume in April May 31, 2025"
EconomyNext,Sri Lanka inflation up 3.0-pct over 31-months to May 2025 as food prices surge,2025-05-31,https://economynext.com/sri-lanka-inflation-up-3-0-pct-over-31-months-to-may-2025-as-food-prices-surge-223532/,"In May 2025, the food price index surged 2.7 percent, reaching almost to the monetary crisis levels May 31, 2025"
EconomyNext,Sri Lanka construction slows in April festival holidays: PMI,2025-05-31,https://economynext.com/sri-lanka-construction-slows-in-april-festival-holidays-pmi-223509/,"Reflecting the seasonal slowdown in construction activities during the Sinhala and Tamil New Year period, May 31, 2025"
EconomyNext,China ready to support Sri Lanka development: Commerce minister,2025-05-30,https://economynext.com/china-ready-to-support-sri-lanka-development-commerce-minister-223392/,"Sri Lanka-China Trade & Investment Forum 2025 focuses on bilateral economic collaboration May 30, 2025"
EconomyNext,Trump tariffs re-instated until appeal heard,2025-05-30,https://economynext.com/trump-tariffs-re-instated-until-appeal-heard-223317/,"The appeals court said the Trump tariffs could stay in place until the court considered the motions filed May 30, 2025"
EconomyNext,Fairtrade certification could boost Sri Lanka's global market reach: EDB,2025-05-30,https://economynext.com/fairtrade-certification-could-boost-sri-lankas-global-market-reach-edb-223380/,"Awareness workshop on fairtrade certification process held in Kandy May 30, 2025"
EconomyNext,"Poland minister, representing EU, talks trade and democracy with Sri Lanka officials",2025-05-30,https://economynext.com/poland-minister-representing-eu-talks-trade-and-democracy-with-sri-lanka-officials-223435/,"European Union delegation visit May 28-31 May 30, 2025"
EconomyNext,Sri Lanka a gateway investment opportunity for China firms: Minister Jayantha,2025-05-30,https://economynext.com/sri-lanka-a-gateway-investment-opportunity-for-china-firms-minister-jayantha-223441/,"Creating an inclusive environment for doing business with in transparency and predictable environment May 30, 2025"
EconomyNext,"Unilateral protectionism undermining global trade, China minister says in Sri Lanka",2025-05-30,https://economynext.com/unilateral-protectionism-undermining-global-trade-china-minister-says-in-sri-lanka-223478/,"""Changes unseen in a century are evolving at a faster pace, and the world is confronted with great challenges May 30, 2025"
EconomyNext,Trump files appeal after court blocks tariffs,2025-05-29,https://economynext.com/trump-files-appeal-after-court-blocks-tariffs-223180/,"The 44 percent tariff could have devastating impacts on Sri Lanka’s economy including closure of several garment firms... May 29, 2025"
EconomyNext,Keells to build 15 new supermarkets as deflation boosts Sri Lanka consumer spend,2025-05-29,https://economynext.com/keells-to-build-15-new-supermarkets-as-deflation-boosts-sri-lanka-consumer-spend-223134/,". May 29, 2025"
EconomyNext,Sri Lanka urged to refine Aswesuma for better poverty targeting,2025-05-29,https://economynext.com/sri-lanka-urged-to-refine-aswesuma-for-better-poverty-targeting-223225/,"“The current improvements to Aswesuma require enhancing its ability to target individuals in chronic poverty,” May 29, 2025"
EconomyNext,Sri Lanka leader discusses challenges in exports amid unfinished Trump tariff deal,2025-05-28,https://economynext.com/sri-lanka-leader-discusses-challenges-in-exports-amid-unfinished-trump-tariff-deal-223122/,"Sri Lanka's export sector is facing risks due to Trump tariff May 28, 2025"
EconomyNext,"Sri Lanka to recruit 15,073 new state workers",2025-05-28,https://economynext.com/sri-lanka-to-recruit-15073-new-state-workers-223010/,"Sri Lanka budgeted to hire 30,000 unemployed graduates into the public service this year May 28, 2025"
EconomyNext,"Elephant House ice cream sales rise 22-pct, soft-drinks up 16-pct as prices, costs fall",2025-05-28,https://economynext.com/elephant-house-ice-cream-sales-rise-22-pct-soft-drinks-up-16-pct-as-prices-costs-fall-223058/,"Soft drinks grow 16-pct and frozen confectionery 22-pct May 28, 2025"
EconomyNext,"Chinese commerce minister, 115-member business delegation to explore collaborations in Sri Lanka",2025-05-28,https://economynext.com/chinese-commerce-minister-115-member-business-delegation-to-explore-collaborations-in-sri-lanka-223035/,"The delegation will participate in the Sri Lanka-China Trade and Investment Forum to be held in Colombo on May 30, May 28, 2025"
EconomyNext,"South Korea, UN Women and Chrysalis support women in Sri Lanka",2025-05-28,https://economynext.com/south-korea-un-women-and-chrysalis-support-women-in-sri-lanka-223051/,"The Republic of Korea, UN Women and Chrysalis partner to advance the women, peace and security agenda in Sri Lanka May 28, 2025"
EconomyNext,"EDB, ITC and UK government launch SheTrades website in Sri Lanka",2025-05-28,https://economynext.com/edb-itc-and-uk-government-launch-shetrades-website-in-sri-lanka-223039/,"Through this platform, women entrepreneurs can increase their competitiveness and gain access to markets May 28, 2025"
EconomyNext,Foreigners buy US$1.8mn worth Sri Lanka rupee bonds last week,2025-05-27,https://economynext.com/foreigners-buy-us1-8mn-worth-sri-lanka-rupee-bonds-last-week-222795/,"Sri Lanka has seen nearly $70 million foreign inflows into rupee bonds through May 22 this year May 27, 2025"
EconomyNext,Sri Lanka preserved financial system stability amidst severe economic crisis: CB,2025-05-27,https://economynext.com/sri-lanka-preserved-financial-system-stability-amidst-severe-economic-crisis-cb-222953/,"This was achieved without a single financial institution failure governor tells forum May 27, 2025"
EconomyNext,"Sri Lanka to proceed with Hyatt building sale, Deloitte kept as advisor",2025-05-27,https://economynext.com/sri-lanka-to-proceed-with-hyatt-building-sale-deloitte-kept-as-advisor-222882/,"""The most suitable option to raise the necessary funds has been identified as through selling shares of the company."" May 27, 2025"
EconomyNext,Sri Lanka services exports decrease 0.59-pct in April: EDB,2025-05-26,https://economynext.com/sri-lanka-services-exports-decrease-0-59-pct-in-april-edb-222674/,"ICT/BPM earnings dropped 4.91 percent from 151.47 million in April 2024 to 144.04 in April 2025. May 26, 2025"
EconomyNext,"Sri Lanka merchandise exports rise 12-pct in April, India second largest buyer",2025-05-26,https://economynext.com/sri-lanka-merchandise-exports-rise-12-pct-in-april-india-second-largest-buyer-222668/,"India emerges as the second largest buyer of Sri Lankan goods May 26, 2025"
EconomyNext,Sri Lanka SOEs face 4.8-pct risk premiums for sovereign guarantees: Harsha,2025-05-26,https://economynext.com/sri-lanka-soes-face-4-8-pct-risk-premiums-for-sovereign-guarantees-harsha-222569/,"CEB faced 4.8-pct premium for sovereign guarantee May 26, 2025"
EconomyNext,"Hambantota Port says 9,151 vehicles imported to Sri Lanka so far",2025-05-26,https://economynext.com/hambantota-port-says-9151-vehicles-imported-to-sri-lanka-so-far-222549/,"Port operations have been streamlined for faster clearing of vehicles May 26, 2025"
EconomyNext,SriLankan Airlines making losses on 31 out of 45 routes: Harsha,2025-05-25,https://economynext.com/srilankan-airlines-making-losses-on-31-out-of-45-routes-harsha-222483/,"Passenger revenues down and so are fuel costs May 25, 2025"
EconomyNext,Sri Lanka Trade Ministry under fire over new license raj mafia in salt,2025-05-24,https://economynext.com/sri-lanka-trade-ministry-under-fire-over-new-license-raj-mafia-in-salt-222302/,"Import licenses are a state support for anti-competitive practice May 24, 2025"
EconomyNext,"Sri Lanka cut rates due to lower inflation, reduced external demand: CB Governor",2025-05-23,https://economynext.com/sri-lanka-cut-rates-due-to-lower-inflation-reduced-external-demand-cb-governor-222108/,"The rate cut came amid a pick up in bank interest rates May 23, 2025"
EconomyNext,Sri Lanka expects current account surplus in 2025 for third year: CB Governor,2025-05-23,https://economynext.com/sri-lanka-expects-current-account-surplus-in-2025-for-third-year-cb-governor-222146/,"This is going to be a third year of current account surplus May 23, 2025"
EconomyNext,"Sri Lanka vehicle imports around $200mn, LCs opened $450mn",2025-05-23,https://economynext.com/sri-lanka-vehicle-imports-around-200mn-lcs-opened-450mn-222192/,". May 23, 2025"
EconomyNext,Sri Lanka sees credit “crowding in” to private sector amid less government demand for loans,2025-05-23,https://economynext.com/sri-lanka-sees-credit-crowding-in-to-private-sector-amid-less-government-demand-for-loans-222209/,"Sri Lanka was contraction in credit growth after 2022 economic crisis May 23, 2025"
EconomyNext,"Sri Lanka EDB, New Zealand high commission share insights on export market access",2025-05-23,https://economynext.com/sri-lanka-edb-new-zealand-high-commission-share-insights-on-export-market-access-222258/,"Awareness Session on Market Access for Export Agricultural Products to the New Zealand Market. May 23, 2025"
EconomyNext,Sri Lanka invited for second round of Trump tariff talks in Washington,2025-05-23,https://economynext.com/sri-lanka-invited-for-second-round-of-trump-tariff-talks-in-washington-222274/,"This initiative builds on several prior virtual interactions held between the USTR and Sri Lanka officials May 23, 2025"
EconomyNext,EDB educates Sri Lanka agri exporters on GACC registration,2025-05-22,https://economynext.com/edb-educates-sri-lanka-agri-exporters-on-gacc-registration-222095/,"EDB awareness session on agricultural product exports to China through GACC Registration May 22, 2025"
EconomyNext,Sri Lanka central bank cuts rates by 25bp to 7.75-pct to push prices up,2025-05-22,https://economynext.com/sri-lanka-central-bank-cuts-rates-by-25bp-to-7-75-pct-to-push-prices-up-221896/,"Deflationary conditions have begun to ease since March 2025, as predicted May 22, 2025"
EconomyNext,Concerns raised over Sri Lanka auditor general appointment,2025-05-22,https://economynext.com/concerns-raised-over-sri-lanka-auditor-general-appointment-221854/,"Practice to appoint next in line senior officer, but the government is planning to make a political appointment May 22, 2025"
EconomyNext,Sri Lanka gets US$197mn as FDI in IQ 2025: Minister,2025-05-21,https://economynext.com/sri-lanka-gets-us197mn-as-fdi-in-iq-2025-minister-221768/,"We believe these numbers will improve as we move forward. May 21, 2025"
EconomyNext,Sri Lanka giftware sector seeks opportunities at Hong Kong trade fair,2025-05-20,https://economynext.com/sri-lanka-giftware-sector-seeks-opportunities-at-hong-kong-trade-fair-221568/,"Sri Lanka at HKTDC Hong Kong Gifts and Premium Fair 2025 May 20, 2025"
EconomyNext,Sri Lanka COPF clears EV tax hike,2025-05-20,https://economynext.com/sri-lanka-copf-clears-ev-tax-hike-221561/,"The gap was too wide May 20, 2025"
EconomyNext,Sri Lanka manufacturing falls in April after festive peak: PMI,2025-05-19,https://economynext.com/sri-lanka-manufacturing-falls-in-april-after-festive-peak-pmi-221434/,"Decline in the index compared to the seasonal peak in March May 19, 2025"
EconomyNext,Sri Lanka should sell floating rate bonds to balance long term risks,2025-05-19,https://economynext.com/sri-lanka-should-sell-floating-rate-bonds-to-balance-long-term-risks-221349/,"True undated securities may be too ambitions but a start could be made with 5 to 10 year securities By By Bellwether May 19, 2025"
EconomyNext,Sri Lanka services expand at slower rate in April due to tariffs: PMI,2025-05-19,https://economynext.com/sri-lanka-services-expand-at-slower-rate-in-april-due-to-tariffs-pmi-221440/,"Business activities in the financial services continued to improve
underpinned by increased lending activities. May 19, 2025"
EconomyNext,Sri Lanka salt imports halted and ban continued at request of producer associations: Minister,2025-05-19,https://economynext.com/sri-lanka-salt-imports-halted-and-ban-continued-at-request-of-producer-associations-minister-221462/,"Sri Lanka uses about 12,500 MT of salt a month May 19, 2025"
EconomyNext,"Vietnam passes US$1.7bn for layoffs, rejecting Sri Lanka style revenue based fiscal consolidation",2025-05-18,https://economynext.com/vietnam-passes-us1-7bn-for-layoffs-rejecting-sri-lanka-style-revenue-based-fiscal-consolidation-221331/,"Vietnam wants to slash its public sector 20-pct May 18, 2025"
EconomyNext,"Sri Lanka state Porsche, SUVs auctioned above valuation raising Rs200mn: statement",2025-05-18,https://economynext.com/sri-lanka-state-porsche-suvs-auctioned-above-valuation-raising-rs200mn-statement-221328/,"The Porsche Cayenne S was sold at 13.61 million rupees May 18, 2025"
EconomyNext,"Sri Lanka budget deficit down in 1Q 2025, current spending speeds up: analysis",2025-05-18,https://economynext.com/sri-lanka-budget-deficit-down-in-1q-2025-current-spending-speeds-up-analysis-221318/,"Tax revenues expanded 18 percent to 985.9 billion rupees May 18, 2025"
EconomyNext,"US credit rating downgraded to Aa1 by Moody's as deficit, interest bill rises",2025-05-18,https://economynext.com/us-credit-rating-downgraded-to-aa1-by-moodys-as-deficit-interest-bill-rises-221307/,"Deficit driven by interest costs May 18, 2025"
EconomyNext,Foreigners dump $4.6 million worth Sri Lanka rupee bonds last week,2025-05-17,https://economynext.com/foreigners-dump-4-6-million-worth-sri-lanka-rupee-bonds-last-week-221267/,"Sri Lanka has seen a net foreign inflow of Rs.20.4 bln into rupee bonds May 17, 2025"
EconomyNext,Sri Lanka financial VAT surges as taxes overshadow retained profits in banks,2025-05-17,https://economynext.com/sri-lanka-financial-vat-surges-as-taxes-overshadow-retained-profits-in-banks-221254/,"Some bank paid more taxes than the residual left for shareholders and for capital May 17, 2025"
EconomyNext,Sri Lanka poultry firms in battle to give cheaper proteins amid nationalist taxes,2025-05-16,https://economynext.com/sri-lanka-poultry-firms-in-battle-to-give-cheaper-proteins-amid-nationalist-taxes-221106/,"Successfully coordinated a bulk maize vessel, optimizing supply chain efficiency May 16, 2025"
EconomyNext,"US to send tariff letters to each country in ""two to three weeks"", Trump says",2025-05-16,https://economynext.com/us-to-send-tariff-letters-to-each-country-in-two-to-three-weeks-trump-says-221105/,"Sri Lanka was one of the countries that met the United States May 16, 2025"
EconomyNext,"Sri Lanka must be vigilant to avoid higher US tariff risks, educate exporters: IPS",2025-05-16,https://economynext.com/sri-lanka-must-be-vigilant-to-avoid-higher-us-tariff-risks-educate-exporters-ips-221055/,"Technical assistance should be provided to Sri Lanka's exporters to minimise the tariff cost under the current US trade May 16, 2025"
EconomyNext,"Sri Lanka to auction state-owned Porsche Cayenne, SUVs",2025-05-15,https://economynext.com/sri-lanka-to-auction-state-owned-porsche-cayenne-suvs-220887/,"It is not clear when and why the Sri Lanka government bought a Porsche Cayenne May 15, 2025"
EconomyNext,115-member Chinese business delegation to visit Sri Lanka,2025-05-14,https://economynext.com/115-member-chinese-business-delegation-to-visit-sri-lanka-220725/,"Chinese delegation interested in black tea, nutmeg and cloves, seafood, papaya, pineapple, guava, and mango imports May 14, 2025"
EconomyNext,Ceylon chamber to host Sri Lanka Economic and Investment Summit 2025,2025-05-14,https://economynext.com/ceylon-chamber-to-host-sri-lanka-economic-and-investment-summit-2025-220718/,"Ceylon Chamber of Commerce's Sri Lanka Economic and Investment Summit 2025 to feature international economists, May 14, 2025"
EconomyNext,US dollar backing of Sri Lanka rupee improves to 25.4-pct in March,2025-05-14,https://economynext.com/us-dollar-backing-of-sri-lanka-rupee-improves-to-25-4-pct-in-march-220663/,"The central banks net reserves were a negative US$4.6bn after swaps were used to mis-target rates May 14, 2025"
EconomyNext,"US inflation 2.3-pct in April, commodities down, core-inflation up",2025-05-13,https://economynext.com/us-inflation-2-3-pct-in-april-commodities-down-core-inflation-up-220647/,"All items less food and energy 2.8-pct May 13, 2025"
EconomyNext,Sri Lanka foreign employment departures fall 9.1-pct to April 2025,2025-05-13,https://economynext.com/sri-lanka-foreign-employment-departures-fall-9-1-pct-to-april-2025-220633/,"Departures hit a record in 2024 May 13, 2025"
EconomyNext,"Sri Lanka poultry exports blocked by maize autarky, import licensing",2025-05-12,https://economynext.com/sri-lanka-poultry-exports-blocked-by-maize-autarky-import-licensing-220531/,"Sri Lanka maize import controls give large profits to collectors at the expense of protein malnutrituon May 12, 2025"
EconomyNext,"US, China suspends 125-pct tax for 90-days, others remain",2025-05-12,https://economynext.com/us-china-suspends-125-pct-tax-for-90-days-others-remain-220571/,"a 10-pct tax on each other to remain May 12, 2025"
EconomyNext,Trump to stop big pharma 'dumping' cheap drugs on sick people in countries like Sri Lanka,2025-05-12,https://economynext.com/trump-to-stop-big-pharma-dumping-cheap-drugs-on-sick-people-in-countries-like-sri-lanka-220542/,"All the development costs were borne by the “suckers” of America, alone, Trump claimed May 12, 2025"
EconomyNext,US says progress made in China trade talks in Switzerland,2025-05-12,https://economynext.com/us-says-progress-made-in-china-trade-talks-in-switzerland-220560/,"More details later May 12, 2025"
EconomyNext,"Sri Lanka sees 11,811 new active credit cards in March 2025",2025-05-12,https://economynext.com/sri-lanka-sees-11811-new-active-credit-cards-in-march-2025-220576/,"The number of active credit card has risen by 1.5-pct in the 2025 first quarter May 12, 2025"
EconomyNext,Sri Lanka foreign employment departures hit record in 2024,2025-05-11,https://economynext.com/sri-lanka-foreign-employment-departures-hit-record-in-2024-220476/,"Official worker remittances grew by 10.1 percent to 6.6 billion US dollars May 11, 2025"
EconomyNext,"India slams IMF on repeated Pakistan loans, questions effectiveness",2025-05-10,https://economynext.com/india-slams-imf-on-repeated-pakistan-loans-questions-effectiveness-220356/,"India said it abstained from voting at the IMF board review May 10, 2025"
EconomyNext,Export-led Asia-Pacific growth faces headwinds from US tariffs: Fitch,2025-05-10,https://economynext.com/export-led-asia-pacific-growth-faces-headwinds-from-us-tariffs-fitch-220286/,"""Governments’ policy responses to the trade war will be key towards its impact on APAC sovereign ratings,"" May 10, 2025"
EconomyNext,IMF approves yet another program for Pakistan,2025-05-10,https://economynext.com/imf-approves-yet-another-program-for-pakistan-220353/,"Pakistan has access to $1.4bn under new program May 10, 2025"
EconomyNext,"Sri Lanka remittances up 18-pct in April, steady growth after currency crisis",2025-05-10,https://economynext.com/sri-lanka-remittances-up-18-pct-in-april-steady-growth-after-currency-crisis-220292/,"Sri Lanka's most recent currency crisis had triggered a rush for passports and outmigration May 10, 2025"
EconomyNext,US-UK tariff agreement: A limited deal,2025-05-09,https://economynext.com/us-uk-tariff-agreement-a-limited-deal-220146/,"Falls short of a full free-trade agreement and leaves a range of tariffs in place By By Kevin Andrews May 9, 2025"
EconomyNext,"Sri Lanka tax revenues Rs970bn, current spending Rs1,226bn in 1Q",2025-05-09,https://economynext.com/sri-lanka-tax-revenues-rs970bn-current-spending-rs1226bn-in-1q-220074/,". May 9, 2025"
EconomyNext,Sri Lanka foreign reserves in April 2025 drop below October level: analysis,2025-05-08,https://economynext.com/sri-lanka-foreign-reserves-in-april-2025-drop-below-october-level-analysis-219751/,"The central bank's net foreign assets may still be improving May 8, 2025"
EconomyNext,"Sri Lanka, ADB discuss challenges in sustaining 'hard-earned gains'",2025-05-08,https://economynext.com/sri-lanka-adb-discuss-challenges-in-sustaining-hard-earned-gains-219743/,"Enhancing technical and financial support of the ADB with respect to those endeavors and newly emerging issues May 8, 2025"
EconomyNext,"Federal Reserves holds rates, saying unemployment low, asset sell-down continues",2025-05-08,https://economynext.com/federal-reserves-holds-rates-saying-unemployment-low-asset-sell-down-continues-219777/,"The unemployment rate has stabilized at a low level in recent months May 8, 2025"
EconomyNext,World Bank pledges US$1bn to Sri Lanka on Banga visit,2025-05-07,https://economynext.com/world-bank-pledges-us1bn-to-sri-lanka-on-banga-visit-219698/,"Funding including guarantees spread over three years May 7, 2025"
EconomyNext,Sri Lanka tells EU it's committed to repeal Prevention of Terrorism Act to ensure GSP+,2025-05-07,https://economynext.com/sri-lanka-tells-eu-its-committed-to-repeal-prevention-of-terrorism-act-to-ensure-gsp-219574/,"EU recalled need to bring legislation to ensure access to the European market through the GSP+ trade preferences May 7, 2025"
EconomyNext,15 Sri Lankans to be repatriated from cybercrime centres in Myanmar: Ministry,2025-05-07,https://economynext.com/15-sri-lankans-to-be-repatriated-from-cybercrime-centres-in-myanmar-ministry-219559/,"15 Sri Lankans in cybercrime centers in Myawaddy, Myanmar are scheduled to return to island on May 7 May 7, 2025"
EconomyNext,Governments in Asia-Pacific must close digital gaps to reduce inequality: ADB,2025-05-07,https://economynext.com/governments-in-asia-pacific-must-close-digital-gaps-to-reduce-inequality-adb-219438/,"ADB report recommends that governments in developing Asia and the Pacific adopt national digital strategies May 7, 2025"
EconomyNext,"Pakistan and India have been fighting for ""centuries"" Trump claims",2025-05-07,https://economynext.com/pakistan-and-india-have-been-fighting-for-centuries-trump-claims-219406/,"It is a shame, we just heard about it May 7, 2025"
EconomyNext,World Bank chief Ajay Banga to visit Sri Lanka,2025-05-06,https://economynext.com/world-bank-chief-ajay-banga-to-visit-sri-lanka-219215/,"On the invitation of President Anura Kumara Dissanayake May 6, 2025"
EconomyNext,US buyers waiting for clarity on Trump tariffs before shifting out of Sri Lanka,2025-05-06,https://economynext.com/us-buyers-waiting-for-clarity-on-trump-tariffs-before-shifting-out-of-sri-lanka-219078/,". May 6, 2025"
EconomyNext,President invites Vietnam conglomerate and EV maker Vingroup to invest in Sri Lanka,2025-05-05,https://economynext.com/president-invites-vietnam-conglomerate-and-ev-maker-vingroup-to-invest-in-sri-lanka-218887/,". May 5, 2025"
EconomyNext,"Sri Lanka revenue growth slows in Feb 2025 ahead of car import taxes, spending up",2025-05-05,https://economynext.com/sri-lanka-revenue-growth-slows-in-feb-2025-ahead-of-car-import-taxes-spending-up-218795/,"Tax revenue grew 18 percent to 760.7 billion rupees May 5, 2025"
EconomyNext,"Sri Lanka signs one agreement, four MoUs with Vietnam on bilateral cooperation",2025-05-05,https://economynext.com/sri-lanka-signs-one-agreement-four-mous-with-vietnam-on-bilateral-cooperation-219062/,"Deals include cooperation on customs, equipment manufacturing, agriculture, and trade May 5, 2025"
EconomyNext,"CSE, National Chamber of Exporters of Sri Lanka sign agreement to boost exporters",2025-05-05,https://economynext.com/cse-national-chamber-of-exporters-of-sri-lanka-sign-agreement-to-boost-exporters-218952/,"Partnering to support exporters by enhancing their access to capital market opportunities May 5, 2025"
EconomyNext,Maldives sees Sri Lanka-scale cigarette smuggling after import duty hike,2025-05-04,https://economynext.com/maldives-sees-sri-lanka-scale-cigarette-smuggling-after-import-duty-hike-218743/,". May 4, 2025"
EconomyNext,Sri Lanka's central bank buys US$160mn in April,2025-05-03,https://economynext.com/sri-lankas-central-bank-buys-us160mn-in-april-218670/,"As a result, over the last five months the central bank has collected only around 658 million dollars May 3, 2025"
EconomyNext,Foreigners buy $2 million worth Sri Lanka rupee bonds in 1 week,2025-05-03,https://economynext.com/foreigners-buy-2-million-worth-sri-lanka-rupee-bonds-in-1-week-218698/,"Foreigners bought Sri Lanka bonds on a net basis for the second straight week May 3, 2025"
EconomyNext,Sri Lanka shifts some dollar reserves to Switzerland to manage risk,2025-05-02,https://economynext.com/sri-lanka-shifts-some-dollar-reserves-to-switzerland-to-manage-risk-218479/,"Switzerland has one of the best central banks and the lowest inflation May 2, 2025"
EconomyNext,"Sri Lanka foreign exchange earnings hit US$2.6bn in March, $963mn above imports",2025-05-01,https://economynext.com/sri-lanka-foreign-exchange-earnings-hit-us2-6bn-in-march-963mn-above-imports-218462/,"Worker remittances hit 693 million dollars compared to 572 million dollars last year May 1, 2025"
EconomyNext,Sri Lanka working people continue to shoulder burden of rebuilding economy: President,2025-05-01,https://economynext.com/sri-lanka-working-people-continue-to-shoulder-burden-of-rebuilding-economy-president-218453/,"""I warmly invite our beloved working people to join hands in solidarity, to rise with determination and to strive toward May 1, 2025"
EconomyNext,Sri Lanka PMD says top EU official pledged “positively considering the GSP+ review”,2025-04-30,https://economynext.com/sri-lanka-pmd-says-top-eu-official-pledged-positively-considering-the-gsp-review-218405/,"Loss of trade concession could hit Sri Lanka's economy adversely. April 30, 2025"
EconomyNext,"Sri Lanka inflation up 0.89-pct over 31 months, 12-m down",2025-04-30,https://economynext.com/sri-lanka-inflation-up-0-89-pct-over-31-months-12-m-down-218383/,"The food price index fell 0.2 percent in the 12 months to April April 30, 2025"
EconomyNext,New IMF Mission Chief wants more progress in Sri Lanka’s SOE reforms,2025-04-30,https://economynext.com/new-imf-mission-chief-wants-more-progress-in-sri-lankas-soe-reforms-218351/,"Sri Lanka's new government has reversed previous administration's SOE reforms with divestment. April 30, 2025"
EconomyNext,Sri Lanka awaiting US response over Trump tariffs proposals,2025-04-30,https://economynext.com/sri-lanka-awaiting-us-response-over-trump-tariffs-proposals-218340/,"Sri Lanka team makes proposals to boost US imports and also explains constraints with the IMF program April 30, 2025"
EconomyNext,Sri Lanka's central bank makes Rs274bn profit in 2024,2025-04-30,https://economynext.com/sri-lankas-central-bank-makes-rs274bn-profit-in-2024-218289/,"Central bank starts earning on its foreign assets in 2024 April 30, 2025"
EconomyNext,Sri Lanka central bank total assets fell Rs333.9bn in 2024,2025-04-29,https://economynext.com/sri-lanka-central-bank-total-assets-fell-rs333-9bn-in-2024-218163/,"The decrease in local currency assets can largely be attributed to the maturing of Treasury bills and Treasury bonds April 29, 2025"
EconomyNext,Sri Lanka appoints panel to review bill to depoliticize commercial SOEs,2025-04-29,https://economynext.com/sri-lanka-appoints-panel-to-review-bill-to-depoliticize-commercial-soes-218161/,"New govt has already drafted State Commercial Enterprises Management Draft Bill April 29, 2025"
EconomyNext,Sri Lanka to conduct economic census,2025-04-29,https://economynext.com/sri-lanka-to-conduct-economic-census-218018/,"Covering agricultural and non-agricultural economic activities in two separate phases April 29, 2025"
EconomyNext,Sri Lanka president to sign several agreements on visit to Viet Nam,2025-04-29,https://economynext.com/sri-lanka-president-to-sign-several-agreements-on-visit-to-viet-nam-218068/,"“From May 3rd to 6th the president will be on an official visit to Viet Nam,” By By Nisheni Atapattu April 29, 2025"
EconomyNext,"Sri Lanka program's IMF board review likely in June, after power tariff adjustment",2025-04-29,https://economynext.com/sri-lanka-programs-imf-board-review-likely-in-june-after-power-tariff-adjustment-218266/,". April 29, 2025"
EconomyNext,Sri Lanka should safeguard “legitimate rights” in facing Trump’s tariff: Chinese envoy,2025-04-28,https://economynext.com/sri-lanka-should-safeguard-legitimate-rights-in-facing-trumps-tariff-chinese-envoy-217886/,"""This unilateralism and hegemonic bullying have severely impacted the global economic order"" April 28, 2025"
EconomyNext,Top Chinese Minister to visit Sri Lanka in June; FTA talks likely,2025-04-28,https://economynext.com/top-chinese-minister-to-visit-sri-lanka-in-june-fta-talks-likely-217756/,"The FTA talks between the two countries have stalled since 2018 April 28, 2025"
EconomyNext,"Sri Lanka budget deficit down in Jan 2025 ahead of salary hike, tax revenues up 25-pct",2025-04-28,https://economynext.com/sri-lanka-budget-deficit-down-in-jan-2025-ahead-of-salary-hike-tax-revenues-up-25-pct-217724/,"The overall deficit was 119.4 billion rupees, down from 166.9 billion rupees last year April 28, 2025"
EconomyNext,Sri Lanka smuggled cigarettes soared over 1 billion sticks 2024 amid tax hikes : CTC,2025-04-27,https://economynext.com/sri-lanka-smuggled-cigarettes-soared-over-1-billion-sticks-2024-amid-tax-hikes-ctc-217636/,"These trends not only affect CTC’s volumes but also result in significant tax revenue losses April 27, 2025"
EconomyNext,Sri Lanka at Global Sovereign Debt Roundtable in Washington,2025-04-27,https://economynext.com/sri-lanka-at-global-sovereign-debt-roundtable-in-washington-217669/,"Sri Lanka earned a place in the GDSR following a default in 2022 April 27, 2025"
EconomyNext,Foreigners buy Sri Lanka rupee bonds after dumping for two straight weeks,2025-04-26,https://economynext.com/foreigners-buy-sri-lanka-rupee-bonds-after-dumping-for-two-straight-weeks-217623/,"Sri Lanka saw outflow after Trump's reciprocal tariff announcement April 26, 2025"
EconomyNext,Sri Lanka and US to continue talks for bilateral trade deal: PMD,2025-04-25,https://economynext.com/sri-lanka-and-us-to-continue-talks-for-bilateral-trade-deal-pmd-217491/,"Both sides expressed the desire to finalize the agreement in the shortest possible time period April 25, 2025"
EconomyNext,"Sri Lanka reaches IMF staff level deal, review after electricity price hike",2025-04-25,https://economynext.com/sri-lanka-reaches-imf-staff-level-deal-review-after-electricity-price-hike-217586/,"Program to accommodate policy measures if Trump tariffs hurts Sri Lanka April 25, 2025"
EconomyNext,"Pakistan suspends peace treaty with India, in escalation of South Asia tension",2025-04-25,https://economynext.com/pakistan-suspends-peace-treaty-with-india-in-escalation-of-south-asia-tension-217415/,"Both nations claim that the opposite side is backing militancy in each other's countries April 25, 2025"
EconomyNext,Sri Lanka GSP+ monitoring mission from EU from April 28,2025-04-25,https://economynext.com/sri-lanka-gsp-monitoring-mission-from-eu-from-april-28-217621/,"The mission will tak stock of progress on the fulfillment of conditions linked to the granting of GSP+ April 25, 2025"
EconomyNext,Sri Lanka expects arrangement on US trade before 90-day deadline : Minister,2025-04-24,https://economynext.com/sri-lanka-expects-arrangement-on-us-trade-before-90-day-deadline-minister-217391/,"Sri Lanka will issue a statement on the talks in the near future April 24, 2025"
EconomyNext,Sri Lanka on track to reach IMF staff level deal soon: report,2025-04-24,https://economynext.com/sri-lanka-on-track-to-reach-imf-staff-level-deal-soon-report-217332/,"A negotiation team is currently in Washington where the IMF and World Bank Spring Meetings April 24, 2025"
EconomyNext,Sri Lanka vehicle import LCs are US$350mn so far: President,2025-04-24,https://economynext.com/sri-lanka-vehicle-import-lcs-are-us350mn-so-far-president-217297/,"Exchange rate is stable April 24, 2025"
EconomyNext,Sri Lanka goods exports grow 5.8-pct in March 2025,2025-04-23,https://economynext.com/sri-lanka-goods-exports-grow-5-8-pct-in-march-2025-217217/,"Merchandise exports grew 5.87 percent year-on-year in March April 23, 2025"
EconomyNext,Sri Lanka’s tariff discussions with U.S. fruitful: President,2025-04-23,https://economynext.com/sri-lankas-tariff-discussions-with-u-s-fruitful-president-217295/,"Trump imposed 44% reciprocal tariff on Sri Lanka products to U.S. April 23, 2025"
EconomyNext,Sri Lanka’s IRD introduces self declaration to get WHT exemption,2025-04-23,https://economynext.com/sri-lankas-ird-introduces-self-declaration-to-get-wht-exemption-217287/,"Sri Lanka has doubled WHT to 10% from this month. April 23, 2025"
EconomyNext,Sri Lanka’s IRD opens 9 million tax files without requests,2025-04-23,https://economynext.com/sri-lankas-ird-opens-9-million-tax-files-without-requests-217284/,"IRD aims for 2.1 trillion rupee tax revenue this year April 23, 2025"
EconomyNext,Sri Lanka services exports rise 7.79-pct in March: EDB,2025-04-23,https://economynext.com/sri-lanka-services-exports-rise-7-79-pct-in-march-edb-217232/,"Financial services dropped 65.96 percent to 2.10 million dollars from 6.17 million dollars a year ago. April 23, 2025"
EconomyNext,Markets expect 'de-escalation' in China tariff war on Bessent comments,2025-04-23,https://economynext.com/markets-expect-de-escalation-in-china-tariff-war-on-bessent-comments-217147/,"Trump denies intention to fire Jerome Powell April 23, 2025"
EconomyNext,"UAE deputy PM in Sri Lanka; backs energy, tourism, investment, foreign jobs",2025-04-23,https://economynext.com/uae-deputy-pm-in-sri-lanka-backs-energy-tourism-investment-foreign-jobs-217139/,"UAE top delegation comes to Sri Lanka following President Dissanayake visit to Dubai in February April 23, 2025"
EconomyNext,Trump-Powell feud ratchets up amid Sri Lanka style anti-globalization utopia plan,2025-04-22,https://economynext.com/trump-powell-feud-ratchets-up-amid-sri-lanka-style-anti-globalization-utopia-plan-216934/,"Trump is already blamed for the coming slowdown by analysts and businesses, not the Fed April 22, 2025"
EconomyNext,Sri Lanka central bank adds billions in dollar value to EPF in 2023-24  with sound money,2025-04-20,https://economynext.com/sri-lanka-central-bank-adds-billions-in-dollar-value-to-epf-in-2023-24-with-sound-money-216644/,"The EPF has built back around US $5.29 billion dollars after losing 6.27 April 20, 2025"
EconomyNext,Foreigners dump Sri Lanka rupee bonds for 2nd straight week amid Trump tariff uncertainty,2025-04-19,https://economynext.com/foreigners-dump-sri-lanka-rupee-bonds-for-2nd-straight-week-amid-trump-tariff-uncertainty-216544/,"Sri Lanka's exports to US expected to slow if reciprocal tariff comes to effect April 19, 2025"
EconomyNext,"Sri Lanka faces debt woes, food price volatility as trade war escalates: UN report",2025-04-19,https://economynext.com/sri-lanka-faces-debt-woes-food-price-volatility-as-trade-war-escalates-un-report-216513/,"Many low-income countries face a “perfect storm” of worsening external financial conditions, unsustainable debt and ... April 19, 2025"
EconomyNext,Sri Lanka EPF pays record real returns as central bank misses inflation target,2025-04-19,https://economynext.com/sri-lanka-epf-pays-record-real-returns-as-central-bank-misses-inflation-target-216587/,"Real returns after inflation hits double digits April 19, 2025"
EconomyNext,Sri Lanka team to hold tariff talks in Washington on April 22,2025-04-18,https://economynext.com/sri-lanka-team-to-hold-tariff-talks-in-washington-on-april-22-216509/,"A 10 percent tax on imports, slapped by President Trump as a revenue measure is in effect at the moment April 18, 2025"
EconomyNext,"'We made the right decisions', former minister on restructuring Sri Lanka EPF",2025-04-18,https://economynext.com/we-made-the-right-decisions-former-minister-on-restructuring-sri-lanka-epf-216420/,"We did this quickly and carefully, without harming superannuation funds like the EPF April 18, 2025"
EconomyNext,Countries must put their houses in order to face a world of uncertainty: IMF chief,2025-04-18,https://economynext.com/countries-must-put-their-houses-in-order-to-face-a-world-of-uncertainty-imf-chief-216383/,"Tighter budget constraints will entail difficult choices everywhere especially in low-income countries, Georgieva said. April 18, 2025"
EconomyNext,UN trade chief urges US to spare developing countries from tariffs,2025-04-17,https://economynext.com/un-trade-chief-urges-us-to-spare-developing-countries-from-tariffs-216236/,"“We are already in a “new normal” of low growth and high debt, and we are worried that the global economy will slo... April 17, 2025"
EconomyNext,Sri Lanka financial services drive services PMI in March,2025-04-17,https://economynext.com/sri-lanka-financial-services-drive-services-pmi-in-march-216309/,"""Business activities in the financial services also continued to improve attributable to increased lending activities,"" April 17, 2025"
EconomyNext,Sri Lanka to charge VAT on foreign digital purchases from October 01,2025-04-17,https://economynext.com/sri-lanka-to-charge-vat-on-foreign-digital-purchases-from-october-01-216194/,"Procedures for registration, payment, and compliance will be specified by the Commissioner-General April 17, 2025"
EconomyNext,Sri Lanka manufacturing rose in March driven by 'strong seasonal demand': PMI,2025-04-17,https://economynext.com/sri-lanka-manufacturing-rose-in-march-driven-by-strong-seasonal-demand-pmi-216285/,"Firms, especially export-oriented manufacturers, are concerned about the growing uncertainties in global trade April 17, 2025"
EconomyNext,"Sri Lanka urged to end high border taxes, cut barriers to exports, after Trump tariffs",2025-04-17,https://economynext.com/sri-lanka-urged-to-end-high-border-taxes-cut-barriers-to-exports-after-trump-tariffs-216087/,"Even then, benchmarking against large Asian economies isn’t good enough April 17, 2025"
EconomyNext,"Trump slams Fed Chief Powell in rate cut push, threatens termination",2025-04-17,https://economynext.com/trump-slams-fed-chief-powell-in-rate-cut-push-threatens-termination-216310/,"""Powell’s termination cannot come fast enough!"" April 17, 2025"
EconomyNext,"Sri Lanka gold price surges to Rs241,000 a sovereign",2025-04-17,https://economynext.com/sri-lanka-gold-price-surges-to-rs241000-a-sovereign-216268/,"In Sri Lanka the falling rupee has also contributed to rising gold prices. April 17, 2025"
EconomyNext,"US trade war carries risks for APAC sovereign ratings, including Sri Lanka: Fitch",2025-04-16,https://economynext.com/us-trade-war-carries-risks-for-apac-sovereign-ratings-including-sri-lanka-fitch-215916/,"This could be credit negative for sovereigns with relatively low external buffers, such as Sri Lanka (CCC+) April 16, 2025"
EconomyNext,"Sri Lanka sees 1,770 new active credit cards in February 2025",2025-04-16,https://economynext.com/sri-lanka-sees-1770-new-active-credit-cards-in-february-2025-216037/,"Economic recovery has helped boost active credit cards April 16, 2025"
EconomyNext,IPC wire harness event aims to attract Sri Lanka school leavers to industry,2025-04-16,https://economynext.com/ipc-wire-harness-event-aims-to-attract-sri-lanka-school-leavers-to-industry-215956/,"Courses to be introduced for school leavers and Vocational Educational Institutes to attract more skilled workers April 16, 2025"
EconomyNext,"Sri Lanka exports, especially apparel, face uncertainty as EU GSP+ review looms",2025-04-15,https://economynext.com/sri-lanka-exports-especially-apparel-face-uncertainty-as-eu-gsp-review-looms-215830/,"Sector already in the balance after Trump Tariffs April 15, 2025"
EconomyNext,"US productivity growth to slow after tariffs, inflation to spike, capex freezing : Fed's Waller",2025-04-15,https://economynext.com/us-productivity-growth-to-slow-after-tariffs-inflation-to-spike-capex-freezing-feds-waller-215848/,"I have heard this repeatedly from business contacts around the country—tariff uncertainty is freezing capital spending April 15, 2025"
EconomyNext,Sri Lanka faces default risks after abandoning scarce reserve system,2025-04-14,https://economynext.com/sri-lanka-faces-default-risks-after-abandoning-scarce-reserve-system-215617/,"There are several red flags and one green one By By Bellwether April 14, 2025"
EconomyNext,Sri Lanka March 2025 remittances hit near record high; up 21.1-pct to $693.3 mn,2025-04-13,https://economynext.com/sri-lanka-march-2025-remittances-hit-near-record-high-up-21-1-pct-to-693-3-mn-215575/,"Remittances are one of Sri Lanka's key foreign exchange earners April 13, 2025"
EconomyNext,"Sri Lanka propose energy imports, more talks to address Trump tariffs",2025-04-12,https://economynext.com/sri-lanka-propose-energy-imports-more-talks-to-address-trump-tariffs-215505/,"Sri Lanka had two virtual meeting with US officials before the Trump tariffs was paused April 12, 2025"
EconomyNext,Sri Lankans' confidence in financial system stability improved: CB risk survey,2025-04-12,https://economynext.com/sri-lankans-confidence-in-financial-system-stability-improved-cb-risk-survey-215479/,"Survey was conducted between 12 December 2024 and 10 January 2025, before US President Donald Trump announced tariffs April 12, 2025"
EconomyNext,"ADB looking at Sri Lanka PPPs, credit enhancement for private sector lending",2025-04-11,https://economynext.com/adb-looking-at-sri-lanka-ppps-credit-enhancement-for-private-sector-lending-215264/,"Looking at energy and water sector delivery services April 11, 2025"
EconomyNext,US tariffs 'nothing but unilateral bullying and coercion': China,2025-04-11,https://economynext.com/us-tariffs-nothing-but-unilateral-bullying-and-coercion-china-215445/,"China will raise the additional tariffs on products imported from the United States to 125 percent from Saturday By By Nisheni Atapattu April 11, 2025"
EconomyNext,Sri Lanka's IMF staff level deal for next review to take time amid Trump tariff,2025-04-11,https://economynext.com/sri-lankas-imf-staff-level-deal-for-next-review-to-take-time-amid-trump-tariff-215283/,"Regulator ordered price cut on CEB also a sticking point April 11, 2025"
EconomyNext,Sri Lanka tests app to pay traffic fines online,2025-04-11,https://economynext.com/sri-lanka-tests-app-to-pay-traffic-fines-online-215371/,"""Keeping money in a pettagama won't make it capital,"" Ratnayake told reporters. ""We want to bring it into the circuit, April 11, 2025"
EconomyNext,New Year ‘kevili’ table costs 7-pct higher in 2025 than 2024: Verité Research,2025-04-11,https://economynext.com/new-year-kevili-table-costs-7-pct-higher-in-2025-than-2024-verite-research-215396/,"Primarily due to a rise in coconut prices and coconut oil prices by 80% and 40% April 11, 2025"
EconomyNext,Sri Lanka think tank calls for global multilateral alliance to respond Trump’s tariff,2025-04-11,https://economynext.com/sri-lanka-think-tank-calls-for-global-multilateral-alliance-to-respond-trumps-tariff-215454/,"Trump's Tariff is expected to hit Sri Lanka garment exports hard April 11, 2025"
EconomyNext,"Public support will move towards China after Trump tariff, says Sri Lanka’s ex-leader",2025-04-11,https://economynext.com/public-support-will-move-towards-china-after-trump-tariff-says-sri-lankas-ex-leader-215456/,"Wickremesinghe says a new World order will decide US' position. April 11, 2025"
EconomyNext,US monthly inflation down in March as energy falls,2025-04-10,https://economynext.com/us-monthly-inflation-down-in-march-as-energy-falls-215245/,"Energy costs fell 3.3 percent in February April 10, 2025"
EconomyNext,"Sri Lanka president, party leaders agree on HS code-based bilateral trade deal with US: MP",2025-04-10,https://economynext.com/sri-lanka-president-party-leaders-agree-on-hs-code-based-bilateral-trade-deal-with-us-mp-215202/,"""Immediate issue is to arrive at a “HS Code based bilateral trade deal”  w the US."" April 10, 2025"
EconomyNext,JAAF commends Sri Lanka engagement on Trump tariff,2025-04-10,https://economynext.com/jaaf-commends-sri-lanka-engagement-on-trump-tariff-215196/,"It is important that the fast and decisive action already initiated is continued April 10, 2025"
EconomyNext,"ADB to ready to finance Sri Lanka on reforms, digitalization in 2025",2025-04-10,https://economynext.com/adb-to-ready-to-finance-sri-lanka-on-reforms-digitalization-in-2025-215113/,"Going forward, ADB has pipelined a similar volume in budget support for 2025 April 10, 2025"
EconomyNext,Sri Lanka to grow 3.9-pct in 2025 amid uncertainties: ADB,2025-04-10,https://economynext.com/sri-lanka-to-grow-3-9-pct-in-2025-amid-uncertainties-adb-214942/,"However from around 2028, foreign debt repayments will start going up April 10, 2025"
EconomyNext,President instructs SriLankan officials to make airline 'more profitable',2025-04-09,https://economynext.com/president-instructs-srilankan-officials-to-make-airline-more-profitable-214808/,"President meets SriLankan Airlines officials April 9, 2025"
EconomyNext,"Sri Lanka's 44-pct Trump tariff goes into effect, Japan, Korea first to negotiate",2025-04-09,https://economynext.com/sri-lankas-44-pct-trump-tariff-goes-into-effect-japan-korea-first-to-negotiate-214615/,"US trying to solve non-existent problem of the trade deficit April 9, 2025"
EconomyNext,Sri Lanka COPF chief urges extension of SVAT amid Trump tariff,2025-04-09,https://economynext.com/sri-lanka-copf-chief-urges-extension-of-svat-amid-trump-tariff-214753/,"SVAT leads to exporter cash being tied up within inland revenue April 9, 2025"
EconomyNext,Sri Lanka's Hayleys acquires 10.83-pct stake in DIMO,2025-04-09,https://economynext.com/sri-lankas-hayleys-acquires-10-83-pct-stake-in-dimo-214754/,"The Company holds 10.83% of the total shareholding of DIMO as at date April 9, 2025"
EconomyNext,"Sri Lanka, Singapore's Surbana Jurong review Colombo, Eastern, Hambantota projects",2025-04-09,https://economynext.com/sri-lanka-singapores-surbana-jurong-review-colombo-eastern-hambantota-projects-214813/,"Discussion on Colombo, Eastern and Greater Hambantota development projects April 9, 2025"
EconomyNext,Sri Lanka SMEs urged to work with banks to restructure defaulted loans: Correction,2025-04-09,https://economynext.com/sri-lanka-smes-urged-to-work-with-banks-to-restructure-defaulted-loans-correction-214880/,"Government has allocated Rs20bn as investment and working capital financing April 9, 2025"
EconomyNext,"Trump tariff limited to 10-pct for 90 days after Sri Lanka, other nations offer to talk",2025-04-09,https://economynext.com/trump-tariff-limited-to-10-pct-for-90-days-after-sri-lanka-other-nations-offer-to-talk-214939/,"China hit with a 125-percent tax April 9, 2025"
EconomyNext,Sri Lanka exporters asked to suspend some shipments to US after Trump tariffs,2025-04-08,https://economynext.com/sri-lanka-exporters-asked-to-suspend-some-shipments-to-us-after-trump-tariffs-214213/,"In April, export companies given extended holidays April 8, 2025"
EconomyNext,"Sri Lanka services imports, open door for US brands should figure in tariff talks: NCE's Marikar",2025-04-08,https://economynext.com/sri-lanka-services-imports-open-door-for-us-brands-should-figure-in-tariff-talks-nces-marikar-214382/,"Sri Lanka was among the first countries to invite Starlink April 8, 2025"
EconomyNext,"Sri Lanka should reform tariffs, expand FTA, link with India: Advocata",2025-04-08,https://economynext.com/sri-lanka-should-reform-tariffs-expand-fta-link-with-india-advocata-214349/,"Simplifying taxes would reduce corruption April 8, 2025"
EconomyNext,"Sri Lanka should look at productivity, soften shock on workers after Trump tariff: ex-Treasury Secy",2025-04-08,https://economynext.com/sri-lanka-should-look-at-productivity-soften-shock-on-workers-after-trump-tariff-ex-treasury-secy-214221/,"Taking measures to boost productivity can help keep workers in jobs April 8, 2025"
EconomyNext,Business collaboration key to Sri Lanka's economic growth: Netherlands envoy,2025-04-08,https://economynext.com/business-collaboration-key-to-sri-lankas-economic-growth-netherlands-envoy-214437/,"Sri Lanka–Benelux Business Council (SLBBC) of The Ceylon Chamber of Commerce holds 29th annual general meeting. April 8, 2025"
EconomyNext,Sri Lanka asks India to raise FTA apparel export quota to 50mn pcs after Trump tariff,2025-04-08,https://economynext.com/sri-lanka-asks-india-to-raise-fta-apparel-export-quota-to-50mn-pcs-after-trump-tariff-214507/,"If not we have requested facilities to increase exports by 500 million dollars April 8, 2025"
EconomyNext,Sri Lanka reserves recover to US$6.5bn in November,2025-04-07,https://economynext.com/sri-lanka-reserves-recover-to-us6-5bn-in-november-214200/,"Sri Lanka's gross official reserves reached 6,472 million dollars in October 2024 April 7, 2025"
EconomyNext,Adani-JKH $808mn Colombo terminal begins operations after Indian PM visit,2025-04-07,https://economynext.com/adani-jkh-808mn-colombo-terminal-begins-operations-after-indian-pm-visit-214197/,"Operation commenced a day after Indian PM Narendra Modi left Sri Lanka April 7, 2025"
EconomyNext,Sri Lanka discusses Trump tariff challenges with IMF review mission,2025-04-07,https://economynext.com/sri-lanka-discusses-trump-tariff-challenges-with-imf-review-mission-214194/,"Exchanged views on emerging economic challenges, particularly in light of new trade tariffs April 7, 2025"
EconomyNext,'Compelling need for continued prudence in policymaking': CB annual review,2025-04-07,https://economynext.com/compelling-need-for-continued-prudence-in-policymaking-cb-annual-review-214135/,"The heightening of global geopolitical uncertainties, particularly imposition of US tariffs could weigh on economy April 7, 2025"
EconomyNext,Sri Lanka hoping to make proposals to US Trade Rep Tuesday on Trump tariff,2025-04-07,https://economynext.com/sri-lanka-hoping-to-make-proposals-to-us-trade-rep-tuesday-on-trump-tariff-213975/,". April 7, 2025"
EconomyNext,Sri Lanka central bank buys US$401mn from banks in March 2025,2025-04-06,https://economynext.com/sri-lanka-central-bank-buys-us401mn-from-banks-in-march-2025-213939/,"The central bank has bought 484 million US dollars in the first quarter of 2025 April 6, 2025"
EconomyNext,Sri Lanka expects to initiate 'prompt discussions' on Trump tariff,2025-04-05,https://economynext.com/sri-lanka-expects-to-initiate-prompt-discussions-on-trump-tariff-213893/,"Proposals concerning the country's strategic response to the imposition of these new tariffs, reviewed April 5, 2025"
EconomyNext,"India concludes restructuring Sri Lanka debt, interest slashed: PM Modi",2025-04-05,https://economynext.com/india-concludes-restructuring-sri-lanka-debt-interest-slashed-pm-modi-213863/,"India played a key role in restructuring Sri Lanka's debt as a co-chair April 5, 2025"
EconomyNext,India writes off US$100mn in debt to Sri Lanka,2025-04-05,https://economynext.com/india-writes-off-us100mn-in-debt-to-sri-lanka-213877/,"In the last six months, we have converted a loan of 100 million dollars into to a grant April 5, 2025"
EconomyNext,"Sri Lanka, India leaders launch hi-tech agri warehouse, solar plant",2025-04-05,https://economynext.com/sri-lanka-india-leaders-launch-hi-tech-agri-warehouse-solar-plant-213834/,"Warehouse in Central Sri Lanka April 5, 2025"
EconomyNext,Sri Lanka has to take new approach to trade: Analyst,2025-04-04,https://economynext.com/sri-lanka-has-to-take-new-approach-to-trade-analyst-213682/,"Sri Lanka must now look to diversifying both its export basket as well as its export destinations. April 4, 2025"
EconomyNext,Trump making 300-year old mistake in raising tariffs : Sri Lanka economist,2025-04-04,https://economynext.com/trump-making-300-year-old-mistake-in-raising-tariffs-sri-lanka-economist-213414/,"It is something for 300 to 400 years economists have warned policy makers against April 4, 2025"
EconomyNext,Sri Lanka eyes tariff talks as Trump to consider 'phenomenal' offers,2025-04-04,https://economynext.com/sri-lanka-eyes-tariff-talks-as-trump-to-consider-phenomenal-offers-213536/,"Trump aides had previously said that the tariffs were not negotiable. April 4, 2025"
EconomyNext,"Sri Lanka meets JETRO officials to strengthen economic ties with India, Japan",2025-04-04,https://economynext.com/sri-lanka-meets-jetro-officials-to-strengthen-economic-ties-with-india-japan-213624/,"Identifying key sectors for export promotion and exploring strategies to enhance regional supply chains, April 4, 2025"
EconomyNext,"Oil, copper, tumble, US stocks extend losses, China retaliates against Trump tariff",2025-04-04,https://economynext.com/oil-copper-tumble-us-stocks-extend-losses-china-retaliates-against-trump-tariff-213754/,"US and global stocks are also falling April 4, 2025"
EconomyNext,Explainer: What Trump’s 44-pct reciprocal tariff means for Sri Lanka,2025-04-04,https://economynext.com/explainer-what-trumps-44-pct-reciprocal-tariff-means-for-sri-lanka-213764/,"Sri Lanka was hardly prepared for a 44 percent tariff on exports to the U.S. April 4, 2025"
EconomyNext,"After Trump’s move, Sri Lanka pledges to cut tariff, non tariff barriers",2025-04-04,https://economynext.com/after-trumps-move-sri-lanka-pledges-to-cut-tariff-non-tariff-barriers-213767/,"Sri Lanka's apparel sector is expected to hit hard by Trumps 44% reciprocal tariff April 4, 2025"
EconomyNext,"Sri Lanka rubber trade urge talks with US over now 56.5-pct tax, seeks relief package",2025-04-04,https://economynext.com/sri-lanka-rubber-trade-urge-talks-with-us-over-now-56-5-pct-tax-seeks-relief-package-213741/,"This is expected to have a far-reaching impact on rubber tappers, their families, April 4, 2025"
EconomyNext,US effective tariff rate settles at 17-pct with July 31 duties: Fitch,2025-04-03,https://economynext.com/us-effective-tariff-rate-settles-at-17-pct-with-july-31-duties-fitch-234513/,"About 8 percentage points lower than our April 3, 2025, estimate August 4, 2025"
EconomyNext,Impacts on Sri Lanka’s listed firms by Trump's reciprocal tariffs,2025-04-03,https://economynext.com/impacts-on-sri-lankas-listed-firms-by-trumps-reciprocal-tariffs-213248/,"The new tariff hike could lead to hit Sri Lankan firms exporting goods to the US April 3, 2025"
EconomyNext,US President Trump slaps 'reciprocal' tariffs on 180 countries,2025-04-03,https://economynext.com/us-president-trump-slaps-reciprocal-tariffs-on-180-countries-212929/,". April 3, 2025"
EconomyNext,Sri Lanka hit by 44-pct Trump reciprocal tariff,2025-04-03,https://economynext.com/sri-lanka-hit-by-44-pct-trump-reciprocal-tariff-212937/,"The full tax will be charged from April 09 April 3, 2025"
EconomyNext,Sri Lanka's 88-pct tax on US arrived at by dividing trade deficit?,2025-04-03,https://economynext.com/sri-lankas-88-pct-tax-on-us-arrived-at-by-dividing-trade-deficit-213077/,"The formula seems to match many countries April 3, 2025"
EconomyNext,Sri Lanka export company stocks slump on Trump tariff,2025-04-03,https://economynext.com/sri-lanka-export-company-stocks-slump-on-trump-tariff-213167/,"Apparel is the island's largest export, and the US is its biggest market. April 3, 2025"
EconomyNext,Sri Lanka appoints committee to look into US tariff impact,2025-04-03,https://economynext.com/sri-lanka-appoints-committee-to-look-into-us-tariff-impact-213219/,"Comprising Duminda Hulangamuwa, Ashroff Omar, Sharad Amalean, and Saif Jafferjee in addition to government officials April 3, 2025"
EconomyNext,"Impact on Trump taxes 'swift and severe', thousands of jobs at risk: apparel body",2025-04-03,https://economynext.com/impact-on-trump-taxes-swift-and-severe-thousands-of-jobs-at-risk-apparel-body-213320/,"“With tariffs coming into effect almost immediately, the impact will be swift and severe. April 3, 2025"
EconomyNext,Sri Lanka Minister denies government inaction on impending Trump’s tariff,2025-04-03,https://economynext.com/sri-lanka-minister-denies-government-inaction-on-impending-trumps-tariff-213321/,"Sources say the government was aware of possible tariff hike on March 5 April 3, 2025"
EconomyNext,Sri Lanka plans to negotiate Trump tariff: Minister,2025-04-03,https://economynext.com/sri-lanka-plans-to-negotiate-trump-tariff-minister-213313/,"Tariff will be effective from April 09 April 3, 2025"
EconomyNext,Sri Lankans react to Trump's 44-pct reciprocal tariff,2025-04-03,https://economynext.com/sri-lankans-react-to-trumps-44-pct-reciprocal-tariff-213382/,"The higher tariff will be effective from April 9 April 3, 2025"
EconomyNext,Ceylon Chamber expresses concern over US tariffs,2025-04-03,https://economynext.com/ceylon-chamber-expresses-concern-over-us-tariffs-213391/,"This development poses a significant challenge to the country’s trade and economic stability April 3, 2025"
EconomyNext,Sri Lanka does not expect immediate hit from Trump tariffs: Industries Minister,2025-04-02,https://economynext.com/sri-lanka-does-not-expect-immediate-hit-from-trump-tariffs-industries-minister-212927/,"Sri Lanka preparing new tariff policy April 2, 2025"
EconomyNext,Sri Lanka tax payers to fork out Rs330bn in 2025/26 for state worker salary hike,2025-04-01,https://economynext.com/sri-lanka-tax-payers-to-fork-out-rs330bn-in-2025-26-for-state-worker-salary-hike-212645/,"""Within the next 18 months we will spend 330 billion just to increase the public servants salary."" April 1, 2025"
EconomyNext,Dollar backing of Sri Lanka rupee rises to 20-pct by Feb 2025,2025-04-01,https://economynext.com/dollar-backing-of-sri-lanka-rupee-rises-to-20-pct-by-feb-2025-212598/,"Central bank's reserves were negative by US$4.6bn during the last rate cut crisis April 1, 2025"
EconomyNext,"Sri Lanka plans to hire 30,000 new state workers",2025-04-01,https://economynext.com/sri-lanka-plans-to-hire-30000-new-state-workers-212619/,"""We will advertise in the papers. Send in your applications."" April 1, 2025"
EconomyNext,Sri Lanka cabinet nod for Inland Revenue law WH tax exemption,2025-04-01,https://economynext.com/sri-lanka-cabinet-nod-for-inland-revenue-law-wh-tax-exemption-221579/,"President Dissanayake's government has doubled WHT on income to 10% from April 1, 2025 May 20, 2025"
EconomyNext,Swiss business delegation to visit Sri Lanka mid-June: Ambassador,2025-04-01,https://economynext.com/swiss-business-delegation-to-visit-sri-lanka-mid-june-ambassador-212691/,"This visit aims to strengthen business ties through dedicated forums and B2B meetings April 1, 2025"
EconomyNext,Sri Lanka President’s Fund to provide financial help for students affected by elephants,2025-04-01,https://economynext.com/sri-lanka-presidents-fund-to-provide-financial-help-for-students-affected-by-elephants-212748/,"Government's decision comes as it starts campaign for local government elections scheduled for May 6 April 1, 2025"
EconomyNext,"Alipay+ enters Sri Lanka, likely to boost online tourism payment",2025-03-30,https://economynext.com/alipay-enters-sri-lanka-likely-to-boost-online-tourism-payment-212533/,"Sri Lanka expects to attract 3 million tourists, $5 billion revenue for 2025 March 30, 2025"
EconomyNext,Sri Lanka current foreign exchange earnings exceed imports by US$701mn in Feb 2025,2025-03-29,https://economynext.com/sri-lanka-current-foreign-exchange-earnings-exceed-imports-by-us701mn-in-feb-2025-212364/,"Imports ease compared to December and January March 29, 2025"
EconomyNext,"Sri Lanka, Sweden officials discuss cooperation in food processing",2025-03-29,https://economynext.com/sri-lanka-sweden-officials-discuss-cooperation-in-food-processing-212325/,"""Potential of combining Sri Lanka’s agricultural strengths with Sweden’s cutting-edge food processing technologies"" March 29, 2025"
EconomyNext,"Sri Lanka inflation rise 1.2-pct over 2.5 years, food prices down 3.0-pct",2025-03-28,https://economynext.com/sri-lanka-inflation-rise-1-2-pct-over-2-5-years-food-prices-down-3-0-pct-212326/,"Defaulted Sri Lanka became invested more outside the country that it received March 28, 2025"
EconomyNext,Indian PM to ink agreements on visit to Sri Lanka,2025-03-28,https://economynext.com/indian-pm-to-ink-agreements-on-visit-to-sri-lanka-212291/,"A number of Memoranda of Understanding inked between the two countries are also expected to be exchanged during visit March 28, 2025"
EconomyNext,Sri Lanka government to launch restaurants,2025-03-28,https://economynext.com/sri-lanka-government-to-launch-restaurants-212246/,"National Food Promotion Board, the Ministry of Health and the Ministry of Agriculture to establish new restaurants March 28, 2025"
EconomyNext,"Sri Lanka exchange rate will have to be flexible, but not so volatile: CB Governor",2025-03-28,https://economynext.com/sri-lanka-exchange-rate-will-have-to-be-flexible-but-not-so-volatile-cb-governor-212207/,"External current account to be 'balanced' or small 'surplus' this year March 28, 2025"
EconomyNext,"Sri Lanka market access not far away, but commercial debt may not be needed: CB Governor",2025-03-27,https://economynext.com/sri-lanka-market-access-not-far-away-but-commercial-debt-may-not-be-needed-cb-governor-212131/,"Once we get into a rating back to B grade March 27, 2025"
EconomyNext,Ceylon Chamber Indo-Lanka trade forum looks at strengthening bilateral trade,2025-03-27,https://economynext.com/ceylon-chamber-indo-lanka-trade-forum-looks-at-strengthening-bilateral-trade-212079/,"Indo Lanka Chamber of Commerce and Industry hosts discussion March 27, 2025"
EconomyNext,Sri Lanka to seek court approval for pharmaceutical price controls,2025-03-27,https://economynext.com/sri-lanka-to-seek-court-approval-for-pharmaceutical-price-controls-212030/,"Regulated or controlled prices for more drugs March 27, 2025"
EconomyNext,Sri Lanka plans to revive chronic loss-making SOE with billions in losses,2025-03-27,https://economynext.com/sri-lanka-plans-to-revive-chronic-loss-making-soe-with-billions-in-losses-211953/,"By 2019 the CWE's net assets were negative March 27, 2025"
EconomyNext,"Sri Lanka policy rate unchanged, watching global trade turnout",2025-03-26,https://economynext.com/sri-lanka-policy-rate-unchanged-watching-global-trade-turnout-211791/,"Overnight call rates around 7.95 percent, amid excess liquidity from unsterilized dollar purchases March 26, 2025"
EconomyNext,Lazard on track to advise SriLankan Airlines debt restructure,2025-03-26,https://economynext.com/lazard-on-track-to-advise-srilankan-airlines-debt-restructure-211788/,"SriLankan also has other debts March 26, 2025"
EconomyNext,Sri Lanka credit growth reflects economic recovery: CB Governor,2025-03-26,https://economynext.com/sri-lanka-credit-growth-reflects-economic-recovery-cb-governor-212002/,"Sri Lanka has been recovering from an unprecedented economic crisis March 26, 2025"
EconomyNext,Sri Lanka Exporters’ Forum receives 110 exporter concerns for discussion,2025-03-26,https://economynext.com/sri-lanka-exporters-forum-receives-110-exporter-concerns-for-discussion-211932/,"Exporters submitted a total of 110 issues for discussion at forum, 37 issues prioritized for discussion March 26, 2025"
EconomyNext,Sri Lanka Cenbank sees no room for monetary policy easing despite deflation,2025-03-26,https://economynext.com/sri-lanka-cenbank-sees-no-room-for-monetary-policy-easing-despite-deflation-211963/,"The Central Bank held the key monetary policy rate steady on Wednesday March 26, 2025"
EconomyNext,Sri Lanka export trading houses may shift abroad in big blow after SVAT scrapped,2025-03-25,https://economynext.com/sri-lanka-export-trading-houses-may-shift-abroad-in-big-blow-after-svat-scrapped-211733/,"There are 12 trading houses operating at the moment March 25, 2025"
EconomyNext,Discussion on making Duminda Hulangamuwa Sri Lanka's Treasury Secretary,2025-03-25,https://economynext.com/discussion-on-making-duminda-hulangamuwa-sri-lankas-treasury-secretary-211709/,"That is something I will have to think about March 25, 2025"
EconomyNext,Sri Lanka export finance costs to rise due to removal of SVAT: Apparel Exporters,2025-03-25,https://economynext.com/sri-lanka-export-finance-costs-to-rise-due-to-removal-of-svat-apparel-exporters-211697/,"Low and medium risk exporters will be given refunds without an audit after then submit returns March 25, 2025"
EconomyNext,Sri Lanka vehicle taxes will not be reduced this year: Presidential Advisor,2025-03-25,https://economynext.com/sri-lanka-vehicle-taxes-will-not-be-reduced-this-year-presidential-advisor-211695/,"If someone is expecting duty to be reduced it will not happen within this year March 25, 2025"
EconomyNext,Sri Lanka President outlines top indebted SOEs,2025-03-24,https://economynext.com/sri-lanka-president-outlines-top-indebted-soes-211676/,"Sri Lanka's bankruptcy has forced it to reduce losses in State-Owned Enterprises (SOEs) March 24, 2025"
EconomyNext,Sri Lanka services exports rise 24.37-pct in February: EDB,2025-03-24,https://economynext.com/sri-lanka-services-exports-rise-24-37-pct-in-february-edb-211593/,"Total goods and service exports were up 4.6 percent to 1,382.53 million US dollars March 24, 2025"
EconomyNext,"Sri Lanka goods exports slip 0.2-pct in Feb 2025, US, UK down",2025-03-24,https://economynext.com/sri-lanka-goods-exports-slip-0-2-pct-in-feb-2025-us-uk-down-211585/,"Tea decreased 6.52 percent to 119.41 million US dollars, and rubber-based products were down 6.33 percent to 83.11 milli March 24, 2025"
EconomyNext,Sri Lanka container transshipment volumes down in Jan 2025,2025-03-24,https://economynext.com/sri-lanka-container-transshipment-volumes-down-in-jan-2025-211491/,"Domestic container volumes up amid credit recovery March 24, 2025"
EconomyNext,Sri Lanka central bank inflationary moves face growing scrutiny from legislators,2025-03-23,https://economynext.com/sri-lanka-central-bank-inflationary-moves-face-growing-scrutiny-from-legislators-211272/,"Now the back-door money printing has been paused says Rohini Kaviratne March 23, 2025"
EconomyNext,Sri Lanka vehicle importers open LCs of US$207mn: President,2025-03-21,https://economynext.com/sri-lanka-vehicle-importers-open-lcs-of-us207mn-president-211249/,"We are monitoring this every day March 21, 2025"
EconomyNext,Sri Lanka parliament nods to amend Inland Revenue law amid efforts to boost tax income,2025-03-21,https://economynext.com/sri-lanka-parliament-nods-to-amend-inland-revenue-law-amid-efforts-to-boost-tax-income-211106/,"President Dissanayake has proposed many new measures to boost tax revenue March 21, 2025"
EconomyNext,Sri Lanka an essential partner amid threats to Indo-Pacific navigation: US Admiral,2025-03-20,https://economynext.com/sri-lanka-an-essential-partner-amid-threats-to-indo-pacific-navigation-us-admiral-211091/,"Island's key position at the crossroads of the Indian Ocean is strategically vital March 20, 2025"
EconomyNext,Sri Lanka GSP+ preference erosion 'worrying': IPS,2025-03-20,https://economynext.com/sri-lanka-gsp-preference-erosion-worrying-ips-211017/,"GSP+ is an important tariff preference in promoting growth and generating jobs March 20, 2025"
EconomyNext,"Sri Lanka, EU craft matchmaking program pairs local producers with international brands",2025-03-20,https://economynext.com/sri-lanka-eu-craft-matchmaking-program-pairs-local-producers-with-international-brands-210995/,"European Union, Sri Lanka launch craft matchmaking program under Creative Sri Lanka 2030 March 20, 2025"
EconomyNext,BYD electric vehicles unloaded at Sri Lanka's China-backed Hambantota port,2025-03-20,https://economynext.com/byd-electric-vehicles-unloaded-at-sri-lankas-china-backed-hambantota-port-210964/,"462 BYD cars discharged from car carrier March 20, 2025"
EconomyNext,"Federal Reserve keeps rate at 4.25/50-pct, slows pace of Treasuries sell down",2025-03-20,https://economynext.com/federal-reserve-keeps-rate-at-4-25-50-pct-slows-pace-of-treasuries-sell-down-210901/,"US has large deficit and rising interest costs March 20, 2025"
EconomyNext,Japan grants 300mln yen for fire fighting engines in Sri Lanka’s EPZs,2025-03-20,https://economynext.com/japan-grants-300mln-yen-for-fire-fighting-engines-in-sri-lankas-epzs-211080/,"Sri Lanka's EPZs consist of around 145,000 workers March 20, 2025"
EconomyNext,German Import Promotion Desk reps visit Sri Lanka companies on sourcing mission,2025-03-19,https://economynext.com/german-import-promotion-desk-reps-visit-sri-lanka-companies-on-sourcing-mission-210800/,"IPD Germany conduct sourcing mission 2025 in collaboration with SLEDB March 19, 2025"
EconomyNext,More female workers can help drive Sri Lanka growth not stimulus: Treasury Secretary,2025-03-19,https://economynext.com/more-female-workers-can-help-drive-sri-lanka-growth-not-stimulus-treasury-secretary-210650/,". March 19, 2025"
EconomyNext,Indian vehicle makers in Sri Lanka after import ban ends,2025-03-19,https://economynext.com/indian-vehicle-makers-in-sri-lanka-after-import-ban-ends-210846/,"India has been a key vehicle supplier in Sri Lanka's two-, three-wheelers, cars. March 19, 2025"
EconomyNext,"Sri Lanka GDP grows 5.4-pct in 4Q, full year 5.0-pct in low inflation",2025-03-18,https://economynext.com/sri-lanka-gdp-grows-5-4-pct-in-4q-full-year-5-0-pct-in-low-inflation-210605/,"Some prices fell helping manufacturing in particular the statistics office said March 18, 2025"
EconomyNext,Sri Lanka increases Aswesuma benefits ahead of local polls,2025-03-18,https://economynext.com/sri-lanka-increases-aswesuma-benefits-ahead-of-local-polls-210546/,"Payments to transitional category to end in April March 18, 2025"
EconomyNext,Sri Lanka repatriates 14 nationals from Myanmar cyber crime camps,2025-03-18,https://economynext.com/sri-lanka-repatriates-14-nationals-from-myanmar-cyber-crime-camps-210525/,"With continued support from the Myanmar and Thai authorities March 18, 2025"
EconomyNext,Sri Lanka to create national tariff policy committee,2025-03-18,https://economynext.com/sri-lanka-to-create-national-tariff-policy-committee-210646/,"To be headed by a deputy secretary of the Treasury March 18, 2025"
EconomyNext,"Sri Lanka manufacturing, services up in February ahead of festive season: PMI",2025-03-17,https://economynext.com/sri-lanka-manufacturing-services-up-in-february-ahead-of-festive-season-pmi-210430/,"Most firms, particularly within the food and beverage manufacturing sector, are gearing for the upcoming festive season March 17, 2025"
EconomyNext,"Sri Lanka could benefit from German Supply Chain Act, certification crucial: Official",2025-03-17,https://economynext.com/sri-lanka-could-benefit-from-german-supply-chain-act-certification-crucial-official-210338/,"Private and public sectors have to join to educate on the importance of certification March 17, 2025"
EconomyNext,Dollar backing of Sri Lanka rupees rises to 17.5-pct in Jan 2025,2025-03-17,https://economynext.com/dollar-backing-of-sri-lanka-rupees-rises-to-17-5-pct-in-jan-2025-210233/,"Net foreign assets of Sri Lanka's central bank were reported at 266 billion rupees in January 2025 March 17, 2025"
EconomyNext,Sri Lanka import duty on vehicles to grow brand new rent seeking sector?,2025-03-16,https://economynext.com/sri-lanka-import-duty-on-vehicles-to-grow-brand-new-rent-seeking-sector-210145/,"A 30-pct tax on imported vehicles was slapped over fears that imports may lead to loss of reserves or currency pressure March 16, 2025"
EconomyNext,"Sri Lanka sees 10,540 new active credit cards in January 2025",2025-03-15,https://economynext.com/sri-lanka-sees-10540-new-active-credit-cards-in-january-2025-210107/,"The country's economic recovery has helped boost credit card usage March 15, 2025"
EconomyNext,"Sri Lanka to boost competition in drugs, end registration corruption",2025-03-15,https://economynext.com/sri-lanka-to-boost-competition-in-drugs-end-registration-corruption-210057/,"New administration cuts backlog of files from 2,500 to 400 March 15, 2025"
EconomyNext,SheTrades Sri Lanka Hub launched with UK support,2025-03-15,https://economynext.com/shetrades-sri-lanka-hub-launched-with-uk-support-210109/,"ITC, SLEDB and the UK Government launch SheTrades Sri Lanka Hub to bolster support for women entrepreneurs March 15, 2025"
EconomyNext,German labour market shortage could open opportunities for Sri Lanka workers,2025-03-13,https://economynext.com/german-labour-market-shortage-could-open-opportunities-for-sri-lanka-workers-209915/,"The shortage was mostly in IT, healthcare and engineering sectors while other industries follow on the list. By By Nisheni Atapattu March 13, 2025"
EconomyNext,AHK Sri Lanka to send delegation to Transport Logistic 2025 in Germany,2025-03-13,https://economynext.com/ahk-sri-lanka-to-send-delegation-to-transport-logistic-2025-in-germany-209899/,"Sri Lanka’s logistics and maritime sectors to expand global footprint at Transport Logistic 2025 trade fair March 13, 2025"
EconomyNext,Sri Lanka to train excise workers so department can bring in more revenue,2025-03-12,https://economynext.com/sri-lanka-to-train-excise-workers-so-department-can-bring-in-more-revenue-209804/,"President meets excise officials March 12, 2025"
EconomyNext,"Sri Lanka, Viet Nam businesses discuss cooperation in shipping and logistics",2025-03-12,https://economynext.com/sri-lanka-viet-nam-businesses-discuss-cooperation-in-shipping-and-logistics-209784/,"Webinar to strengthen Sri Lanka–Vietnam cooperation in shipping and logistics industry March 12, 2025"
EconomyNext,"German Import Promotion Desk, EDB train 20 agri exporters for European markets",2025-03-12,https://economynext.com/german-import-promotion-desk-edb-train-20-agri-exporters-for-european-markets-209759/,"EDB and IPD Germany launch phase II of capacity building programme to strengthen women-led exports March 12, 2025"
EconomyNext,Sri Lanka to bring controlled prices for 862 drugs: Minister,2025-03-12,https://economynext.com/sri-lanka-to-bring-controlled-prices-for-862-drugs-minister-209749/,"We will start operating that formula in the near future March 12, 2025"
EconomyNext,Sri Lanka port straddle carrier tender 'dramatic' fraud by cabinet decision: Minister,2025-03-12,https://economynext.com/sri-lanka-port-straddle-carrier-tender-dramatic-fraud-by-cabinet-decision-minister-209632/,"Tender awarded day before election March 12, 2025"
EconomyNext,"US stocks plunge as Trump nationalism blamed, oil slumps",2025-03-11,https://economynext.com/us-stocks-plunge-as-trump-nationalism-blamed-oil-slumps-209414/,"The Fed has been operating a regime called Flexible Average Inflation Targeting (FAIT) delaying return to prudent policy March 11, 2025"
EconomyNext,Sri Lanka central bank buys US$70mn in Feb 2025,2025-03-11,https://economynext.com/sri-lanka-central-bank-buys-us70mn-in-feb-2025-209404/,"The January the central bank bought 47.3 million US dollars and sold 35 million dollars. March 11, 2025"
EconomyNext,"Sri Lanka to recruit 5,882 to fill public service vacancies",2025-03-11,https://economynext.com/sri-lanka-to-recruit-5882-to-fill-public-service-vacancies-209498/,"The highest allocation is for the Ministry of Public Security, which includes police personnel. March 11, 2025"
EconomyNext,Sri Lanka financial market can direct household funds to businesses: SEC,2025-03-11,https://economynext.com/sri-lanka-financial-market-can-direct-household-funds-to-businesses-sec-209516/,"""Capital markets facilitate efficient capital allocation and contribute to long-term economic stability."" March 11, 2025"
EconomyNext,"Sri Lanka President says 87 projects resumed by China, Japan under new govt",2025-03-11,https://economynext.com/sri-lanka-president-says-87-projects-resumed-by-china-japan-under-new-govt-209599/,"Both China and Japan suspended all their projects in 2022 after Sri Lanka declared bankruptcy March 11, 2025"
EconomyNext,Sri Lanka has to eat thosai and noodles in its best interest: opposition legislator,2025-03-10,https://economynext.com/sri-lanka-has-to-eat-thosai-and-noodles-in-its-best-interest-opposition-legislator-209253/,". March 10, 2025"
EconomyNext,Sri Lanka private credit falls in Jan 2025 after December surge,2025-03-10,https://economynext.com/sri-lanka-private-credit-falls-in-jan-2025-after-december-surge-209193/,"State Enterprise Credit also fall March 10, 2025"
EconomyNext,Sri Lanka foreign exchange reserves slightly up in Feb 2025,2025-03-09,https://economynext.com/sri-lanka-foreign-exchange-reserves-slightly-up-in-feb-2025-209121/,"In January the excess liquidity was withdrawn amid a reduction in private credit March 9, 2025"
EconomyNext,"IMF chief, Sri Lanka President discuss strengthening partnership further",2025-03-08,https://economynext.com/imf-chief-sri-lanka-president-discuss-strengthening-partnership-further-209105/,"Sri Lanka has completed third review of the IMF bailout package March 8, 2025"
EconomyNext,Sri Lanka remittances up 15.1-pct to $548mn in Feb 2025,2025-03-08,https://economynext.com/sri-lanka-remittances-up-15-1-pct-to-548mn-in-feb-2025-209074/,"Remittances are one of Sri Lanka's key foreign exchange earners March 8, 2025"
EconomyNext,Sri Lanka inks Japan Yen354bn debt restructure deals,2025-03-07,https://economynext.com/sri-lanka-inks-japan-yen354bn-debt-restructure-deals-208960/,"First agreement with official creditor committee March 7, 2025"
EconomyNext,China Exim Bank to visit Sri Lanka to discuss Central Expressway funding,2025-03-07,https://economynext.com/china-exim-bank-to-visit-sri-lanka-to-discuss-central-expressway-funding-208998/,"The contract was awarded to China's MCC in 2015 March 7, 2025"
EconomyNext,EU gives €15mn grant to minimize food and plastic waste in Sri Lanka,2025-03-06,https://economynext.com/eu-gives-e15mn-grant-to-minimize-food-and-plastic-waste-in-sri-lanka-208730/,"CIRCULAR, under the EU's ‘Global Gateway’ program, will support government policies to reduce food and plastic waste March 6, 2025"
EconomyNext,Geopolitical shifts could propel Sri Lanka as an agricultural export hub,2025-03-06,https://economynext.com/geopolitical-shifts-could-propel-sri-lanka-as-an-agricultural-export-hub-208530/,"The disruption to food production could navigate buyer interest to Asian countries agri industrialists say March 6, 2025"
EconomyNext,Sri Lanka central bank not restrained by a narrowing IMF target on domestic assets in 2025,2025-03-06,https://economynext.com/sri-lanka-central-bank-not-restrained-by-a-narrowing-imf-target-on-domestic-assets-in-2025-208659/,"Sri Lanka intends to collect US$2.65bn from markets in 2025 March 6, 2025"
EconomyNext,IMF: Sri Lanka can decide public sector size with limitations,2025-03-06,https://economynext.com/imf-sri-lanka-can-decide-public-sector-size-with-limitations-208837/,"Sri Lanka's public sector has been seen as inefficient and corrupt March 6, 2025"
EconomyNext,Vehicles imported into Sri Lanka should be registered within 90 days: Finance Ministry,2025-03-06,https://economynext.com/vehicles-imported-into-sri-lanka-should-be-registered-within-90-days-finance-ministry-208843/,"If 25% of total vehicles imported by an importer not registered in 6 months, consensus of importation will be suspended March 6, 2025"
EconomyNext,"Long-term relationships with buyers key, Sri Lanka exporters tell entrepreneurs",2025-03-05,https://economynext.com/long-term-relationships-with-buyers-key-sri-lanka-exporters-tell-entrepreneurs-208540/,"New exporters to gain insights from seasoned professionals. March 5, 2025"
EconomyNext,Tariff wars: How will the US reciprocal tariff impact Sri Lanka?,2025-03-05,https://economynext.com/tariff-wars-how-will-the-us-reciprocal-tariff-impact-sri-lanka-208451/,Maintaining sustainable export growth in a protectionist global economy will be difficult for a country like Sri Lanka By By Asanka Wijesinghe March 5...
EconomyNext,"Sri Lanka to get billion dollars from IMF in 2025, if all reviews passed",2025-03-05,https://economynext.com/sri-lanka-to-get-billion-dollars-from-imf-in-2025-if-all-reviews-passed-208426/,"Repayments and interest is around US$366mn or about one disbursement March 5, 2025"
EconomyNext,Sri Lanka wraps up China Development Bank loan restructure,2025-03-04,https://economynext.com/sri-lanka-wraps-up-china-development-bank-loan-restructure-208401/,"An agreement in principle was reached with CDB in November 2024 and was assessed by the IMF staff March 4, 2025"
EconomyNext,"Sri Lanka to limit tax holiday length for Strategic Projects, Port City law",2025-03-04,https://economynext.com/sri-lanka-to-limit-tax-holiday-length-for-strategic-projects-port-city-law-208182/,". March 4, 2025"
EconomyNext,IMF: Sri Lanka’s SOE restructuring possible without privatization,2025-03-04,https://economynext.com/imf-sri-lankas-soe-restructuring-possible-without-privatization-208173/,"Previous government has planned for privatizing SOEs under restructuring March 4, 2025"
EconomyNext,Sri Lanka to set up tax crimes investigation unit,2025-03-04,https://economynext.com/sri-lanka-to-set-up-tax-crimes-investigation-unit-208148/,". March 4, 2025"
EconomyNext,"Sri Lanka, Pakistan discuss expanding trade ties",2025-03-03,https://economynext.com/sri-lanka-pakistan-discuss-expanding-trade-ties-208041/,"Talks on enhancing the existing Free Trade Agreement (FTA) between the two nations to boost two-way trade March 3, 2025"
EconomyNext,Sri Lanka current account surplus US$130mn in Jan 2025: analysis,2025-03-03,https://economynext.com/sri-lanka-current-account-surplus-us130mn-in-jan-2025-analysis-207941/,"Foreign reserves down $56mn in Jan 2025 March 3, 2025"
EconomyNext,"Vietnam envoy discusses enhanced trade, FTA with Sri Lanka trade minister",2025-03-03,https://economynext.com/vietnam-envoy-discusses-enhanced-trade-fta-with-sri-lanka-trade-minister-207998/,". March 3, 2025"
EconomyNext,Sri Lanka’s new govt follows different SOE restructuring approach: Deputy Minister,2025-03-03,https://economynext.com/sri-lankas-new-govt-follows-different-soe-restructuring-approach-deputy-minister-208051/,"Previous government has agreed to privatize SOEs under IMF deal March 3, 2025"
EconomyNext,Sri Lanka national GI registry looks to promote local produce beyond EU to Latin America,2025-03-03,https://economynext.com/sri-lanka-national-gi-registry-looks-to-promote-local-produce-beyond-eu-to-latin-america-208048/,"""Efforts are underway to register Ceylon Cinnamon in key Latin American markets, including Mexico, Peru, and
Colombia."" March 3, 2025"
EconomyNext,Car carrier from Japan unloads vehicles at Sri Lanka's Hambantota port,2025-03-02,https://economynext.com/car-carrier-from-japan-unloads-vehicles-at-sri-lankas-hambantota-port-207910/,"MV Jupiter Leader  of the NYK lines had Landcruisers, Hilux cabs, Prado SUVs, Toyota sedans and Suzuki vehicles March 2, 2025"
EconomyNext,"Sri Lanka freelancers, service exporters can deduct expenses for 15-pct tax",2025-03-02,https://economynext.com/sri-lanka-freelancers-service-exporters-can-deduct-expenses-for-15-pct-tax-207886/,"Service exporters can also offset any taxes charged by the foreign country March 2, 2025"
EconomyNext,Sri Lanka gets first Perodua vehicles as import ban ends,2025-03-02,https://economynext.com/sri-lanka-gets-first-perodua-vehicles-as-import-ban-ends-207868/,"Vehicles imports were banned in 2020 as rates were cut with inflationary operations March 2, 2025"
EconomyNext,Sri Lanka foreign exchange earnings exceed imports by US$546mn in Jan 2025,2025-03-01,https://economynext.com/sri-lanka-foreign-exchange-earnings-exceed-imports-by-us546mn-in-jan-2025-207856/,". March 1, 2025"
EconomyNext,IMF clears Sri Lanka review for US$334 disbursement,2025-03-01,https://economynext.com/imf-clears-sri-lanka-review-for-us334-disbursement-207774/,"As the economy is still vulnerable, it is critical to sustain the reform momentum March 1, 2025"
EconomyNext,"Sri Lanka confident of IMF approval in Feb 28, next review mission in April: report",2025-02-28,https://economynext.com/sri-lanka-confident-of-imf-approval-in-feb-28-next-review-mission-in-april-report-207554/,"The IMF's executive board is to take up Sri Lanka's review later on February 28 February 28, 2025"
EconomyNext,"SriLankan to boost fleet, ex-Colombo market share in new 5-year plan",2025-02-28,https://economynext.com/srilankan-to-boost-fleet-ex-colombo-market-share-in-new-5-year-plan-207495/,"The airline also planned to strengthen its position on routes which had market leadership February 28, 2025"
EconomyNext,"Japan-funded program helps Sri Lankan SMEs, exporters access Japanese market",2025-02-28,https://economynext.com/japan-funded-program-helps-sri-lankan-smes-exporters-access-japanese-market-207553/,"“This session equipped participants with a deeper understanding of the Japanese market from the perspective of Japanes... February 28, 2025"
EconomyNext,"Sri Lanka, India discuss enhancing LKR, INR use in cross-border transaction",2025-02-28,https://economynext.com/sri-lanka-india-discuss-enhancing-lkr-inr-use-in-cross-border-transaction-207517/,"India is Sri Lanka's biggest trading partner. February 28, 2025"
EconomyNext,"Sri Lanka deflation 4.2-pct in Feb 2024, prices up 1.5-pct over 29-months",2025-02-28,https://economynext.com/sri-lanka-deflation-4-2-pct-in-feb-2024-prices-up-1-5-pct-over-29-months-207741/,"The CCPI rose in December 2024 and January 2025 February 28, 2025"
EconomyNext,Sri Lanka vehicle import letters of credit $117mn: President,2025-02-28,https://economynext.com/sri-lanka-vehicle-import-letters-of-credit-117mn-president-207726/,"So the value of the dollar is falling even more than it did before February 28, 2025"
EconomyNext,"Global ocean economy surging, but island nations like Sri Lanka missing out",2025-02-27,https://economynext.com/global-ocean-economy-surging-but-island-nations-like-sri-lanka-missing-out-207435/,"Sri Lanka has untapped potential in marine linked activities, with 1,340 kilometres of coastline February 27, 2025"
EconomyNext,Sri Lanka services exports rise 37-pct in January: EDB,2025-02-27,https://economynext.com/sri-lanka-services-exports-rise-37-pct-in-january-edb-207387/,"Total goods and service exports were up 10.3 percent to 1,334.19 million US dollars February 27, 2025"
EconomyNext,"Sri Lanka goods exports up 3.51-pct in Jan 2025 helped by US, India",2025-02-26,https://economynext.com/sri-lanka-goods-exports-up-3-51-pct-in-jan-2025-helped-by-us-india-207350/,"US and India purchases up February 26, 2025"
EconomyNext,Sri Lanka debt to GDP outperforms IMF DSA as high inflation target missed,2025-02-26,https://economynext.com/sri-lanka-debt-to-gdp-outperforms-imf-dsa-as-high-inflation-target-missed-207293/,"Sri Lanka's debt trajectory remains on a positive path February 26, 2025"
EconomyNext,Sri Lanka budget has returned to true parliamentary control in 2025: Minister,2025-02-25,https://economynext.com/sri-lanka-budget-has-returned-to-true-parliamentary-control-in-2025-minister-207231/,"In a good budget there cannot be a lot of money for unexpected expenditure February 25, 2025"
EconomyNext,Sri Lanka parliament passes 2025 budget with two thirds majority,2025-02-25,https://economynext.com/sri-lanka-parliament-passes-2025-budget-with-two-thirds-majority-207214/,"46 voted against February 25, 2025"
EconomyNext,Sri Lanka's CBL takes Munchee and Ritzbury to Kenya,2025-02-25,https://economynext.com/sri-lankas-cbl-takes-munchee-and-ritzbury-to-kenya-207133/,"Expolanka Freight Limited (EFL), which has a supply chain network in Kenya, will oversee the distribution February 25, 2025"
EconomyNext,"Sri Lanka freelancers, individuals to pay a 15-pct forex earning tax",2025-02-25,https://economynext.com/sri-lanka-freelancers-individuals-to-pay-a-15-pct-forex-earning-tax-207031/,"Foreign exchange earnings will be at a 15 percent February 25, 2025"
EconomyNext,"Sri Lanka foreign debt service US$2.24bn in 2025, US$2.1bn in 2026",2025-02-24,https://economynext.com/sri-lanka-foreign-debt-service-us2-24bn-in-2025-us2-1bn-in-2026-206857/,"The 2026 debt service was US$2,122mn, and 2027 debt service was US$2,089 February 24, 2025"
EconomyNext,Sri Lanka not informed by USAID on project cancellation,2025-02-24,https://economynext.com/sri-lanka-not-informed-by-usaid-on-project-cancellation-206684/,"Not been informed in writing by USAID February 24, 2025"
EconomyNext,Sri Lanka government's approval rating hits 62-pct in Feb 2025,2025-02-24,https://economynext.com/sri-lanka-governments-approval-rating-hits-62-pct-in-feb-2025-206974/,"55-pct feel that the economy is getting better February 24, 2025"
EconomyNext,Stablecoin cryptocurrency potential outlined by Fed Governor Waller,2025-02-23,https://economynext.com/stablecoin-cryptocurrency-potential-outlined-by-fed-governor-waller-206839/,"The beauty of financial innovation is that if a market demands such an asset, someone will figure out how to supply it February 23, 2025"
EconomyNext,Sri Lanka foreign exchange earnings rise to US$26bn in 2024: analysis,2025-02-23,https://economynext.com/sri-lanka-foreign-exchange-earnings-rise-to-us26bn-in-2024-analysis-206739/,"Excess over imports US$7.3bn February 23, 2025"
EconomyNext,SriLankan Airlines bondholder group hires law firm to represent them,2025-02-22,https://economynext.com/srilankan-airlines-bondholder-group-hires-law-firm-to-represent-them-206737/,"The 175 million dollar bond was issued in 2019, rolling over a previously issued 5-year security February 22, 2025"
EconomyNext,Sri Lanka expects 1.2-pct of GDP in taxes from vehicle imports,2025-02-21,https://economynext.com/sri-lanka-expects-1-2-pct-of-gdp-in-taxes-from-vehicle-imports-206642/,"Sri Lanka banned car imports in as the central bank cut rates with inflationary domestic operations in 2020 February 21, 2025"
EconomyNext,"China central bank increases gold reserves to 2,285 tonnes by Jan 2025",2025-02-21,https://economynext.com/china-central-bank-increases-gold-reserves-to-2285-tonnes-by-jan-2025-206675/,"Gold now makes up 5.9 percent of PBoC reserves. February 21, 2025"
EconomyNext,No decision to change Sri Lanka vehicle taxes: Minister Jayantha,2025-02-21,https://economynext.com/no-decision-to-change-sri-lanka-vehicle-taxes-minister-jayantha-206621/,"No decision has been taken to change or reduce any taxes that have been already published in the gazette February 21, 2025"
EconomyNext,Sri Lanka apparel exporters urge robust VAT refunds to avoid SVAT removal hit,2025-02-21,https://economynext.com/sri-lanka-apparel-exporters-urge-robust-vat-refunds-to-avoid-svat-removal-hit-206604/,". February 21, 2025"
EconomyNext,"Sri Lanka, Nepal central banks agree to share information",2025-02-21,https://economynext.com/sri-lanka-nepal-central-banks-agree-to-share-information-206557/,"CBSL and NRB signed MoU on exchange of regulatory and supervisory information between the two central banks. February 21, 2025"
EconomyNext,"Sri Lanka earns Rs13.5bn from casino license, gaming taxes",2025-02-21,https://economynext.com/sri-lanka-earns-rs13-5bn-from-casino-license-gaming-taxes-206464/,"A budget for 2025 has hiked gaming levies February 21, 2025"
EconomyNext,National Chamber praises positive aspects of budget 2025,2025-02-20,https://economynext.com/national-chamber-praises-positive-aspects-of-budget-2025-206341/,"Positive move that the government is prioritizing MSME support and export growth initiatives February 20, 2025"
EconomyNext,Sri  Lanka top trade partner to count VAT as 'tariff' for reciprocal import duties,2025-02-20,https://economynext.com/sri-lanka-top-trade-partner-to-count-vat-as-tariff-for-reciprocal-import-duties-206243/,"We will consider Countries that use the VAT System...to be similar to that of a Tariff February 20, 2025"
EconomyNext,"Sri Lanka 2025 revenue target achievable, but long term challenging: Fitch",2025-02-20,https://economynext.com/sri-lanka-2025-revenue-target-achievable-but-long-term-challenging-fitch-206311/,"Fitch believes the goal is achievable, given revenue-raising measures already announced and implemented February 20, 2025"
EconomyNext,Sri Lanka Ports Authority Profits slightly down despite Red Sea revenues,2025-02-20,https://economynext.com/sri-lanka-ports-authority-profits-slightly-down-despite-red-sea-revenues-206230/,"The report did not give the reason for the steep rise in costs February 20, 2025"
EconomyNext,Sri Lanka to send seasonal workers to South Korea in pilot project,2025-02-20,https://economynext.com/sri-lanka-to-send-seasonal-workers-to-south-korea-in-pilot-project-206357/,"Program allows for South Korean provincial council institutes to recruit foreign workers for a short term. February 20, 2025"
EconomyNext,Sri Lankan Pavilion showcases local flavours at Messe Berlin exhibition,2025-02-20,https://economynext.com/sri-lankan-pavilion-showcases-local-flavours-at-messe-berlin-exhibition-206367/,"Sri Lanka delegation at international trade exhibition promotes Ceylon cinnamon and other agri products February 20, 2025"
EconomyNext,Sri Lanka may cut vehicle taxes if demand is too low: Deputy Finance Minister,2025-02-20,https://economynext.com/sri-lanka-may-cut-vehicle-taxes-if-demand-is-too-low-deputy-finance-minister-206383/,"After looking at how this happens, indications have been given by the central bank that import duties can be lowered February 20, 2025"
EconomyNext,"IMF urges Maldives to cut spending, tighten money to manage debt and Rufiyaa",2025-02-19,https://economynext.com/imf-urges-maldives-to-cut-spending-tighten-money-to-manage-debt-and-rufiyaa-206064/,"In addition to the revenue  measures enacted, there is the need for more urgent and stronger fiscal consolidation February 19, 2025"
EconomyNext,Sri Lanka cash buffer from extra borrowings top trillion rupees by October 2024,2025-02-19,https://economynext.com/sri-lanka-cash-buffer-from-extra-borrowings-top-trillion-rupees-by-october-2024-205996/,"Net borrowings were 1,818 billion rupees February 19, 2025"
EconomyNext,Sri Lanka financial services drive services PMI in January,2025-02-19,https://economynext.com/sri-lanka-financial-services-drive-services-pmi-in-january-206083/,"New Businesses increased in January 2025, primarily due to expansions observed in the financial services February 19, 2025"
EconomyNext,Sri Lanka CB closely monitoring US policy changes,2025-02-18,https://economynext.com/sri-lanka-cb-closely-monitoring-us-policy-changes-205988/,"A reciprocal trade policy is likely to hurt Sri Lanka, analysts say February 18, 2025"
EconomyNext,Sri Lanka trade body praises 2025 budget,2025-02-18,https://economynext.com/sri-lanka-trade-body-praises-2025-budget-205983/,"Commends need to reform Customs Ordinance and implementation of National Single Window February 18, 2025"
EconomyNext,SriLankan Airlines in final debt negotiations: Deputy Minister,2025-02-18,https://economynext.com/srilankan-airlines-in-final-debt-negotiations-deputy-minister-205890/,"Once it is finalized we expect the rating assigned to Sri Lanka will be further improved February 18, 2025"
EconomyNext,Sri Lanka's IMF third review scheduled for February 28,2025-02-18,https://economynext.com/sri-lankas-imf-third-review-scheduled-for-february-28-205876/,".Sri Lanka's third review was pending a budget for 2025, a prior action February 18, 2025"
EconomyNext,"Sri Lanka tax money eyed by 30,000 more unemployed graduates",2025-02-18,https://economynext.com/sri-lanka-tax-money-eyed-by-30000-more-unemployed-graduates-205812/,"There are already 100,000 'development officers' February 18, 2025"
EconomyNext,Sri Lanka to establish dry port in Veyangoda,2025-02-17,https://economynext.com/sri-lanka-to-establish-dry-port-in-veyangoda-205600/,"Colombo port has already reached its capacity, President said. February 17, 2025"
EconomyNext,Sri Lanka to call investors for Colombo West Terminal II within month,2025-02-17,https://economynext.com/sri-lanka-to-call-investors-for-colombo-west-terminal-ii-within-month-205599/,"The breakwater expansion study has already begun February 17, 2025"
EconomyNext,Sri Lanka state land to be given for SMEs for planting,2025-02-17,https://economynext.com/sri-lanka-state-land-to-be-given-for-smes-for-planting-205620/,"""We'll invite small and medium investors and provide them land to cultivate,"" Disanayake said. February 17, 2025"
EconomyNext,Sri Lanka to strategically expand free trade deals: President,2025-02-17,https://economynext.com/sri-lanka-to-strategically-expand-free-trade-deals-president-205597/,"""We will also amend the Customs Act."" February 17, 2025"
EconomyNext,Sri Lanka to present budget for 2025 which can pass IMF muster,2025-02-17,https://economynext.com/sri-lanka-to-present-budget-for-2025-which-can-pass-imf-muster-205440/,"Vehicle imports were to lift the tax to GDP ratio in 2025 February 17, 2025"
EconomyNext,Sri Lanka has to manage limited taxes on priority areas : President,2025-02-17,https://economynext.com/sri-lanka-has-to-manage-limited-taxes-on-priority-areas-president-205578/,". February 17, 2025"
EconomyNext,Sri Lanka expects 5-pct economic growth in 2025,2025-02-17,https://economynext.com/sri-lanka-expects-5-pct-economic-growth-in-2025-205577/,"Sri Lanka, recovering from an unprecedented bankruptcy, grew at around 5 percent last year February 17, 2025"
EconomyNext,Sri Lanka cabinet approves budget for 2025,2025-02-17,https://economynext.com/sri-lanka-cabinet-approves-budget-for-2025-205547/,"Meeting held early Monday February 17, 2025"
EconomyNext,Sri Lanka to give 3-pct extra interest for senior citizens,2025-02-17,https://economynext.com/sri-lanka-to-give-3-pct-extra-interest-for-senior-citizens-205640/,"“Deposits of up to 1 million will receive an interest 3 percent above the market rate.” February 17, 2025"
EconomyNext,Sri Lanka to raise duty free allowance for expat workers,2025-02-17,https://economynext.com/sri-lanka-to-raise-duty-free-allowance-for-expat-workers-205632/,"Criteria for this scheme to be announced later February 17, 2025"
EconomyNext,Sri Lanka to bring laws to create cashless economy,2025-02-17,https://economynext.com/sri-lanka-to-bring-laws-to-create-cashless-economy-205607/,"Sri Lanka's most economic activities are now depending on cash transection February 17, 2025"
EconomyNext,Sri Lanka targets 6.7-pct budget deficit in 2025,2025-02-17,https://economynext.com/sri-lanka-targets-6-7-pct-budget-deficit-in-2025-205651/,"Sri Lanka aims to raise its tax revenue to 15% of the GDP in line with IMF expectations February 17, 2025"
EconomyNext,Sri Lanka 2025 budget proposes 11 new laws under reforms,2025-02-17,https://economynext.com/sri-lanka-2025-budget-proposes-11-new-laws-under-reforms-205659/,"Sti Lanka under IMF bailout deal has committed to many legal reforms to boost investment February 17, 2025"
EconomyNext,"Sri Lanka tightens tax appeal process, deposits, higher fees",2025-02-17,https://economynext.com/sri-lanka-tightens-tax-appeal-process-deposits-higher-fees-205684/,"Changes under Tax Appeals Commission Act, No.23 February 17, 2025"
EconomyNext,"Sri Lanka 2025 budget hikes casino fees, capital gains tax, lease stamp duty",2025-02-17,https://economynext.com/sri-lanka-2025-budget-hikes-casino-fees-capital-gains-tax-lease-stamp-duty-205686/,"A digital services tax will be legislated February 17, 2025"
EconomyNext,Sri Lanka's budget for 2025 - speech,2025-02-17,https://economynext.com/sri-lankas-budget-for-2025-speech-205680/,"President Anura Disanayake has presented his maiden budget to parliament February 17, 2025"
EconomyNext,"Sri Lanka 2025 budget delays tax on rental, expects vehicle imports to bring bulk revenue",2025-02-17,https://economynext.com/sri-lanka-2025-budget-delays-tax-on-rental-expects-vehicle-imports-to-bring-bulk-revenue-205699/,"Last government agreed with IMF to introduce property tax from 2025 February 17, 2025"
EconomyNext,Sri Lanka to establish three industrial zones for manufacturing,2025-02-17,https://economynext.com/sri-lanka-to-establish-three-industrial-zones-for-manufacturing-205770/,"Government allocates Rs.2bn for industrial zone February 17, 2025"
EconomyNext,"Sri Lanka revenue target 15-pct in 2025, budget deficit 6.7-pct",2025-02-17,https://economynext.com/sri-lanka-revenue-target-15-pct-in-2025-budget-deficit-6-7-pct-205619/,"Aiming for tax revenue of 13.9-pt of GDP in 2024, up from 12.3-pct in 2024 February 17, 2025"
EconomyNext,"Sri Lanka to hike base salaries, net salaries of state workers",2025-02-17,https://economynext.com/sri-lanka-to-hike-base-salaries-net-salaries-of-state-workers-205649/,"For 2025, the increase will cost 110,000 rupees. February 17, 2025"
EconomyNext,Sri Lanka central bank reveals motives for demanding 5-pct inflation target,2025-02-16,https://economynext.com/sri-lanka-central-bank-reveals-motives-for-demanding-5-pct-inflation-target-205426/,"If we had a 2 percent target, we should have already started the tightening cycle February 16, 2025"
EconomyNext,Sri Lanka’s active credit cards up 2.8-pct in 2024,2025-02-14,https://economynext.com/sri-lankas-active-credit-cards-up-2-8-pct-in-2024-205168/,"Sri Lanka has seen a more-than-expected economic recovery last year February 14, 2025"
EconomyNext,ADB in talks to finance Sri Lanka with US$900mn in 2025,2025-02-14,https://economynext.com/adb-in-talks-to-finance-sri-lanka-with-us900mn-in-2025-205187/,"The Asian Development Bank was stepping into support Sri Lanka in priority sectors February 14, 2025"
EconomyNext,"Sri Lanka president, ministers discuss budget: PMD",2025-02-14,https://economynext.com/sri-lanka-president-ministers-discuss-budget-pmd-205253/,"Preliminary discussion on finalizing Budget 2025 February 14, 2025"
EconomyNext,Sri Lanka CB does not see strong forex demand despite vehicle imports: officials,2025-02-14,https://economynext.com/sri-lanka-cb-does-not-see-strong-forex-demand-despite-vehicle-imports-officials-205328/,"Rupee has been largely steady so far this month February 14, 2025"
EconomyNext,Sri Lanka’s brain drain could slow economic growth: Central Bank,2025-02-14,https://economynext.com/sri-lankas-brain-drain-could-slow-economic-growth-central-bank-205332/,"More Sri Lankans are leaving the country in search of better jobs, opportunities after 2022 sovereign debt default February 14, 2025"
EconomyNext,"Japan firms in Sr Lanka concerned about social instability, unclear policy, currency: survey",2025-02-13,https://economynext.com/japan-firms-in-sr-lanka-concerned-about-social-instability-unclear-policy-currency-survey-205001/,"Sudden import restrictions and abrupt changes in tax rates, cited February 13, 2025"
EconomyNext,Sri Lanka top trade partner threatens reciprocal tariffs on all countries that tax US products,2025-02-10,https://economynext.com/sri-lanka-top-trade-partner-threatens-reciprocal-tariffs-on-all-countries-that-tax-us-products-204611/,"""Very simply it's if they charge us, we charge them"" February 10, 2025"
EconomyNext,Ceylon Chamber's Outlook 2025 report focuses on consolidating stability,2025-02-10,https://economynext.com/ceylon-chambers-outlook-2025-report-focuses-on-consolidating-stability-204606/,"This year’s report not only reflects on challenges but also provides a roadmap for sustainable growth and the reforms February 10, 2025"
EconomyNext,Sri Lanka sees competition in consumer goods as CB undershoots inflation target,2025-02-10,https://economynext.com/sri-lanka-sees-competition-in-consumer-goods-as-cb-undershoots-inflation-target-204534/,". February 10, 2025"
EconomyNext,Sri Lanka records monthly BOP deficit in December 2024: analysis,2025-02-09,https://economynext.com/sri-lanka-records-monthly-bop-deficit-in-december-2024-analysis-204301/,"BOP deficits come from inflationary policy February 9, 2025"
EconomyNext,Sri Lanka central bank mops up Rs900bn in deflationary operations in 2024,2025-02-09,https://economynext.com/sri-lanka-central-bank-mops-up-rs900bn-in-deflationary-operations-in-2024-204459/,"Central bank gets 300.7 billion as interest in bonds February 9, 2025"
EconomyNext,Sri Lanka luxury tax anomaly for cabs not linked to vehicles for MPs: Minister,2025-02-08,https://economynext.com/sri-lanka-luxury-tax-anomaly-for-cabs-not-linked-to-vehicles-for-mps-minister-204293/,"Vehicles with cabs exempted from luxury tax February 8, 2025"
EconomyNext,Sri Lanka remittances up 17.5-pct to $573mn in Jan 2025,2025-02-08,https://economynext.com/sri-lanka-remittances-up-17-5-pct-to-573mn-in-jan-2025-204237/,"The remittances hit six-year high of $6.57bln last year February 8, 2025"
EconomyNext,India central bank rate cut for 'growth-inflation dynamics' amid rupee depreciation,2025-02-07,https://economynext.com/india-central-bank-rate-cut-for-growth-inflation-dynamics-amid-rupee-depreciation-204102/,"The RBI's decision comes after government unveiled income tax cuts in its annual budget February 7, 2025"
EconomyNext,Sri Lanka's EDB in talks to expand exports to Sweden,2025-02-07,https://economynext.com/sri-lankas-edb-in-talks-to-expand-exports-to-sweden-203993/,"To boost exports through product diversification and market expansion in the next 5 years February 7, 2025"
EconomyNext,Sri Lanka forex reserves down for three months by Jan 2025 after money printing warnings,2025-02-07,https://economynext.com/sri-lanka-forex-reserves-down-for-three-months-by-jan-2025-after-money-printing-warnings-204128/,"Excess liquidity has fallen in January and February February 7, 2025"
EconomyNext,Sri Lanka trade delegation promotes F&B products in Saudi Arabia,2025-02-06,https://economynext.com/sri-lanka-trade-delegation-promotes-fb-products-in-saudi-arabia-203752/,"Local food and beverage products including king coconut water and mushroom-based products, promoted in the KSA market February 6, 2025"
EconomyNext,Sri Lanka may have to go for alternatives to USAID funds: Cabinet Spokesman,2025-02-06,https://economynext.com/sri-lanka-may-have-to-go-for-alternatives-to-usaid-funds-cabinet-spokesman-203758/,"USAID has funded key projects in Sri Lanka's health and education sectors February 6, 2025"
EconomyNext,Top IMF official meets Sri Lanka President ahead of budget,2025-02-06,https://economynext.com/top-imf-official-meets-sri-lanka-president-ahead-of-budget-203902/,"New government under President Disanayaka has been continuing the IMF program agreed before elections February 6, 2025"
EconomyNext,Sri Lanka to sign agreements with Japan for restructured loans,2025-02-05,https://economynext.com/sri-lanka-to-sign-agreements-with-japan-for-restructured-loans-203511/,". February 5, 2025"
EconomyNext,Sri Lanka to import 200mn coconuts worth kernels,2025-02-05,https://economynext.com/sri-lanka-to-import-200mn-coconuts-worth-kernels-203496/,". February 5, 2025"
EconomyNext,Sri Lanka central bank says excludes excess reserves from monetary base on IMF manual,2025-02-05,https://economynext.com/sri-lanka-central-bank-says-excludes-excess-reserves-from-monetary-base-on-imf-manual-203398/,"SRR cuts lead to immediate falls in reserve money, though the cash is available for credit expansion February 5, 2025"
EconomyNext,"Canada targets Musk, Mexico to tighten border, Trump suspends tariffs",2025-02-04,https://economynext.com/canada-targets-musk-mexico-to-tighten-border-trump-suspends-tariffs-203340/,"Tariffs on US remains February 4, 2025"
EconomyNext,Studying China's development path essential for Sri Lanka: President,2025-02-03,https://economynext.com/studying-chinas-development-path-essential-for-sri-lanka-president-203137/,"""Studying and understanding China's development path is essential for us"" February 3, 2025"
EconomyNext,Sri Lanka sees foreign selling in govt securities amid falling rates,2025-02-03,https://economynext.com/sri-lanka-sees-foreign-selling-in-govt-securities-amid-falling-rates-203139/,"Foreign investors concerned over falling interest rates, depreciation fears: analysts February 3, 2025"
EconomyNext,"Sri Lanka, UK launch guidebooks for women exporters",2025-02-03,https://economynext.com/sri-lanka-uk-launch-guidebooks-for-women-exporters-203120/,"The books contain advise from business registration to production requirements, export finance and sustainability standa February 3, 2025"
EconomyNext,"Canada, Mexico, China promises retaliation after Trump import tariffs",2025-02-02,https://economynext.com/canada-mexico-china-promises-retaliation-after-trump-import-tariffs-202988/,"Canada hit with 25-pct taxes, Mexico 25-pct and China 10-pct February 2, 2025"
EconomyNext,Sri Lanka warned on 'double-edged sword' of potential output in central bank law,2025-02-02,https://economynext.com/sri-lanka-warned-on-double-edged-sword-of-potential-output-in-central-bank-law-202833/,"That is a double-edged sword there February 2, 2025"
EconomyNext,Sri Lanka tax payer ID needed to register imported motor vehicles,2025-02-01,https://economynext.com/sri-lanka-tax-payer-id-needed-to-register-imported-motor-vehicles-202729/,"Vehicles cannot be imported through tax free permits already issued for state workers. February 1, 2025"
EconomyNext,Sri Lanka president invites Tamil speaking youth to join police,2025-02-01,https://economynext.com/sri-lanka-president-invites-tamil-speaking-youth-to-join-police-202762/,"Tamil-speaking youth will be given greater opportunities to apply for vacancies in the Police Department February 1, 2025"
EconomyNext,Sri Lanka imports surge to crisis time highs in December 2024 after warnings,2025-02-01,https://economynext.com/sri-lanka-imports-surge-to-crisis-time-highs-in-december-2024-after-warnings-202773/,"In December private credit surged by 193 billion rupees, also not seen since the crisis period February 1, 2025"
EconomyNext,"Sri Lanka vehicle imports hit by 50-pct duty surcharge, EV taxes and new luxury levels",2025-01-31,https://economynext.com/sri-lanka-vehicle-imports-hit-by-50-pct-duty-surcharge-ev-taxes-and-new-luxury-levels-202669/,"Tax rates for EV and Luxury Tax January 31, 2025"
EconomyNext,"Sri Lanka vehicle import ban lifted for cars, electric vehicles",2025-01-31,https://economynext.com/sri-lanka-vehicle-import-ban-lifted-for-cars-electric-vehicles-202655/,"Special purpose vehicles and auto-rickshaws also allowed January 31, 2025"
EconomyNext,Sri Lanka vehicle import tax calculator made by investment bank,2025-01-31,https://economynext.com/sri-lanka-vehicle-import-tax-calculator-made-by-investment-bank-202659/,"Tax rates up on January 31 January 31, 2025"
EconomyNext,"Sri Lanka 12-month deflation 4.0-pct, prices up 1.7-pct over 28 months",2025-01-31,https://economynext.com/sri-lanka-12-month-deflation-4-0-pct-prices-up-1-7-pct-over-28-months-202560/,"The central bank has run largely deflationary policy January 31, 2025"
EconomyNext,"Sri Lanka factories, shipping hub status hit by Customs crisis: Chambers",2025-01-30,https://economynext.com/sri-lanka-factories-shipping-hub-status-hit-by-customs-crisis-chambers-202435/,"Proposes several measures to speed up clearing January 30, 2025"
EconomyNext,Sri Lanka semi-processed coconut import approval soon: Deputy Minister,2025-01-30,https://economynext.com/sri-lanka-semi-processed-coconut-import-approval-soon-deputy-minister-202373/,"Issue of importing raw coconuts to be taken up later January 30, 2025"
EconomyNext,"Sri Lanka SOE boards to decide on future direction, private capital",2025-01-30,https://economynext.com/sri-lanka-soe-boards-to-decide-on-future-direction-private-capital-202326/,"All SOEs will be reformed to improve governance and they will not be vehicles for corruption January 30, 2025"
EconomyNext,Sri Lanka CB allays rupee depreciation fears after reports of worst currency,2025-01-30,https://economynext.com/sri-lanka-cb-allays-rupee-depreciation-fears-after-reports-of-worst-currency-202321/,"Sri Lanka rupee has depreciated around 2% this year through Jan 27. January 30, 2025"
EconomyNext,Sri Lanka keeps policy rate at 8.0-pct amid stable prices,2025-01-29,https://economynext.com/sri-lanka-keeps-policy-rate-at-8-0-pct-amid-stable-prices-202203/,"Private credit up Rs193bn January 29, 2025"
EconomyNext,Sri Lanka looking at listing a state holding company in stock exchange: President,2025-01-29,https://economynext.com/sri-lanka-looking-at-listing-a-state-holding-company-in-stock-exchange-president-202188/,"Instead of looking at it in the old angle, we are ready for a structural change of these institutions January 29, 2025"
EconomyNext,Sri Lanka looking for transformational growth like South East Asia: Chamber chief,2025-01-29,https://economynext.com/sri-lanka-looking-for-transformational-growth-like-south-east-asia-chamber-chief-202200/,"025 is a good year to lay the groundwork for a decade of sustainable and inclusive economic progress January 29, 2025"
EconomyNext,Sri Lanka to slash FDI approval to two weeks: President,2025-01-29,https://economynext.com/sri-lanka-to-slash-fdi-approval-to-two-weeks-president-202268/,"""At the moment it takes about 80 days on average for the BoI to respond to an application,"" January 29, 2025"
EconomyNext,Sri Lanka will review existing trade agreement before signing new ones: President,2025-01-29,https://economynext.com/sri-lanka-will-review-existing-trade-agreement-before-signing-new-ones-president-202258/,"We must evaluate (vi-di-math sa-ma-lo-cha-na-yak) the benefits (sa-da-nee-ya lak-sha-na) of that agreement, January 29, 2025"
EconomyNext,Sri Lanka’s Central Bank yet to see consistent pick up in private credit growth,2025-01-29,https://economynext.com/sri-lankas-central-bank-yet-to-see-consistent-pick-up-in-private-credit-growth-202318/,"December private credit hit 32-month high, expansion recorded 27-month high January 29, 2025"
EconomyNext,Sri Lanka’s salt import is mainly to cater industries: Cabinet Spokesman,2025-01-28,https://economynext.com/sri-lankas-salt-import-is-mainly-to-cater-industries-cabinet-spokesman-202186/,"New government has come under criticism for importing salt January 28, 2025"
EconomyNext,Sri Lanka gets 300mn yen from Japan to purchase 28 garbage compactors,2025-01-28,https://economynext.com/sri-lanka-gets-300mn-yen-from-japan-to-purchase-28-garbage-compactors-202121/,"Grant of three hundred millions of yen from Japan to purchase 28 garbage compactors January 28, 2025"
EconomyNext,"Sri Lanka red rice sold after 5.00pm, when price controllers go home: Minister",2025-01-28,https://economynext.com/sri-lanka-red-rice-sold-after-5-00pm-when-price-controllers-go-home-minister-202049/,"There was nothing about a shortage of red rice at first January 28, 2025"
EconomyNext,Sri Lanka central bank 'exceptionally great' in achieving deflation: legislator,2025-01-28,https://economynext.com/sri-lanka-central-bank-exceptionally-great-in-achieving-deflation-legislator-201933/,"Five percent was too high January 28, 2025"
EconomyNext,"Sri Lanka goods exports grow to US$12.7bn in 2024, up 6.67%",2025-01-27,https://economynext.com/sri-lanka-goods-exports-grow-to-us12-7bn-in-2024-up-6-67-201602/,"In the month of December exports grew 4.06 percent to 1,042 million dollars January 27, 2025"
EconomyNext,"Sri Lanka rice trucker to price controllers, 'I am not transporting stolen goods'",2025-01-27,https://economynext.com/sri-lanka-rice-trucker-to-price-controllers-i-am-not-transporting-stolen-goods-201529/,"To take me to the police this is not stolen goods (hora badu ne-vei-nay,) sir January 27, 2025"
EconomyNext,Sri Lanka in talks to slash damages owed to Chinese expressway contractor: President,2025-01-27,https://economynext.com/sri-lanka-in-talks-to-slash-damages-owed-to-chinese-expressway-contractor-president-201526/,"Kadawatha to Meerigama section of the Central Expressway was halted after the external default January 27, 2025"
EconomyNext,"Sri Lanka services exports US$3,467mn in 2024, up 8.5-pct",2025-01-27,https://economynext.com/sri-lanka-services-exports-us3467mn-in-2024-up-8-5-pct-201665/,"ICT/BPM exports grew by 29.81 percent to 141.06 million US dollars in December 2024 from 2023 January 27, 2025"
EconomyNext,"Sri Lanka import ban on vehicles with cabs, special trucks lifted - Corrected",2025-01-27,https://economynext.com/sri-lanka-import-ban-on-vehicles-with-cabs-special-trucks-lifted-corrected-201821/,"Used cars up to three years old can be imported January 27, 2025"
EconomyNext,Bolivia downgraded to CCC- by Fitch in a Sri Lanka-like path,2025-01-26,https://economynext.com/bolivia-downgraded-to-ccc-by-fitch-in-a-sri-lanka-like-path-201510/,"Foreign commercial debt was only two bonds, but yields were around 22-pct indicating a loss of market access January 26, 2025"
EconomyNext,UK-Sri Lanka trade and investment under spotlight,2025-01-25,https://economynext.com/uk-sri-lanka-trade-and-investment-under-spotlight-201469/,"Sri Lanka was also looking at areas that have not received attention before. January 25, 2025"
EconomyNext,"South Korea, UN Women and Makers Global mentor young women in STEM industries",2025-01-25,https://economynext.com/south-korea-un-women-and-makers-global-mentor-young-women-in-stem-industries-201441/,"advancing young women’s aspirations in STEM careers January 25, 2025"
EconomyNext,"Sri Lanka 'accommodative"" policy to push inflation to target, vehicle risks to be managed",2025-01-24,https://economynext.com/sri-lanka-accommodative-policy-to-push-inflation-to-target-vehicle-risks-to-be-managed-201288/,"Overly accommodative policy could trigger external risks January 24, 2025"
EconomyNext,Sri Lanka low inflation blamed on transitory supply-side factors by central bank,2025-01-24,https://economynext.com/sri-lanka-low-inflation-blamed-on-transitory-supply-side-factors-by-central-bank-201277/,". January 24, 2025"
EconomyNext,Sri Lanka goes ahead with Singapore Free Trade Agreement,2025-01-23,https://economynext.com/sri-lanka-goes-ahead-with-singapore-free-trade-agreement-201111/,"On that basis, and as part of the agreement has already been implemented, we decided to go ahead January 23, 2025"
EconomyNext,Sri Lanka collects Rs10.9bn from rice import tax,2025-01-23,https://economynext.com/sri-lanka-collects-rs10-9bn-from-rice-import-tax-201068/,"Unlike in past years the import tax was not reduced this year January 23, 2025"
EconomyNext,IMF says Sri Lanka’s SOEs could remain state-owned or privatized,2025-01-22,https://economynext.com/imf-says-sri-lankas-soes-could-remain-state-owned-or-privatized-201015/,"The new government halted the SriLankan Airlines restructuring move before parliamentary polls January 22, 2025"
EconomyNext,World Bank to finance key projects in Sri Lanka totaling $200mn,2025-01-22,https://economynext.com/world-bank-to-finance-key-projects-in-sri-lanka-totaling-200mn-201035/,"Support for Education, Rural Development and Renewable Energy January 22, 2025"
EconomyNext,Sri Lanka to train female seafarers,2025-01-21,https://economynext.com/sri-lanka-to-train-female-seafarers-200631/,"Under the 'She Can Sail the Seas' initiative, 15 female cadets are being trained at a cost of 110,000 US dollars. January 21, 2025"
EconomyNext,Sri Lanka 225 MPs on track to get tax payer financed cars,2025-01-21,https://economynext.com/sri-lanka-225-mps-on-track-to-get-tax-payer-financed-cars-200569/,"MP allowed to take vehicle home after paying depreciated value January 21, 2025"
EconomyNext,Sri Lanka president seeks World Bank help,2025-01-21,https://economynext.com/sri-lanka-president-seeks-world-bank-help-200748/,"Disanayake met World Bank VP Martin Raiser to secure financial and technical support January 21, 2025"
EconomyNext,Sri Lanka discussing oil refinery in Trinco with India: President,2025-01-20,https://economynext.com/sri-lanka-discussing-oil-refinery-in-trinco-with-india-president-200288/,"We suggested to India that we build a joint venture oil refinery January 20, 2025"
EconomyNext,Sri Lanka central bank net foreign exchange reserves rise to $310mn,2025-01-20,https://economynext.com/sri-lanka-central-bank-net-foreign-exchange-reserves-rise-to-310mn-200265/,"At height of the crisis, central bank foreign assets were US$4.5bn in  negative January 20, 2025"
EconomyNext,Bolivia blames supply factors Sri Lanka-style for 9.97-pct inflation in 2024,2025-01-19,https://economynext.com/bolivia-blames-supply-factors-sri-lanka-style-for-9-97-pct-inflation-in-2024-200226/,"But the government argues that this rate is the product of climate factors, speculation and smuggling January 19, 2025"
EconomyNext,Sri Lanka cost of living to rise by 5-pct levels in second half of 2025,2025-01-19,https://economynext.com/sri-lanka-cost-of-living-to-rise-by-5-pct-levels-in-second-half-of-2025-200190/,"Stable prices to continue in early 2025 January 19, 2025"
EconomyNext,Sri Lanka Singapore Free Trade Agreement implementation in limbo,2025-01-18,https://economynext.com/sri-lanka-singapore-free-trade-agreement-implementation-in-limbo-200092/,"'There is a problem in implementing the FTA with Singapore' January 18, 2025"
EconomyNext,"Sri Lanka tourism, Christmas drive services PMI in December",2025-01-18,https://economynext.com/sri-lanka-tourism-christmas-drive-services-pmi-in-december-200066/,"Employment in manufacturing down due to apparels January 18, 2025"
EconomyNext,China’s $1.4 bln worth Yuan currency swap to Sri Lanka extended by three years: CB,2025-01-17,https://economynext.com/chinas-1-4-bln-worth-yuan-currency-swap-to-sri-lanka-extended-by-three-years-cb-200023/,"The swap was signed in 2021 when Sri Lanka was facing dollar shortage amid declining reserves January 17, 2025"
EconomyNext,"Sri Lanka targets US$18.2 exports in 2025, goods $14.1bn",2025-01-17,https://economynext.com/sri-lanka-targets-us18-2-exports-in-2025-goods-14-1bn-199864/,"The EDB was working to remove barriers faced by exporters which will help expand their overseas business, January 17, 2025"
EconomyNext,Sri Lanka renews $1.4 bln worth Chinese Yuan currency swap,2025-01-16,https://economynext.com/sri-lanka-renews-1-4-bln-worth-chinese-yuan-currency-swap-199812/,"The swap helped to boost Sri Lanka's gross foreign reserves when it faced economic crisis January 16, 2025  1"
EconomyNext,"Sri Lanka records BOP surplus of US$2,912mn up to November",2025-01-16,https://economynext.com/sri-lanka-records-bop-surplus-of-us2912mn-up-to-november-199662/,"Sri Lanka's central bank has been following broadly deflationary policy allowing the BOP to be in surplus January 16, 2025"
EconomyNext,"Sri Lanka President in talks with BYD, Huwawei, China SOEs",2025-01-16,https://economynext.com/sri-lanka-president-in-talks-with-byd-huwawei-china-soes-199746/,"Invited Chinese investors to explore opportunities in Sri Lanka January 16, 2025"
EconomyNext,Sri Lanka and China agree to fast track delayed FTA negotiations,2025-01-16,https://economynext.com/sri-lanka-and-china-agree-to-fast-track-delayed-fta-negotiations-199835/,"Sri Lanka has disagreement on three clauses in the Chinese FTA negotiations January 16, 2025"
EconomyNext,Sri Lanka budget deficit down 40-pct by November 2024,2025-01-15,https://economynext.com/sri-lanka-budget-deficit-down-40-pct-by-november-2024-199333/,"Current spending contained with interest rates also falling January 15, 2025  1"
EconomyNext,"Sri Lanka, Malta discuss bilateral trade relations",2025-01-14,https://economynext.com/sri-lanka-malta-discuss-bilateral-trade-relations-199252/,"Emphasized Malta’s strategic advantage as a member of the EU, offering Sri Lanka a gateway to broader European markets January 14, 2025"
EconomyNext,Sri Lanka central bank revalues restructured bonds booking profit,2025-01-13,https://economynext.com/sri-lanka-central-bank-revalues-restructured-bonds-booking-profit-199164/,"The central bank's net assets, were barely in the positive since the domestic debt re-structure January 13, 2025"
EconomyNext,Vietnam envoy meets Sri Lanka's Hayleys group to boost economic links,2025-01-12,https://economynext.com/vietnam-envoy-meets-sri-lankas-hayleys-group-to-boost-economic-links-199114/,"Hayleys had a number of Viet Nam partners, in areas of trade, tourism, agriculture, engineering and logistics January 12, 2025"
EconomyNext,Sri Lanka motor vehicle excise taxes hiked,2025-01-11,https://economynext.com/sri-lanka-motor-vehicle-excise-taxes-hiked-199092/,"Excise tax increase itself is moderate January 11, 2025"
EconomyNext,Sri Lanka’s remittances hit 6-year high in 2024 with record number seeking foreign jobs,2025-01-11,https://economynext.com/sri-lankas-remittances-hit-6-year-high-in-2024-with-record-number-seeking-foreign-jobs-199013/,"Remittances are one of the top foreign exchange earners in Sri Lanka January 11, 2025"
EconomyNext,"Sri Lanka hikes tobacco, aerated water, sweet drink taxes",2025-01-11,https://economynext.com/sri-lanka-hikes-tobacco-aerated-water-sweet-drink-taxes-199051/,"Taxes on plastics also hiked January 11, 2025  2"
EconomyNext,Sri Lanka hikes alcohol taxes from Jan 2025,2025-01-11,https://economynext.com/sri-lanka-hikes-alcohol-taxes-from-jan-2025-199017/,"Taxing legal alcohol has been controversial, after steep hikes reportedly expanded the illegal manufacture January 11, 2025"
EconomyNext,"Sri Lanka red rice shortage blamed on ex-president, chicken implicated",2025-01-10,https://economynext.com/sri-lanka-red-rice-shortage-blamed-on-ex-president-chicken-implicated-198933/,"In Sri Lanka there 125 lakhs of layer chicken. They have 80 lakhs of chicks January 10, 2025"
EconomyNext,"UK 10-year bond yields surge to 17-year high, 30-year bonds in bigger record",2025-01-10,https://economynext.com/uk-10-year-bond-yields-surge-to-17-year-high-30-year-bonds-in-bigger-record-198862/,"New concerns over a slowing economy – which can reduce tax revenues and boost borrowings are among drivers January 10, 2025"
EconomyNext,"Sri Lanka appropriation bill 2025 sets borrowing limit of Rs4,400bn",2025-01-10,https://economynext.com/sri-lanka-appropriation-bill-2025-sets-borrowing-limit-of-rs4400bn-198857/,"The presentation of the Appropriation bill is considered the first reading of the budget January 10, 2025"
EconomyNext,Sri Lanka central bank to sell down its restructured bonds,2025-01-10,https://economynext.com/sri-lanka-central-bank-to-sell-down-its-restructured-bonds-199011/,". January 10, 2025"
EconomyNext,Debt for nature swaps can lower Sri Lanka's financial burden: IPS,2025-01-09,https://economynext.com/debt-for-nature-swaps-can-lower-sri-lankas-financial-burden-ips-198676/,"Debt-for-climate-and-nature swaps could be an option to lower financial burden January 9, 2025"
EconomyNext,Sri Lanka state imports of coconut kernels after crop shortfall,2025-01-09,https://economynext.com/sri-lanka-state-imports-of-coconut-kernels-after-crop-shortfall-198750/,"We have decided to import kernels and give the mills January 9, 2025  1"
EconomyNext,Bolivia central bank running with US$50mn liquid reserves after printing money,2025-01-09,https://economynext.com/bolivia-central-bank-running-with-us50mn-liquid-reserves-after-printing-money-198723/,"BCB was also borrowing dollars January 9, 2025"
EconomyNext,"Sri Lanka central bank to ""provide certainty"" on liquidity with new OMO",2025-01-08,https://economynext.com/sri-lanka-central-bank-to-provide-certainty-on-liquidity-with-new-omo-198652/,"The central bank moved to a single policy rate before fully restructuring debt from the first sovereign defualt January 8, 2025"
EconomyNext,Sri Lanka central bank to review SRR framework,2025-01-08,https://economynext.com/sri-lanka-central-bank-to-review-srr-framework-198588/,"The central bank is reviewing the SRR in line with international best practices January 8, 2025"
EconomyNext,Sri Lanka's lending rates for MSMEs still high: CB Chief,2025-01-08,https://economynext.com/sri-lankas-lending-rates-for-msmes-still-high-cb-chief-198584/,"Central Bank has cut policy rates sharply since mid 2023 January 8, 2025  1"
EconomyNext,Sri Lanka’s 2024 GDP growth hits 7-year high of 5-pct amid deflation,2025-01-08,https://economynext.com/sri-lankas-2024-gdp-growth-hits-7-year-high-of-5-pct-amid-deflation-198582/,"Sri Lankan economy has witnessed contraction for the five years through 2023 January 8, 2025"
EconomyNext,Sri Lanka President urges withholding tax refund mechanism for retirees,2025-01-08,https://economynext.com/sri-lanka-president-urges-withholding-tax-refund-mechanism-for-retirees-198579/,"Income tax thresholds will also be raised from next year January 8, 2025  3"
EconomyNext,"Sri Lanka ends 2024 with gross foreign reserves of US$6,091mn",2025-01-08,https://economynext.com/sri-lanka-ends-2024-with-gross-foreign-reserves-of-us6091mn-198543/,"Sri Lanka's official reserves are still up by 1.6 billion dollars in 2024 January 8, 2025"
EconomyNext,"Sri Lanka can build reserves, pay debt, with vehicle imports of $1.5bn: CB Governor",2025-01-07,https://economynext.com/sri-lanka-can-build-reserves-pay-debt-with-vehicle-imports-of-1-5bn-cb-governor-198351/,"There could be a small deficit in the current account deficit. January 7, 2025  3"
EconomyNext,"Sri Lanka IMF forex reserve target US$7bn in 2025, ends 2024 with $6.1bn: CB Governor",2025-01-07,https://economynext.com/sri-lanka-imf-forex-reserve-target-us7bn-in-2025-ends-2024-with-6-1bn-cb-governor-198374/,"After paying all the old debt we have 6.1 bn by the end of the year January 7, 2025"
EconomyNext,Sri Lanka and Vietnam to ink customs co-operation agreement,2025-01-07,https://economynext.com/sri-lanka-and-vietnam-to-ink-customs-co-operation-agreement-198466/,"Attorney General's clearance received for the agreement January 7, 2025"
EconomyNext,"Sri Lanka sees 8,665 new active credit cards in November 2024",2025-01-06,https://economynext.com/sri-lanka-sees-8665-new-active-credit-cards-in-november-2024-198265/,"Number of active credit card fell in 2023 after Central Bank raised policy interest rates to fight hyper inflation January 6, 2025"
EconomyNext,Sri Lanka's Advocata Institute conference to discuss driving economic growth,2025-01-06,https://economynext.com/sri-lankas-advocata-institute-conference-to-discuss-driving-economic-growth-198222/,"Platform to mainstream productivity-enhancing ideas across political parties, the media, and the general public. January 6, 2025"
EconomyNext,Sri Lanka's central bank buys US$2.8bn from forex market in 2024,2025-01-05,https://economynext.com/sri-lankas-central-bank-buys-us2-8bn-from-forex-market-in-2024-198114/,". January 5, 2025"
EconomyNext,Sri Lanka tyre makers plan slammed after minister reveals import control demand,2025-01-05,https://economynext.com/sri-lanka-tyre-makers-plan-slammed-after-minister-reveals-import-control-demand-198000/,"There were almost 700 replies to the post, with almost all pointing out that it was a typical plan of vested interests January 5, 2025"
EconomyNext,Sri Lanka president calls for gem and jewellery exports to exceed USD1bn,2025-01-04,https://economynext.com/sri-lanka-president-calls-for-gem-and-jewellery-exports-to-exceed-usd1bn-197967/,"""Let's work together to exceed USD 1 billion in gem and jewellery exports!"" January 4, 2025"
EconomyNext,Sri Lanka rice millers are not hiding stocks: CAA Official,2025-01-04,https://economynext.com/sri-lanka-rice-millers-are-not-hiding-stocks-caa-official-197924/,"Rice prices had tended to go up towards the end of the year in many years January 4, 2025  1"
EconomyNext,"Sri Lanka's Inland Revenue collects Rs1,958bn in 2024, up 25-pct",2025-01-04,https://economynext.com/sri-lankas-inland-revenue-collects-rs1958bn-in-2024-up-25-pct-197915/,"Betting and Gaming Levy was 14,923 million in 2024 up from 7,422 million rupees, which is double January 4, 2025"
EconomyNext,Sri Lanka current account $303mn in surplus in 3Q with financial outflows,2025-01-03,https://economynext.com/sri-lanka-current-account-303mn-in-surplus-in-3q-with-financial-outflows-197636/,"The current account is a mirror image of the financial account January 3, 2025"
EconomyNext,Outflows from Sri Lankans travelling abroad jump to $675 mln in Jan-Nov,2025-01-02,https://economynext.com/outflows-from-sri-lankans-travelling-abroad-jump-to-675-mln-in-jan-nov-197621/,"Sri Lanka has been on a recovery part after economy collapsed with a bankruptcy in 2022 January 2, 2025"
EconomyNext,Sri Lanka Port City firework display for New Year: In Pictures,2025-01-02,https://economynext.com/sri-lanka-port-city-firework-display-for-new-year-in-pictures-197496/,"The Colombo Port City is a dollarized special economic zone January 2, 2025"
EconomyNext,Sri Lanka current dollar inflows exceed imports by $604mn in November,2025-01-01,https://economynext.com/sri-lanka-current-dollar-inflows-exceed-imports-by-604mn-in-november-197372/,"In November imports were less than in October, with export incomes also falling January 1, 2025"
EconomyNext,Sri Lanka in 2024 - inflation falls but government ousted in stabilization crisis,2025-01-01,https://economynext.com/sri-lanka-in-2024-inflation-falls-but-government-ousted-in-stabilization-crisis-197106/,"In 2024 Sri Lanka successfully restructured debt, though warnings have been issued that the central bank has made initia January 1, 2025"
EconomyNext,"Sri Lanka planning reforms to cut poverty, bring benefits to rural communities: President",2025-01-01,https://economynext.com/sri-lanka-planning-reforms-to-cut-poverty-bring-benefits-to-rural-communities-president-197441/,"Therefore, achieving economic stability requires extending economic benefits to rural populations January 1, 2025"
EconomyNext,Sri Lanka sees deflation of 1.7-pct by Dec 2024,2024-12-31,https://economynext.com/sri-lanka-sees-deflation-of-1-7-pct-by-dec-2024-197295/,"Twelve month prices have fallen for four months in a row December 31, 2024"
EconomyNext,Sri Lanka Central Bank report to parliament on inflation falling below 3-pct,2024-12-31,https://economynext.com/sri-lanka-central-bank-report-to-parliament-on-inflation-falling-below-3-pct-197170/,"Under the agreement signed with political leadership the agency can create up to 7 percent inflation December 31, 2024"
EconomyNext,Sri Lanka cabinet approves Appropriation Bill for 2025,2024-12-31,https://economynext.com/sri-lanka-cabinet-approves-appropriation-bill-for-2025-197139/,"Appropriation Bill sets out spending allocation for various ministries December 31, 2024"
EconomyNext,"Fitch rates Sri Lanka's governance bonds, but not macro-linked bonds",2024-12-31,https://economynext.com/fitch-rates-sri-lankas-governance-bonds-but-not-macro-linked-bonds-197050/,"A 2035, bond which the government can pay in rupees, was given a CCC+ local currency rating December 31, 2024"
EconomyNext,"Sri Lanka budget deficit down 31-pct, taxes up 36-pct in October",2024-12-30,https://economynext.com/sri-lanka-budget-deficit-down-31-pct-taxes-up-36-pct-in-october-196880/,"Domestic borrowings fell to 786.3 billion rupees, down from 1,477.8 billion rupees December 30, 2024"
EconomyNext,Sri Lanka slaps price controls on canned fish despite raw rice disappearing,2024-12-30,https://economynext.com/sri-lanka-slaps-price-controls-on-canned-fish-despite-raw-rice-disappearing-196884/,"Sri Lanka's CAA has earlier made tinned fish go off the shelves with its price controls December 30, 2024"
EconomyNext,Raw rice vanish from Sri Lanka shop shelves after CAA price controls,2024-12-29,https://economynext.com/raw-rice-vanish-from-sri-lanka-shop-shelves-after-caa-price-controls-196744/,"Price controls tend to distort markets and make goods disappear from shelves December 29, 2024"
EconomyNext,Sri Lanka price control advocate urges fried rice instead of milk rice for New Year,2024-12-29,https://economynext.com/sri-lanka-price-control-advocate-urges-fried-rice-instead-of-milk-rice-for-new-year-196819/,"We will eat fried rice because we have renewed the country December 29, 2024"
EconomyNext,Sri Lanka industries minister says fighting for more protection,2024-12-29,https://economynext.com/sri-lanka-industries-minister-says-fighting-for-more-protection-196800/,".We now have to fight with low costs imports December 29, 2024"
EconomyNext,German 'stability pelican' Helmut Schlesinger dies amid calls to return to Deutsche Mark,2024-12-28,https://economynext.com/german-stability-pelican-helmut-schlesinger-dies-amid-calls-to-return-to-deutsche-mark-196606/,"He was a key person to develop a credible anchor for the D-Mark after US macroeconomists broke the Bretton Woods December 28, 2024"
EconomyNext,Sri Lanka-style paddy marketing SOE fails to control rice prices in Bolivia amid import problems,2024-12-28,https://economynext.com/sri-lanka-style-paddy-marketing-soe-fails-to-control-rice-prices-in-bolivia-amid-import-problems-196666/,"The State Food Production Support Company was selling rice without profits but was unable to make an impact December 28, 2024"
EconomyNext,S&P keeps Sri Lanka rating at selective default on unfinished SriLankan Airlines bond,2024-12-27,https://economynext.com/sp-keeps-sri-lanka-rating-at-selective-default-on-unfinished-srilankan-airlines-bond-196583/,"Newly issued exchange bonds rated at CCC+ December 27, 2024"
EconomyNext,Sri Lanka sends more workers to Israel,2024-12-27,https://economynext.com/sri-lanka-sends-more-workers-to-israel-196570/,"The group of 79 workers are scheduled to leave for Israel on Saturday December 27, 2024  1"
EconomyNext,"Sri Lanka withholding tax hike on bank deposits is deductible, not final: Minister",2024-12-27,https://economynext.com/sri-lanka-withholding-tax-hike-on-bank-deposits-is-deductible-not-final-minister-196484/,"This a tax credit that can be deducted when a tax return is filed December 27, 2024  3"
EconomyNext,Nearly half of Sri Lanka pensions benefit top 20-pct income group: IPS,2024-12-26,https://economynext.com/nearly-half-of-sri-lanka-pensions-benefit-top-20-pct-income-group-ips-196254/,"""With approximately 700,000 public sector pensioners, this system imposes a substantial financial strain on the governme December 26, 2024  1"
EconomyNext,German supply chain act could drive Sri Lanka tea exporters away: Report,2024-12-26,https://economynext.com/german-supply-chain-act-could-drive-sri-lanka-tea-exporters-away-report-193514/,"""Exporters would still sell their products to countries with less stringent regulations, December 26, 2024  2"
EconomyNext,Sri Lanka Christmas cake index deflates 7.3-pct in 2024,2024-12-25,https://economynext.com/sri-lanka-christmas-cake-index-deflates-7-3-pct-in-2024-196287/,"Sri Lanka christmas cake has been referred to as 'the most interesting and the most delicious Christmas cake of all' December 25, 2024"
EconomyNext,Sri Lanka upgraded to Caa1 by Moody's,2024-12-24,https://economynext.com/sri-lanka-upgraded-to-caa1-by-moodys-196036/,". December 24, 2024"
EconomyNext,Sri Lanka allows people to import rice till Jan 10,2024-12-24,https://economynext.com/sri-lanka-allows-people-to-import-rice-till-jan-10-196056/,"Sri Lanka initially gave permission to import rice only till December 20 December 24, 2024"
EconomyNext,"Sri Lanka President, central bank discuss AML/CFT measures to prevent blacklisting again",2024-12-24,https://economynext.com/sri-lanka-president-central-bank-discuss-aml-cft-measures-to-prevent-blacklisting-again-196014/,"Sri Lanka has already fallen into FATF grey list twice December 24, 2024"
EconomyNext,Bolivia chicken farmers in Sri Lanka-style crisis amid money printing,2024-12-24,https://economynext.com/bolivia-chicken-farmers-in-sri-lanka-style-crisis-amid-money-printing-196020/,". December 24, 2024"
EconomyNext,Sri Lanka exports down 5.6-pct in November 2024,2024-12-24,https://economynext.com/sri-lanka-exports-down-5-6-pct-in-november-2024-195926/,"Export earnings of coconut based products increased by 13.08 percent. December 24, 2024"
EconomyNext,Sri Lanka service exports rise 20.89-pct in November,2024-12-24,https://economynext.com/sri-lanka-service-exports-rise-20-89-pct-in-november-195951/,"ICT exports increased by 38.04 percent to 141.39 million US dollars in November 2024 December 24, 2024"
EconomyNext,Rs2.37bn India grant to develop Sri Lanka's Eastern Province,2024-12-24,https://economynext.com/rs2-37bn-india-grant-to-develop-sri-lankas-eastern-province-196115/,"33 projects related to infrastructure development and livelihood improvement December 24, 2024"
EconomyNext,"Billions earned from Sri Lanka rice imports in 20 days, shows tax arbitrage: analysis",2024-12-23,https://economynext.com/billions-earned-from-sri-lanka-rice-imports-in-20-days-shows-tax-arbitrage-analysis-195830/,"Though the people pay the tax plus price, for self-sufficiency or economic nationalism, it does not go to the government December 23, 2024  1"
EconomyNext,Sri Lanka setting up public debt management office,2024-12-22,https://economynext.com/sri-lanka-setting-up-public-debt-management-office-195752/,"The agency started in December 02 and is expected to be fully operational by January 2026 December 22, 2024"
EconomyNext,"Sri Lanka should avoid stop-go cycles, Treasury Secy says after default exit",2024-12-21,https://economynext.com/sri-lanka-should-avoid-stop-go-cycles-treasury-secy-says-after-default-exit-195740/,"However, this growth cannot come at the expense of economic stability December 21, 2024"
EconomyNext,"Sri Lanka allows import of buses, go-karts, stiff penalties for unsold stocks",2024-12-21,https://economynext.com/sri-lanka-allows-import-of-buses-go-karts-stiff-penalties-for-unsold-stocks-195705/,"Penalty of 3-pct of CIF value per month for unsold stocks carried over 3 months December 21, 2024"
EconomyNext,Fitch upgrades Sri Lanka out of default despite holdout Hamilton Reserve,2024-12-21,https://economynext.com/fitch-upgrades-sri-lanka-out-of-default-despite-holdout-hamilton-reserve-195663/,"Sri Lanka has normalised relations with a majority of creditors December 21, 2024"
EconomyNext,Sri Lanka's China-backed Hambantota industrial park gets mattress export firm,2024-12-20,https://economynext.com/sri-lankas-china-backed-hambantota-industrial-park-gets-mattress-export-firm-195405/,"Firms in the industrial zone will be able to use the container terminal in the Hambantota Port December 20, 2024"
EconomyNext,WHT 100-pct increase strain on Sri Lankans reliant on interest income: Former minister,2024-12-20,https://economynext.com/wht-100-pct-increase-strain-on-sri-lankans-reliant-on-interest-income-former-minister-195507/,"The doubling of the withholding tax from 5 percent to 10 percent adds strain on low and middle-income earners December 20, 2024"
EconomyNext,Sri Lanka extends exchange controls devised by central bank till June,2024-12-20,https://economynext.com/sri-lanka-extends-exchange-controls-devised-by-central-bank-till-june-195357/,".The exchange controls have been revised, a post-cabinet statement said without specifying the changes December 20, 2024"
EconomyNext,Sri Lanka to review role of 115 state entities costing Rs140bn a year,2024-12-20,https://economynext.com/sri-lanka-to-review-role-of-115-state-entities-costing-rs140bn-a-year-195228/,"115 state entities which cost 140 billion rupees a year to maintain December 20, 2024"
EconomyNext,"Fed claims US economic expansions 'solid', cuts rate to 4.50-4.75-pct, stocks tank",2024-12-19,https://economynext.com/fed-claims-us-economic-expansions-solid-cuts-rate-to-4-50-4-75-pct-stocks-tank-195060/,"Recent indicators suggest that economic activity has continued to expand at a solid pace December 19, 2024"
EconomyNext,Sri Lanka's CEB borrows US$150mn ADB loan to fix grid for renewables,2024-12-19,https://economynext.com/sri-lankas-ceb-borrows-us150mn-adb-loan-to-fix-grid-for-renewables-195281/,". December 19, 2024  1"
EconomyNext,Sri Lanka to continue Special Commodity food taxes to protect farmers,2024-12-19,https://economynext.com/sri-lanka-to-continue-special-commodity-food-taxes-to-protect-farmers-195205/,"There were 63 items listed under the SCL Act December 19, 2024"
EconomyNext,"Sri Lanka to import 30,000 metric tons of non-iodized salt",2024-12-19,https://economynext.com/sri-lanka-to-import-30000-metric-tons-of-non-iodized-salt-195163/,"Possible shortage of salt arising in the first quarter of 2025 December 19, 2024  1"
EconomyNext,Sri Lanka opposition pleads for cut in 40-pct rice tax,2024-12-19,https://economynext.com/sri-lanka-opposition-pleads-for-cut-in-40-pct-rice-tax-195070/,"A tax at 65 rupee is almost 40 percent December 19, 2024"
EconomyNext,Sri Lanka to allow private vehicle imports from February 2025: President,2024-12-18,https://economynext.com/sri-lanka-to-allow-private-vehicle-imports-from-february-2025-president-194954/,"The decision has been made after discussions with the central bank December 18, 2024"
EconomyNext,"Sri Lanka rupee weaker at 291.25/50 to US dollar, bonds steady",2024-12-18,https://economynext.com/sri-lanka-rupee-weaker-at-291-25-50-to-us-dollar-bonds-steady-194937/,"Ahead of bill auction December 18, 2024"
EconomyNext,Sri Lanka Debt to GDP ratio 101.8-pct of GDP in Sept 2024,2024-12-18,https://economynext.com/sri-lanka-debt-to-gdp-ratio-101-8-pct-of-gdp-in-sept-2024-194881/,"Down from 105 percent in December 2023 December 18, 2024  1"
EconomyNext,"Sri Lanka PAYE tax thresholds to be raised, minimum Rs150,000: President",2024-12-18,https://economynext.com/sri-lanka-paye-tax-thresholds-to-be-raised-minimum-rs150000-president-194957/,"Value added tax on milk and yoghurt will also be removed December 18, 2024  1"
EconomyNext,Sri Lanka ISB holders to get US$10.4bn and Rs155bn in new bonds on Dec 20,2024-12-17,https://economynext.com/sri-lanka-isb-holders-to-get-us10-4bn-and-rs155bn-in-new-bonds-on-dec-20-194677/,"Residual 2022 bonds in which Hamilton Reserve has a stake to continue to trade December 17, 2024"
EconomyNext,Bolivia opens fuel imports in Sri Lanka-style move amid money printing,2024-12-17,https://economynext.com/bolivia-opens-fuel-imports-in-sri-lanka-style-move-amid-money-printing-194564/,"Under the MAS, Bolivia has become a fuel importer from a LNG exporter December 17, 2024"
EconomyNext,Sri Lanka GDP grows 5.5-pct in third quarter 2024,2024-12-17,https://economynext.com/sri-lanka-gdp-grows-5-5-pct-in-third-quarter-2024-194803/,"Strong recovery in construction, tourism and apparels December 17, 2024"
EconomyNext,Japan re-schedules Yen loans to Sri Lanka till 2042 at below 1-pct,2023-01-01,https://economynext.com/japan-re-schedules-yen-loans-to-sri-lanka-till-2042-at-below-1-pct-209155/,"Accrued interest from January 01, 2023 to December 31, 2023, will be paid on July 05, 2025 March 9, 2025"
