year_month,article_count,mean_sentiment,std_sentiment,sentiment_intensity,tourist_arrivals,usd_lkr_rate,inflation_rate
2018-01,,,,,238924.0,,2.135037737132
2018-01,,,,,238924.0,153.9,2.135037737132
2018-01,,,,,238924.0,153.9,2.135037737132
2018-01,,,,,238924.0,153.65,2.135037737132
2018-01,,,,,238924.0,153.65,2.135037737132
2018-01,,,,,238924.0,153.7,2.135037737132
2018-01,,,,,238924.0,153.7,2.135037737132
2018-01,,,,,238924.0,154.1,2.135037737132
2018-01,,,,,238924.0,153.75,2.135037737132
2018-01,,,,,238924.0,153.75,2.135037737132
2018-01,,,,,238924.0,153.9,2.135037737132
2018-01,,,,,238924.0,154.0,2.135037737132
2018-01,,,,,238924.0,,2.135037737132
2018-01,,,,,238924.0,153.4,2.135037737132
2018-01,,,,,238924.0,153.85,2.135037737132
2018-01,,,,,238924.0,153.6,2.135037737132
2018-01,,,,,238924.0,153.45,2.135037737132
2018-01,,,,,238924.0,153.7,2.135037737132
2018-01,,,,,238924.0,153.6,2.135037737132
2018-01,,,,,238924.0,153.75,2.135037737132
2018-01,,,,,238924.0,153.7,2.135037737132
2018-01,,,,,238924.0,153.9,2.135037737132
2018-01,,,,,238924.0,153.7,2.135037737132
2018-02,,,,,235618.0,155.1,2.135037737132
2018-02,,,,,235618.0,154.95,2.135037737132
2018-02,,,,,235618.0,154.8,2.135037737132
2018-02,,,,,235618.0,154.8,2.135037737132
2018-02,,,,,235618.0,155.1,2.135037737132
2018-02,,,,,235618.0,155.15,2.135037737132
2018-02,,,,,235618.0,155.4,2.135037737132
2018-02,,,,,235618.0,,2.135037737132
2018-02,,,,,235618.0,154.85,2.135037737132
2018-02,,,,,235618.0,155.15,2.135037737132
2018-02,,,,,235618.0,154.85,2.135037737132
2018-02,,,,,235618.0,154.05,2.135037737132
2018-02,,,,,235618.0,154.2,2.135037737132
2018-02,,,,,235618.0,154.2,2.135037737132
2018-02,,,,,235618.0,154.65,2.135037737132
2018-02,,,,,235618.0,155.5,2.135037737132
2018-02,,,,,235618.0,154.3,2.135037737132
2018-02,,,,,235618.0,154.3,2.135037737132
2018-02,,,,,235618.0,154.85,2.135037737132
2018-02,,,,,235618.0,154.5,2.135037737132
2018-03,,,,,233382.0,155.6,2.135037737132
2018-03,,,,,233382.0,155.95,2.135037737132
2018-03,,,,,233382.0,155.6,2.135037737132
2018-03,,,,,233382.0,156.0,2.135037737132
2018-03,,,,,233382.0,156.0,2.135037737132
2018-03,,,,,233382.0,156.1,2.135037737132
2018-03,,,,,233382.0,156.1,2.135037737132
2018-03,,,,,233382.0,156.0,2.135037737132
2018-03,,,,,233382.0,156.05,2.135037737132
2018-03,,,,,233382.0,156.0,2.135037737132
2018-03,,,,,233382.0,155.6,2.135037737132
2018-03,,,,,233382.0,155.95,2.135037737132
2018-03,,,,,233382.0,155.65,2.135037737132
2018-03,,,,,233382.0,155.6,2.135037737132
2018-03,,,,,233382.0,155.4,2.135037737132
2018-03,,,,,233382.0,155.35,2.135037737132
2018-03,,,,,233382.0,155.3,2.135037737132
2018-03,,,,,233382.0,155.0,2.135037737132
2018-03,,,,,233382.0,154.9,2.135037737132
2018-03,,,,,233382.0,155.15,2.135037737132
2018-03,,,,,233382.0,154.95,2.135037737132
2018-03,,,,,233382.0,155.8,2.135037737132
2018-04,,,,,180429.0,156.05,2.135037737132
2018-04,,,,,180429.0,156.3,2.135037737132
2018-04,,,,,180429.0,156.75,2.135037737132
2018-04,,,,,180429.0,156.85,2.135037737132
2018-04,,,,,180429.0,156.3,2.135037737132
2018-04,,,,,180429.0,157.5,2.135037737132
2018-04,,,,,180429.0,157.6,2.135037737132
2018-04,,,,,180429.0,157.6,2.135037737132
2018-04,,,,,180429.0,157.6,2.135037737132
2018-04,,,,,180429.0,156.3,2.135037737132
2018-04,,,,,180429.0,155.45,2.135037737132
2018-04,,,,,180429.0,155.6,2.135037737132
2018-04,,,,,180429.0,155.6,2.135037737132
2018-04,,,,,180429.0,155.6,2.135037737132
2018-04,,,,,180429.0,155.45,2.135037737132
2018-04,,,,,180429.0,155.8,2.135037737132
2018-04,,,,,180429.0,155.4,2.135037737132
2018-04,,,,,180429.0,155.4,2.135037737132
2018-04,,,,,180429.0,155.85,2.135037737132
2018-04,,,,,180429.0,155.75,2.135037737132
2018-04,,,,,180429.0,155.15,2.135037737132
2018-05,,,,,129466.0,157.65,2.135037737132
2018-05,,,,,129466.0,157.7,2.135037737132
2018-05,,,,,129466.0,157.8,2.135037737132
2018-05,,,,,129466.0,157.75,2.135037737132
2018-05,,,,,129466.0,158.0,2.135037737132
2018-05,,,,,129466.0,157.9,2.135037737132
2018-05,,,,,129466.0,,2.135037737132
2018-05,,,,,129466.0,157.85,2.135037737132
2018-05,,,,,129466.0,157.7,2.135037737132
2018-05,,,,,129466.0,157.9,2.135037737132
2018-05,,,,,129466.0,158.0,2.135037737132
2018-05,,,,,129466.0,158.15,2.135037737132
2018-05,,,,,129466.0,157.95,2.135037737132
2018-05,,,,,129466.0,157.55,2.135037737132
2018-05,,,,,129466.0,157.45,2.135037737132
2018-05,,,,,129466.0,157.65,2.135037737132
2018-05,,,,,129466.0,157.43,2.135037737132
2018-05,,,,,129466.0,158.0,2.135037737132
2018-05,,,,,129466.0,157.45,2.135037737132
2018-05,,,,,129466.0,157.85,2.135037737132
2018-05,,,,,129466.0,157.7,2.135037737132
2018-05,,,,,129466.0,157.7,2.135037737132
2018-05,,,,,129466.0,157.43,2.135037737132
2018-06,,,,,146828.0,159.8,2.135037737132
2018-06,,,,,146828.0,158.2,2.135037737132
2018-06,,,,,146828.0,158.25,2.135037737132
2018-06,,,,,146828.0,158.25,2.135037737132
2018-06,,,,,146828.0,158.8,2.135037737132
2018-06,,,,,146828.0,158.9,2.135037737132
2018-06,,,,,146828.0,159.4,2.135037737132
2018-06,,,,,146828.0,159.8,2.135037737132
2018-06,,,,,146828.0,159.9,2.135037737132
2018-06,,,,,146828.0,158.2,2.135037737132
2018-06,,,,,146828.0,159.5,2.135037737132
2018-06,,,,,146828.0,159.6,2.135037737132
2018-06,,,,,146828.0,159.4,2.135037737132
2018-06,,,,,146828.0,159.1,2.135037737132
2018-06,,,,,146828.0,159.0,2.135037737132
2018-06,,,,,146828.0,158.8,2.135037737132
2018-06,,,,,146828.0,158.6,2.135037737132
2018-06,,,,,146828.0,158.2,2.135037737132
2018-06,,,,,146828.0,158.45,2.135037737132
2018-06,,,,,146828.0,158.55,2.135037737132
2018-06,,,,,146828.0,159.5,2.135037737132
2018-07,,,,,217829.0,159.85,2.135037737132
2018-07,,,,,217829.0,159.85,2.135037737132
2018-07,,,,,217829.0,159.4,2.135037737132
2018-07,,,,,217829.0,159.35,2.135037737132
2018-07,,,,,217829.0,159.55,2.135037737132
2018-07,,,,,217829.0,159.5,2.135037737132
2018-07,,,,,217829.0,159.5,2.135037737132
2018-07,,,,,217829.0,159.55,2.135037737132
2018-07,,,,,217829.0,159.8,2.135037737132
2018-07,,,,,217829.0,159.5,2.135037737132
2018-07,,,,,217829.0,159.8,2.135037737132
2018-07,,,,,217829.0,159.25,2.135037737132
2018-07,,,,,217829.0,159.45,2.135037737132
2018-07,,,,,217829.0,158.3,2.135037737132
2018-07,,,,,217829.0,158.3,2.135037737132
2018-07,,,,,217829.0,,2.135037737132
2018-07,,,,,217829.0,158.9,2.135037737132
2018-07,,,,,217829.0,159.7,2.135037737132
2018-07,,,,,217829.0,159.2,2.135037737132
2018-07,,,,,217829.0,159.3,2.135037737132
2018-07,,,,,217829.0,159.3,2.135037737132
2018-07,,,,,217829.0,159.1,2.135037737132
2018-08,,,,,200359.0,161.35,2.135037737132
2018-08,,,,,200359.0,161.4,2.135037737132
2018-08,,,,,200359.0,161.3,2.135037737132
2018-08,,,,,200359.0,161.2,2.135037737132
2018-08,,,,,200359.0,161.05,2.135037737132
2018-08,,,,,200359.0,160.9,2.135037737132
2018-08,,,,,200359.0,160.6,2.135037737132
2018-08,,,,,200359.0,160.5,2.135037737132
2018-08,,,,,200359.0,160.4,2.135037737132
2018-08,,,,,200359.0,160.35,2.135037737132
2018-08,,,,,200359.0,160.4,2.135037737132
2018-08,,,,,200359.0,160.5,2.135037737132
2018-08,,,,,200359.0,160.05,2.135037737132
2018-08,,,,,200359.0,159.4,2.135037737132
2018-08,,,,,200359.0,160.05,2.135037737132
2018-08,,,,,200359.0,159.7,2.135037737132
2018-08,,,,,200359.0,159.65,2.135037737132
2018-08,,,,,200359.0,159.65,2.135037737132
2018-08,,,,,200359.0,159.6,2.135037737132
2018-08,,,,,200359.0,159.85,2.135037737132
2018-08,,,,,200359.0,159.85,2.135037737132
2018-08,,,,,200359.0,159.9,2.135037737132
2018-08,,,,,200359.0,159.75,2.135037737132
2018-09,,,,,149087.0,169.0,2.135037737132
2018-09,,,,,149087.0,165.7,2.135037737132
2018-09,,,,,149087.0,169.1,2.135037737132
2018-09,,,,,149087.0,168.8,2.135037737132
2018-09,,,,,149087.0,168.55,2.135037737132
2018-09,,,,,149087.0,168.6,2.135037737132
2018-09,,,,,149087.0,168.6,2.135037737132
2018-09,,,,,149087.0,168.6,2.135037737132
2018-09,,,,,149087.0,167.0,2.135037737132
2018-09,,,,,149087.0,164.8,2.135037737132
2018-09,,,,,149087.0,161.8,2.135037737132
2018-09,,,,,149087.0,162.75,2.135037737132
2018-09,,,,,149087.0,162.4,2.135037737132
2018-09,,,,,149087.0,162.2,2.135037737132
2018-09,,,,,149087.0,162.3,2.135037737132
2018-09,,,,,149087.0,161.95,2.135037737132
2018-09,,,,,149087.0,161.4,2.135037737132
2018-09,,,,,149087.0,162.1,2.135037737132
2018-09,,,,,149087.0,,2.135037737132
2018-09,,,,,149087.0,163.6,2.135037737132
2018-10,,,,,153123.0,171.1,2.135037737132
2018-10,,,,,153123.0,171.6,2.135037737132
2018-10,,,,,153123.0,172.4,2.135037737132
2018-10,,,,,153123.0,172.4,2.135037737132
2018-10,,,,,153123.0,174.1,2.135037737132
2018-10,,,,,153123.0,172.5,2.135037737132
2018-10,,,,,153123.0,172.6,2.135037737132
2018-10,,,,,153123.0,173.7,2.135037737132
2018-10,,,,,153123.0,170.8,2.135037737132
2018-10,,,,,153123.0,172.4,2.135037737132
2018-10,,,,,153123.0,175.3,2.135037737132
2018-10,,,,,153123.0,170.6,2.135037737132
2018-10,,,,,153123.0,169.5,2.135037737132
2018-10,,,,,153123.0,168.9,2.135037737132
2018-10,,,,,153123.0,169.2,2.135037737132
2018-10,,,,,153123.0,169.7,2.135037737132
2018-10,,,,,153123.0,169.85,2.135037737132
2018-10,,,,,153123.0,170.1,2.135037737132
2018-10,,,,,153123.0,,2.135037737132
2018-10,,,,,153123.0,170.9,2.135037737132
2018-10,,,,,153123.0,171.0,2.135037737132
2018-10,,,,,153123.0,171.1,2.135037737132
2018-10,,,,,153123.0,170.2,2.135037737132
2018-11,,,,,195582.0,177.0,2.135037737132
2018-11,,,,,195582.0,179.5,2.135037737132
2018-11,,,,,195582.0,179.4,2.135037737132
2018-11,,,,,195582.0,180.1,2.135037737132
2018-11,,,,,195582.0,180.0,2.135037737132
2018-11,,,,,195582.0,179.4,2.135037737132
2018-11,,,,,195582.0,,2.135037737132
2018-11,,,,,195582.0,178.5,2.135037737132
2018-11,,,,,195582.0,177.0,2.135037737132
2018-11,,,,,195582.0,176.5,2.135037737132
2018-11,,,,,195582.0,178.5,2.135037737132
2018-11,,,,,195582.0,175.9,2.135037737132
2018-11,,,,,195582.0,174.0,2.135037737132
2018-11,,,,,195582.0,174.1,2.135037737132
2018-11,,,,,195582.0,174.1,2.135037737132
2018-11,,,,,195582.0,174.1,2.135037737132
2018-11,,,,,195582.0,176.45,2.135037737132
2018-11,,,,,195582.0,174.7,2.135037737132
2018-11,,,,,195582.0,174.9,2.135037737132
2018-11,,,,,195582.0,,2.135037737132
2018-11,,,,,195582.0,175.9,2.135037737132
2018-11,,,,,195582.0,174.5,2.135037737132
2018-12,,,,,253169.0,179.8,2.135037737132
2018-12,,,,,253169.0,182.7,2.135037737132
2018-12,,,,,253169.0,182.1,2.135037737132
2018-12,,,,,253169.0,181.73,2.135037737132
2018-12,,,,,253169.0,,2.135037737132
2018-12,,,,,253169.0,,2.135037737132
2018-12,,,,,253169.0,181.0,2.135037737132
2018-12,,,,,253169.0,180.75,2.135037737132
2018-12,,,,,253169.0,180.1,2.135037737132
2018-12,,,,,253169.0,182.6,2.135037737132
2018-12,,,,,253169.0,179.7,2.135037737132
2018-12,,,,,253169.0,179.5,2.135037737132
2018-12,,,,,253169.0,179.25,2.135037737132
2018-12,,,,,253169.0,179.1,2.135037737132
2018-12,,,,,253169.0,178.7,2.135037737132
2018-12,,,,,253169.0,178.4,2.135037737132
2018-12,,,,,253169.0,179.0,2.135037737132
2018-12,,,,,253169.0,,2.135037737132
2018-12,,,,,253169.0,178.8,2.135037737132
2018-12,,,,,253169.0,178.6,2.135037737132
2018-12,,,,,253169.0,179.6,2.135037737132
2019-01,,,,,244239.0,181.4,3.52839358231811
2019-01,,,,,244239.0,,3.52839358231811
2019-01,,,,,244239.0,182.0,3.52839358231811
2019-01,,,,,244239.0,181.5,3.52839358231811
2019-01,,,,,244239.0,178.15,3.52839358231811
2019-01,,,,,244239.0,181.45,3.52839358231811
2019-01,,,,,244239.0,180.6,3.52839358231811
2019-01,,,,,244239.0,179.15,3.52839358231811
2019-01,,,,,244239.0,181.4,3.52839358231811
2019-01,,,,,244239.0,181.5,3.52839358231811
2019-01,,,,,244239.0,182.2,3.52839358231811
2019-01,,,,,244239.0,182.05,3.52839358231811
2019-01,,,,,244239.0,,3.52839358231811
2019-01,,,,,244239.0,182.8,3.52839358231811
2019-01,,,,,244239.0,182.65,3.52839358231811
2019-01,,,,,244239.0,182.5,3.52839358231811
2019-01,,,,,244239.0,182.1,3.52839358231811
2019-01,,,,,244239.0,,3.52839358231811
2019-01,,,,,244239.0,182.3,3.52839358231811
2019-01,,,,,244239.0,182.1,3.52839358231811
2019-01,,,,,244239.0,181.9,3.52839358231811
2019-01,,,,,244239.0,181.8,3.52839358231811
2019-01,,,,,244239.0,182.5,3.52839358231811
2019-02,,,,,252033.0,,3.52839358231811
2019-02,,,,,252033.0,179.9,3.52839358231811
2019-02,,,,,252033.0,179.7,3.52839358231811
2019-02,,,,,252033.0,179.7,3.52839358231811
2019-02,,,,,252033.0,179.6,3.52839358231811
2019-02,,,,,252033.0,179.3,3.52839358231811
2019-02,,,,,252033.0,179.35,3.52839358231811
2019-02,,,,,252033.0,,3.52839358231811
2019-02,,,,,252033.0,179.4,3.52839358231811
2019-02,,,,,252033.0,178.5,3.52839358231811
2019-02,,,,,252033.0,178.4,3.52839358231811
2019-02,,,,,252033.0,178.3,3.52839358231811
2019-02,,,,,252033.0,178.2,3.52839358231811
2019-02,,,,,252033.0,177.55,3.52839358231811
2019-02,,,,,252033.0,177.5,3.52839358231811
2019-02,,,,,252033.0,177.5,3.52839358231811
2019-02,,,,,252033.0,177.4,3.52839358231811
2019-02,,,,,252033.0,178.0,3.52839358231811
2019-02,,,,,252033.0,176.4,3.52839358231811
2019-02,,,,,252033.0,176.4,3.52839358231811
2019-03,,,,,244328.0,178.4,3.52839358231811
2019-03,,,,,244328.0,177.95,3.52839358231811
2019-03,,,,,244328.0,177.95,3.52839358231811
2019-03,,,,,244328.0,178.05,3.52839358231811
2019-03,,,,,244328.0,175.35,3.52839358231811
2019-03,,,,,244328.0,176.05,3.52839358231811
2019-03,,,,,244328.0,176.1,3.52839358231811
2019-03,,,,,244328.0,178.4,3.52839358231811
2019-03,,,,,244328.0,177.25,3.52839358231811
2019-03,,,,,244328.0,178.4,3.52839358231811
2019-03,,,,,244328.0,178.2,3.52839358231811
2019-03,,,,,244328.0,178.8,3.52839358231811
2019-03,,,,,244328.0,178.8,3.52839358231811
2019-03,,,,,244328.0,178.6,3.52839358231811
2019-03,,,,,244328.0,178.45,3.52839358231811
2019-03,,,,,244328.0,178.4,3.52839358231811
2019-03,,,,,244328.0,178.5,3.52839358231811
2019-03,,,,,244328.0,178.3,3.52839358231811
2019-03,,,,,244328.0,178.85,3.52839358231811
2019-03,,,,,244328.0,179.6,3.52839358231811
2019-03,,,,,244328.0,179.6,3.52839358231811
2019-04,,,,,166975.0,173.95,3.52839358231811
2019-04,,,,,166975.0,173.95,3.52839358231811
2019-04,,,,,166975.0,174.5,3.52839358231811
2019-04,,,,,166975.0,174.5,3.52839358231811
2019-04,,,,,166975.0,174.6,3.52839358231811
2019-04,,,,,166975.0,175.0,3.52839358231811
2019-04,,,,,166975.0,175.2,3.52839358231811
2019-04,,,,,166975.0,175.6,3.52839358231811
2019-04,,,,,166975.0,174.5,3.52839358231811
2019-04,,,,,166975.0,174.7,3.52839358231811
2019-04,,,,,166975.0,176.0,3.52839358231811
2019-04,,,,,166975.0,174.55,3.52839358231811
2019-04,,,,,166975.0,174.5,3.52839358231811
2019-04,,,,,166975.0,174.45,3.52839358231811
2019-04,,,,,166975.0,174.65,3.52839358231811
2019-04,,,,,166975.0,174.55,3.52839358231811
2019-04,,,,,166975.0,174.7,3.52839358231811
2019-04,,,,,166975.0,174.5,3.52839358231811
2019-04,,,,,166975.0,174.6,3.52839358231811
2019-04,,,,,166975.0,174.4,3.52839358231811
2019-04,,,,,166975.0,174.25,3.52839358231811
2019-04,,,,,166975.0,174.5,3.52839358231811
2019-05,,,,,37802.0,176.35,3.52839358231811
2019-05,,,,,37802.0,176.07,3.52839358231811
2019-05,,,,,37802.0,176.35,3.52839358231811
2019-05,,,,,37802.0,176.35,3.52839358231811
2019-05,,,,,37802.0,175.7,3.52839358231811
2019-05,,,,,37802.0,176.15,3.52839358231811
2019-05,,,,,37802.0,176.15,3.52839358231811
2019-05,,,,,37802.0,176.25,3.52839358231811
2019-05,,,,,37802.0,176.26,3.52839358231811
2019-05,,,,,37802.0,,3.52839358231811
2019-05,,,,,37802.0,175.7,3.52839358231811
2019-05,,,,,37802.0,176.4,3.52839358231811
2019-05,,,,,37802.0,176.1,3.52839358231811
2019-05,,,,,37802.0,175.9,3.52839358231811
2019-05,,,,,37802.0,177.15,3.52839358231811
2019-05,,,,,37802.0,177.2,3.52839358231811
2019-05,,,,,37802.0,176.75,3.52839358231811
2019-05,,,,,37802.0,176.0,3.52839358231811
2019-05,,,,,37802.0,175.2,3.52839358231811
2019-05,,,,,37802.0,175.98,3.52839358231811
2019-05,,,,,37802.0,176.5,3.52839358231811
2019-05,,,,,37802.0,176.39,3.52839358231811
2019-05,,,,,37802.0,174.4,3.52839358231811
2019-06,,,,,63072.0,176.66,3.52839358231811
2019-06,,,,,63072.0,176.35,3.52839358231811
2019-06,,,,,63072.0,176.5,3.52839358231811
2019-06,,,,,63072.0,176.5,3.52839358231811
2019-06,,,,,63072.0,176.39,3.52839358231811
2019-06,,,,,63072.0,176.4,3.52839358231811
2019-06,,,,,63072.0,176.55,3.52839358231811
2019-06,,,,,63072.0,176.65,3.52839358231811
2019-06,,,,,63072.0,176.66,3.52839358231811
2019-06,,,,,63072.0,176.7,3.52839358231811
2019-06,,,,,63072.0,176.68,3.52839358231811
2019-06,,,,,63072.0,176.5,3.52839358231811
2019-06,,,,,63072.0,176.44,3.52839358231811
2019-06,,,,,63072.0,176.39,3.52839358231811
2019-06,,,,,63072.0,176.3,3.52839358231811
2019-06,,,,,63072.0,176.25,3.52839358231811
2019-06,,,,,63072.0,176.35,3.52839358231811
2019-06,,,,,63072.0,176.25,3.52839358231811
2019-06,,,,,63072.0,176.35,3.52839358231811
2019-06,,,,,63072.0,176.4,3.52839358231811
2019-07,,,,,115701.0,175.75,3.52839358231811
2019-07,,,,,115701.0,175.75,3.52839358231811
2019-07,,,,,115701.0,176.0,3.52839358231811
2019-07,,,,,115701.0,176.16,3.52839358231811
2019-07,,,,,115701.0,176.15,3.52839358231811
2019-07,,,,,115701.0,176.1,3.52839358231811
2019-07,,,,,115701.0,176.11,3.52839358231811
2019-07,,,,,115701.0,176.3,3.52839358231811
2019-07,,,,,115701.0,175.65,3.52839358231811
2019-07,,,,,115701.0,176.1,3.52839358231811
2019-07,,,,,115701.0,175.6,3.52839358231811
2019-07,,,,,115701.0,176.25,3.52839358231811
2019-07,,,,,115701.0,175.6,3.52839358231811
2019-07,,,,,115701.0,175.4,3.52839358231811
2019-07,,,,,115701.0,175.3,3.52839358231811
2019-07,,,,,115701.0,175.3,3.52839358231811
2019-07,,,,,115701.0,175.6,3.52839358231811
2019-07,,,,,115701.0,176.1,3.52839358231811
2019-07,,,,,115701.0,176.05,3.52839358231811
2019-07,,,,,115701.0,,3.52839358231811
2019-07,,,,,115701.0,175.95,3.52839358231811
2019-07,,,,,115701.0,176.2,3.52839358231811
2019-07,,,,,115701.0,176.01,3.52839358231811
2019-08,,,,,143587.0,177.9,3.52839358231811
2019-08,,,,,143587.0,178.75,3.52839358231811
2019-08,,,,,143587.0,179.4,3.52839358231811
2019-08,,,,,143587.0,179.81,3.52839358231811
2019-08,,,,,143587.0,177.3,3.52839358231811
2019-08,,,,,143587.0,179.65,3.52839358231811
2019-08,,,,,143587.0,180.2,3.52839358231811
2019-08,,,,,143587.0,180.25,3.52839358231811
2019-08,,,,,143587.0,179.2,3.52839358231811
2019-08,,,,,143587.0,179.5,3.52839358231811
2019-08,,,,,143587.0,177.1,3.52839358231811
2019-08,,,,,143587.0,176.44,3.52839358231811
2019-08,,,,,143587.0,176.85,3.52839358231811
2019-08,,,,,143587.0,176.6,3.52839358231811
2019-08,,,,,143587.0,176.8,3.52839358231811
2019-08,,,,,143587.0,177.35,3.52839358231811
2019-08,,,,,143587.0,177.3,3.52839358231811
2019-08,,,,,143587.0,177.1,3.52839358231811
2019-08,,,,,143587.0,176.75,3.52839358231811
2019-08,,,,,143587.0,176.75,3.52839358231811
2019-08,,,,,143587.0,176.85,3.52839358231811
2019-08,,,,,143587.0,176.8,3.52839358231811
2019-09,,,,,108575.0,182.0,3.52839358231811
2019-09,,,,,108575.0,181.8,3.52839358231811
2019-09,,,,,108575.0,181.65,3.52839358231811
2019-09,,,,,108575.0,181.44,3.52839358231811
2019-09,,,,,108575.0,181.05,3.52839358231811
2019-09,,,,,108575.0,181.4,3.52839358231811
2019-09,,,,,108575.0,181.1,3.52839358231811
2019-09,,,,,108575.0,180.65,3.52839358231811
2019-09,,,,,108575.0,180.55,3.52839358231811
2019-09,,,,,108575.0,180.35,3.52839358231811
2019-09,,,,,108575.0,180.85,3.52839358231811
2019-09,,,,,108575.0,180.3,3.52839358231811
2019-09,,,,,108575.0,180.27,3.52839358231811
2019-09,,,,,108575.0,180.3,3.52839358231811
2019-09,,,,,108575.0,180.4,3.52839358231811
2019-09,,,,,108575.0,180.8,3.52839358231811
2019-09,,,,,108575.0,180.65,3.52839358231811
2019-09,,,,,108575.0,180.45,3.52839358231811
2019-09,,,,,108575.0,180.2,3.52839358231811
2019-09,,,,,108575.0,,3.52839358231811
2019-09,,,,,108575.0,179.74,3.52839358231811
2019-10,,,,,118743.0,181.7,3.52839358231811
2019-10,,,,,118743.0,181.55,3.52839358231811
2019-10,,,,,118743.0,181.3,3.52839358231811
2019-10,,,,,118743.0,181.1,3.52839358231811
2019-10,,,,,118743.0,181.5,3.52839358231811
2019-10,,,,,118743.0,181.05,3.52839358231811
2019-10,,,,,118743.0,181.35,3.52839358231811
2019-10,,,,,118743.0,181.45,3.52839358231811
2019-10,,,,,118743.0,181.9,3.52839358231811
2019-10,,,,,118743.0,181.2,3.52839358231811
2019-10,,,,,118743.0,181.9,3.52839358231811
2019-10,,,,,118743.0,181.35,3.52839358231811
2019-10,,,,,118743.0,181.65,3.52839358231811
2019-10,,,,,118743.0,181.9,3.52839358231811
2019-10,,,,,118743.0,181.7,3.52839358231811
2019-10,,,,,118743.0,181.37,3.52839358231811
2019-10,,,,,118743.0,180.87,3.52839358231811
2019-10,,,,,118743.0,182.2,3.52839358231811
2019-10,,,,,118743.0,180.45,3.52839358231811
2019-10,,,,,118743.0,180.5,3.52839358231811
2019-10,,,,,118743.0,180.65,3.52839358231811
2019-10,,,,,118743.0,,3.52839358231811
2019-10,,,,,118743.0,180.3,3.52839358231811
2019-11,,,,,176984.0,179.45,3.52839358231811
2019-11,,,,,176984.0,,3.52839358231811
2019-11,,,,,176984.0,180.95,3.52839358231811
2019-11,,,,,176984.0,181.5,3.52839358231811
2019-11,,,,,176984.0,180.85,3.52839358231811
2019-11,,,,,176984.0,179.93,3.52839358231811
2019-11,,,,,176984.0,179.6,3.52839358231811
2019-11,,,,,176984.0,179.2,3.52839358231811
2019-11,,,,,176984.0,179.25,3.52839358231811
2019-11,,,,,176984.0,180.85,3.52839358231811
2019-11,,,,,176984.0,180.06,3.52839358231811
2019-11,,,,,176984.0,180.2,3.52839358231811
2019-11,,,,,176984.0,181.1,3.52839358231811
2019-11,,,,,176984.0,180.45,3.52839358231811
2019-11,,,,,176984.0,180.2,3.52839358231811
2019-11,,,,,176984.0,180.5,3.52839358231811
2019-11,,,,,176984.0,180.3,3.52839358231811
2019-11,,,,,176984.0,180.5,3.52839358231811
2019-11,,,,,176984.0,,3.52839358231811
2019-11,,,,,176984.0,180.33,3.52839358231811
2019-11,,,,,176984.0,180.69,3.52839358231811
2019-12,,,,,241663.0,181.1,3.52839358231811
2019-12,,,,,241663.0,181.6,3.52839358231811
2019-12,,,,,241663.0,181.35,3.52839358231811
2019-12,,,,,241663.0,181.3,3.52839358231811
2019-12,,,,,241663.0,,3.52839358231811
2019-12,,,,,241663.0,181.3,3.52839358231811
2019-12,,,,,241663.0,181.25,3.52839358231811
2019-12,,,,,241663.0,181.0,3.52839358231811
2019-12,,,,,241663.0,181.4,3.52839358231811
2019-12,,,,,241663.0,181.1,3.52839358231811
2019-12,,,,,241663.0,181.3,3.52839358231811
2019-12,,,,,241663.0,181.0,3.52839358231811
2019-12,,,,,241663.0,181.25,3.52839358231811
2019-12,,,,,241663.0,181.5,3.52839358231811
2019-12,,,,,241663.0,181.14,3.52839358231811
2019-12,,,,,241663.0,181.4,3.52839358231811
2019-12,,,,,241663.0,181.07,3.52839358231811
2019-12,,,,,241663.0,181.13,3.52839358231811
2019-12,,,,,241663.0,181.03,3.52839358231811
2019-12,,,,,241663.0,181.03,3.52839358231811
2019-12,,,,,241663.0,180.8,3.52839358231811
2019-12,,,,,241663.0,181.1,3.52839358231811
2020-01,,,,,228434.0,181.16,6.15394508391738
2020-01,,,,,228434.0,181.4,6.15394508391738
2020-01,,,,,228434.0,181.4,6.15394508391738
2020-01,,,,,228434.0,181.17,6.15394508391738
2020-01,,,,,228434.0,181.4,6.15394508391738
2020-01,,,,,228434.0,181.5,6.15394508391738
2020-01,,,,,228434.0,181.45,6.15394508391738
2020-01,,,,,228434.0,181.35,6.15394508391738
2020-01,,,,,228434.0,181.35,6.15394508391738
2020-01,,,,,228434.0,,6.15394508391738
2020-01,,,,,228434.0,181.35,6.15394508391738
2020-01,,,,,228434.0,181.39,6.15394508391738
2020-01,,,,,228434.0,181.39,6.15394508391738
2020-01,,,,,228434.0,181.39,6.15394508391738
2020-01,,,,,228434.0,181.16,6.15394508391738
2020-01,,,,,228434.0,181.2,6.15394508391738
2020-01,,,,,228434.0,181.2,6.15394508391738
2020-01,,,,,228434.0,,6.15394508391738
2020-01,,,,,228434.0,181.5,6.15394508391738
2020-01,,,,,228434.0,181.3,6.15394508391738
2020-01,,,,,228434.0,181.09,6.15394508391738
2020-01,,,,,228434.0,181.45,6.15394508391738
2020-01,,,,,228434.0,181.16,6.15394508391738
2020-02,8.0,0.2639956921339035,0.7832855463498862,0.5800578230674989,207507.0,181.5,6.15394508391738
2020-02,8.0,0.2639956921339035,0.7832855463498862,0.5800578230674989,207507.0,181.85,6.15394508391738
2020-02,8.0,0.2639956921339035,0.7832855463498862,0.5800578230674989,207507.0,181.75,6.15394508391738
2020-02,8.0,0.2639956921339035,0.7832855463498862,0.5800578230674989,207507.0,181.6,6.15394508391738
2020-02,8.0,0.2639956921339035,0.7832855463498862,0.5800578230674989,207507.0,181.6,6.15394508391738
2020-02,8.0,0.2639956921339035,0.7832855463498862,0.5800578230674989,207507.0,181.65,6.15394508391738
2020-02,8.0,0.2639956921339035,0.7832855463498862,0.5800578230674989,207507.0,181.55,6.15394508391738
2020-02,8.0,0.2639956921339035,0.7832855463498862,0.5800578230674989,207507.0,181.9,6.15394508391738
2020-02,8.0,0.2639956921339035,0.7832855463498862,0.5800578230674989,207507.0,,6.15394508391738
2020-02,8.0,0.2639956921339035,0.7832855463498862,0.5800578230674989,207507.0,181.35,6.15394508391738
2020-02,8.0,0.2639956921339035,0.7832855463498862,0.5800578230674989,207507.0,181.4,6.15394508391738
2020-02,8.0,0.2639956921339035,0.7832855463498862,0.5800578230674989,207507.0,181.4,6.15394508391738
2020-02,8.0,0.2639956921339035,0.7832855463498862,0.5800578230674989,207507.0,181.39,6.15394508391738
2020-02,8.0,0.2639956921339035,0.7832855463498862,0.5800578230674989,207507.0,181.39,6.15394508391738
2020-02,8.0,0.2639956921339035,0.7832855463498862,0.5800578230674989,207507.0,181.3,6.15394508391738
2020-02,8.0,0.2639956921339035,0.7832855463498862,0.5800578230674989,207507.0,181.41,6.15394508391738
2020-02,8.0,0.2639956921339035,0.7832855463498862,0.5800578230674989,207507.0,181.39,6.15394508391738
2020-02,8.0,0.2639956921339035,0.7832855463498862,0.5800578230674989,207507.0,181.4,6.15394508391738
2020-02,8.0,0.2639956921339035,0.7832855463498862,0.5800578230674989,207507.0,181.35,6.15394508391738
2020-02,8.0,0.2639956921339035,0.7832855463498862,0.5800578230674989,207507.0,181.35,6.15394508391738
2020-03,50.0,-0.1479393148422241,0.6283758356435967,-0.581671590184331,71370.0,187.0,6.15394508391738
2020-03,50.0,-0.1479393148422241,0.6283758356435967,-0.581671590184331,71370.0,186.69,6.15394508391738
2020-03,50.0,-0.1479393148422241,0.6283758356435967,-0.581671590184331,71370.0,186.69,6.15394508391738
2020-03,50.0,-0.1479393148422241,0.6283758356435967,-0.581671590184331,71370.0,186.69,6.15394508391738
2020-03,50.0,-0.1479393148422241,0.6283758356435967,-0.581671590184331,71370.0,186.69,6.15394508391738
2020-03,50.0,-0.1479393148422241,0.6283758356435967,-0.581671590184331,71370.0,186.69,6.15394508391738
2020-03,50.0,-0.1479393148422241,0.6283758356435967,-0.581671590184331,71370.0,186.69,6.15394508391738
2020-03,50.0,-0.1479393148422241,0.6283758356435967,-0.581671590184331,71370.0,186.69,6.15394508391738
2020-03,50.0,-0.1479393148422241,0.6283758356435967,-0.581671590184331,71370.0,186.33,6.15394508391738
2020-03,50.0,-0.1479393148422241,0.6283758356435967,-0.581671590184331,71370.0,185.65,6.15394508391738
2020-03,50.0,-0.1479393148422241,0.6283758356435967,-0.581671590184331,71370.0,184.8,6.15394508391738
2020-03,50.0,-0.1479393148422241,0.6283758356435967,-0.581671590184331,71370.0,183.9,6.15394508391738
2020-03,50.0,-0.1479393148422241,0.6283758356435967,-0.581671590184331,71370.0,183.61,6.15394508391738
2020-03,50.0,-0.1479393148422241,0.6283758356435967,-0.581671590184331,71370.0,182.75,6.15394508391738
2020-03,50.0,-0.1479393148422241,0.6283758356435967,-0.581671590184331,71370.0,182.49,6.15394508391738
2020-03,50.0,-0.1479393148422241,0.6283758356435967,-0.581671590184331,71370.0,182.4,6.15394508391738
2020-03,50.0,-0.1479393148422241,0.6283758356435967,-0.581671590184331,71370.0,181.55,6.15394508391738
2020-03,50.0,-0.1479393148422241,0.6283758356435967,-0.581671590184331,71370.0,181.85,6.15394508391738
2020-03,50.0,-0.1479393148422241,0.6283758356435967,-0.581671590184331,71370.0,181.8,6.15394508391738
2020-03,50.0,-0.1479393148422241,0.6283758356435967,-0.581671590184331,71370.0,181.95,6.15394508391738
2020-03,50.0,-0.1479393148422241,0.6283758356435967,-0.581671590184331,71370.0,182.0,6.15394508391738
2020-03,50.0,-0.1479393148422241,0.6283758356435967,-0.581671590184331,71370.0,182.1,6.15394508391738
2020-04,45.0,-0.2510949479209052,0.5526629227206161,-0.9613525120592512,0.0,192.0,6.15394508391738
2020-04,45.0,-0.2510949479209052,0.5526629227206161,-0.9613525120592512,0.0,193.0,6.15394508391738
2020-04,45.0,-0.2510949479209052,0.5526629227206161,-0.9613525120592512,0.0,192.5,6.15394508391738
2020-04,45.0,-0.2510949479209052,0.5526629227206161,-0.9613525120592512,0.0,192.41,6.15394508391738
2020-04,45.0,-0.2510949479209052,0.5526629227206161,-0.9613525120592512,0.0,192.0,6.15394508391738
2020-04,45.0,-0.2510949479209052,0.5526629227206161,-0.9613525120592512,0.0,192.2,6.15394508391738
2020-04,45.0,-0.2510949479209052,0.5526629227206161,-0.9613525120592512,0.0,191.88,6.15394508391738
2020-04,45.0,-0.2510949479209052,0.5526629227206161,-0.9613525120592512,0.0,191.88,6.15394508391738
2020-04,45.0,-0.2510949479209052,0.5526629227206161,-0.9613525120592512,0.0,191.5,6.15394508391738
2020-04,45.0,-0.2510949479209052,0.5526629227206161,-0.9613525120592512,0.0,192.33,6.15394508391738
2020-04,45.0,-0.2510949479209052,0.5526629227206161,-0.9613525120592512,0.0,191.5,6.15394508391738
2020-04,45.0,-0.2510949479209052,0.5526629227206161,-0.9613525120592512,0.0,190.1,6.15394508391738
2020-04,45.0,-0.2510949479209052,0.5526629227206161,-0.9613525120592512,0.0,191.6,6.15394508391738
2020-04,45.0,-0.2510949479209052,0.5526629227206161,-0.9613525120592512,0.0,191.6,6.15394508391738
2020-04,45.0,-0.2510949479209052,0.5526629227206161,-0.9613525120592512,0.0,186.69,6.15394508391738
2020-04,45.0,-0.2510949479209052,0.5526629227206161,-0.9613525120592512,0.0,193.0,6.15394508391738
2020-04,45.0,-0.2510949479209052,0.5526629227206161,-0.9613525120592512,0.0,191.6,6.15394508391738
2020-04,45.0,-0.2510949479209052,0.5526629227206161,-0.9613525120592512,0.0,186.69,6.15394508391738
2020-04,45.0,-0.2510949479209052,0.5526629227206161,-0.9613525120592512,0.0,190.5,6.15394508391738
2020-04,45.0,-0.2510949479209052,0.5526629227206161,-0.9613525120592512,0.0,191.6,6.15394508391738
2020-04,45.0,-0.2510949479209052,0.5526629227206161,-0.9613525120592512,0.0,191.6,6.15394508391738
2020-04,45.0,-0.2510949479209052,0.5526629227206161,-0.9613525120592512,0.0,191.6,6.15394508391738
2020-05,38.0,-0.1801173451699708,0.6166224947072773,-0.6598709975674001,0.0,187.4,6.15394508391738
2020-05,38.0,-0.1801173451699708,0.6166224947072773,-0.6598709975674001,0.0,186.2,6.15394508391738
2020-05,38.0,-0.1801173451699708,0.6166224947072773,-0.6598709975674001,0.0,186.3,6.15394508391738
2020-05,38.0,-0.1801173451699708,0.6166224947072773,-0.6598709975674001,0.0,186.2,6.15394508391738
2020-05,38.0,-0.1801173451699708,0.6166224947072773,-0.6598709975674001,0.0,186.0,6.15394508391738
2020-05,38.0,-0.1801173451699708,0.6166224947072773,-0.6598709975674001,0.0,,6.15394508391738
2020-05,38.0,-0.1801173451699708,0.6166224947072773,-0.6598709975674001,0.0,185.5,6.15394508391738
2020-05,38.0,-0.1801173451699708,0.6166224947072773,-0.6598709975674001,0.0,186.5,6.15394508391738
2020-05,38.0,-0.1801173451699708,0.6166224947072773,-0.6598709975674001,0.0,187.4,6.15394508391738
2020-05,38.0,-0.1801173451699708,0.6166224947072773,-0.6598709975674001,0.0,187.42,6.15394508391738
2020-05,38.0,-0.1801173451699708,0.6166224947072773,-0.6598709975674001,0.0,187.0,6.15394508391738
2020-05,38.0,-0.1801173451699708,0.6166224947072773,-0.6598709975674001,0.0,188.0,6.15394508391738
2020-05,38.0,-0.1801173451699708,0.6166224947072773,-0.6598709975674001,0.0,188.0,6.15394508391738
2020-05,38.0,-0.1801173451699708,0.6166224947072773,-0.6598709975674001,0.0,188.0,6.15394508391738
2020-05,38.0,-0.1801173451699708,0.6166224947072773,-0.6598709975674001,0.0,187.58,6.15394508391738
2020-05,38.0,-0.1801173451699708,0.6166224947072773,-0.6598709975674001,0.0,187.58,6.15394508391738
2020-05,38.0,-0.1801173451699708,0.6166224947072773,-0.6598709975674001,0.0,187.58,6.15394508391738
2020-05,38.0,-0.1801173451699708,0.6166224947072773,-0.6598709975674001,0.0,188.6,6.15394508391738
2020-05,38.0,-0.1801173451699708,0.6166224947072773,-0.6598709975674001,0.0,190.21,6.15394508391738
2020-05,38.0,-0.1801173451699708,0.6166224947072773,-0.6598709975674001,0.0,191.88,6.15394508391738
2020-05,38.0,-0.1801173451699708,0.6166224947072773,-0.6598709975674001,0.0,187.5,6.15394508391738
2020-06,51.0,-0.1641819699137818,0.7139892165258925,-0.6487229773261555,0.0,186.55,6.15394508391738
2020-06,51.0,-0.1641819699137818,0.7139892165258925,-0.6487229773261555,0.0,186.17,6.15394508391738
2020-06,51.0,-0.1641819699137818,0.7139892165258925,-0.6487229773261555,0.0,186.55,6.15394508391738
2020-06,51.0,-0.1641819699137818,0.7139892165258925,-0.6487229773261555,0.0,186.5,6.15394508391738
2020-06,51.0,-0.1641819699137818,0.7139892165258925,-0.6487229773261555,0.0,186.1,6.15394508391738
2020-06,51.0,-0.1641819699137818,0.7139892165258925,-0.6487229773261555,0.0,186.41,6.15394508391738
2020-06,51.0,-0.1641819699137818,0.7139892165258925,-0.6487229773261555,0.0,186.35,6.15394508391738
2020-06,51.0,-0.1641819699137818,0.7139892165258925,-0.6487229773261555,0.0,186.33,6.15394508391738
2020-06,51.0,-0.1641819699137818,0.7139892165258925,-0.6487229773261555,0.0,186.13,6.15394508391738
2020-06,51.0,-0.1641819699137818,0.7139892165258925,-0.6487229773261555,0.0,186.53,6.15394508391738
2020-06,51.0,-0.1641819699137818,0.7139892165258925,-0.6487229773261555,0.0,186.0,6.15394508391738
2020-06,51.0,-0.1641819699137818,0.7139892165258925,-0.6487229773261555,0.0,185.4,6.15394508391738
2020-06,51.0,-0.1641819699137818,0.7139892165258925,-0.6487229773261555,0.0,185.2,6.15394508391738
2020-06,51.0,-0.1641819699137818,0.7139892165258925,-0.6487229773261555,0.0,186.0,6.15394508391738
2020-06,51.0,-0.1641819699137818,0.7139892165258925,-0.6487229773261555,0.0,185.8,6.15394508391738
2020-06,51.0,-0.1641819699137818,0.7139892165258925,-0.6487229773261555,0.0,185.75,6.15394508391738
2020-06,51.0,-0.1641819699137818,0.7139892165258925,-0.6487229773261555,0.0,185.33,6.15394508391738
2020-06,51.0,-0.1641819699137818,0.7139892165258925,-0.6487229773261555,0.0,185.9,6.15394508391738
2020-06,51.0,-0.1641819699137818,0.7139892165258925,-0.6487229773261555,0.0,185.0,6.15394508391738
2020-06,51.0,-0.1641819699137818,0.7139892165258925,-0.6487229773261555,0.0,185.0,6.15394508391738
2020-06,51.0,-0.1641819699137818,0.7139892165258925,-0.6487229773261555,0.0,185.1,6.15394508391738
2020-06,51.0,-0.1641819699137818,0.7139892165258925,-0.6487229773261555,0.0,185.05,6.15394508391738
2020-07,35.0,0.1595275061471121,0.6267219084476369,0.57166983948285,0.0,185.07,6.15394508391738
2020-07,35.0,0.1595275061471121,0.6267219084476369,0.57166983948285,0.0,185.7,6.15394508391738
2020-07,35.0,0.1595275061471121,0.6267219084476369,0.57166983948285,0.0,185.7,6.15394508391738
2020-07,35.0,0.1595275061471121,0.6267219084476369,0.57166983948285,0.0,185.75,6.15394508391738
2020-07,35.0,0.1595275061471121,0.6267219084476369,0.57166983948285,0.0,185.7,6.15394508391738
2020-07,35.0,0.1595275061471121,0.6267219084476369,0.57166983948285,0.0,185.75,6.15394508391738
2020-07,35.0,0.1595275061471121,0.6267219084476369,0.57166983948285,0.0,185.75,6.15394508391738
2020-07,35.0,0.1595275061471121,0.6267219084476369,0.57166983948285,0.0,185.75,6.15394508391738
2020-07,35.0,0.1595275061471121,0.6267219084476369,0.57166983948285,0.0,185.75,6.15394508391738
2020-07,35.0,0.1595275061471121,0.6267219084476369,0.57166983948285,0.0,185.75,6.15394508391738
2020-07,35.0,0.1595275061471121,0.6267219084476369,0.57166983948285,0.0,185.6,6.15394508391738
2020-07,35.0,0.1595275061471121,0.6267219084476369,0.57166983948285,0.0,185.7,6.15394508391738
2020-07,35.0,0.1595275061471121,0.6267219084476369,0.57166983948285,0.0,185.8,6.15394508391738
2020-07,35.0,0.1595275061471121,0.6267219084476369,0.57166983948285,0.0,185.85,6.15394508391738
2020-07,35.0,0.1595275061471121,0.6267219084476369,0.57166983948285,0.0,185.63,6.15394508391738
2020-07,35.0,0.1595275061471121,0.6267219084476369,0.57166983948285,0.0,185.63,6.15394508391738
2020-07,35.0,0.1595275061471121,0.6267219084476369,0.57166983948285,0.0,185.75,6.15394508391738
2020-07,35.0,0.1595275061471121,0.6267219084476369,0.57166983948285,0.0,185.85,6.15394508391738
2020-07,35.0,0.1595275061471121,0.6267219084476369,0.57166983948285,0.0,185.75,6.15394508391738
2020-07,35.0,0.1595275061471121,0.6267219084476369,0.57166983948285,0.0,,6.15394508391738
2020-07,35.0,0.1595275061471121,0.6267219084476369,0.57166983948285,0.0,186.05,6.15394508391738
2020-07,35.0,0.1595275061471121,0.6267219084476369,0.57166983948285,0.0,186.15,6.15394508391738
2020-07,35.0,0.1595275061471121,0.6267219084476369,0.57166983948285,0.0,185.8,6.15394508391738
2020-08,40.0,0.3558568373322487,0.6285958256726825,1.3215000108627777,0.0,186.1,6.15394508391738
2020-08,40.0,0.3558568373322487,0.6285958256726825,1.3215000108627777,0.0,184.35,6.15394508391738
2020-08,40.0,0.3558568373322487,0.6285958256726825,1.3215000108627777,0.0,184.5,6.15394508391738
2020-08,40.0,0.3558568373322487,0.6285958256726825,1.3215000108627777,0.0,184.9,6.15394508391738
2020-08,40.0,0.3558568373322487,0.6285958256726825,1.3215000108627777,0.0,184.23,6.15394508391738
2020-08,40.0,0.3558568373322487,0.6285958256726825,1.3215000108627777,0.0,186.2,6.15394508391738
2020-08,40.0,0.3558568373322487,0.6285958256726825,1.3215000108627777,0.0,185.9,6.15394508391738
2020-08,40.0,0.3558568373322487,0.6285958256726825,1.3215000108627777,0.0,186.3,6.15394508391738
2020-08,40.0,0.3558568373322487,0.6285958256726825,1.3215000108627777,0.0,186.4,6.15394508391738
2020-08,40.0,0.3558568373322487,0.6285958256726825,1.3215000108627777,0.0,183.13,6.15394508391738
2020-08,40.0,0.3558568373322487,0.6285958256726825,1.3215000108627777,0.0,185.8,6.15394508391738
2020-08,40.0,0.3558568373322487,0.6285958256726825,1.3215000108627777,0.0,182.8,6.15394508391738
2020-08,40.0,0.3558568373322487,0.6285958256726825,1.3215000108627777,0.0,182.9,6.15394508391738
2020-08,40.0,0.3558568373322487,0.6285958256726825,1.3215000108627777,0.0,183.95,6.15394508391738
2020-08,40.0,0.3558568373322487,0.6285958256726825,1.3215000108627777,0.0,184.7,6.15394508391738
2020-08,40.0,0.3558568373322487,0.6285958256726825,1.3215000108627777,0.0,185.2,6.15394508391738
2020-08,40.0,0.3558568373322487,0.6285958256726825,1.3215000108627777,0.0,185.4,6.15394508391738
2020-08,40.0,0.3558568373322487,0.6285958256726825,1.3215000108627777,0.0,185.45,6.15394508391738
2020-08,40.0,0.3558568373322487,0.6285958256726825,1.3215000108627777,0.0,185.5,6.15394508391738
2020-08,40.0,0.3558568373322487,0.6285958256726825,1.3215000108627777,0.0,185.07,6.15394508391738
2020-08,40.0,0.3558568373322487,0.6285958256726825,1.3215000108627777,0.0,183.13,6.15394508391738
2020-09,43.0,0.0171979166740594,0.6606225835396025,0.0650801780029659,0.0,185.45,6.15394508391738
2020-09,43.0,0.0171979166740594,0.6606225835396025,0.0650801780029659,0.0,185.47,6.15394508391738
2020-09,43.0,0.0171979166740594,0.6606225835396025,0.0650801780029659,0.0,185.3,6.15394508391738
2020-09,43.0,0.0171979166740594,0.6606225835396025,0.0650801780029659,0.0,184.8,6.15394508391738
2020-09,43.0,0.0171979166740594,0.6606225835396025,0.0650801780029659,0.0,185.1,6.15394508391738
2020-09,43.0,0.0171979166740594,0.6606225835396025,0.0650801780029659,0.0,185.2,6.15394508391738
2020-09,43.0,0.0171979166740594,0.6606225835396025,0.0650801780029659,0.0,185.0,6.15394508391738
2020-09,43.0,0.0171979166740594,0.6606225835396025,0.0650801780029659,0.0,185.17,6.15394508391738
2020-09,43.0,0.0171979166740594,0.6606225835396025,0.0650801780029659,0.0,184.9,6.15394508391738
2020-09,43.0,0.0171979166740594,0.6606225835396025,0.0650801780029659,0.0,185.1,6.15394508391738
2020-09,43.0,0.0171979166740594,0.6606225835396025,0.0650801780029659,0.0,184.9,6.15394508391738
2020-09,43.0,0.0171979166740594,0.6606225835396025,0.0650801780029659,0.0,185.3,6.15394508391738
2020-09,43.0,0.0171979166740594,0.6606225835396025,0.0650801780029659,0.0,184.2,6.15394508391738
2020-09,43.0,0.0171979166740594,0.6606225835396025,0.0650801780029659,0.0,185.8,6.15394508391738
2020-09,43.0,0.0171979166740594,0.6606225835396025,0.0650801780029659,0.0,185.2,6.15394508391738
2020-09,43.0,0.0171979166740594,0.6606225835396025,0.0650801780029659,0.0,185.05,6.15394508391738
2020-09,43.0,0.0171979166740594,0.6606225835396025,0.0650801780029659,0.0,,6.15394508391738
2020-09,43.0,0.0171979166740594,0.6606225835396025,0.0650801780029659,0.0,184.3,6.15394508391738
2020-09,43.0,0.0171979166740594,0.6606225835396025,0.0650801780029659,0.0,184.35,6.15394508391738
2020-09,43.0,0.0171979166740594,0.6606225835396025,0.0650801780029659,0.0,184.7,6.15394508391738
2020-09,43.0,0.0171979166740594,0.6606225835396025,0.0650801780029659,0.0,184.45,6.15394508391738
2020-09,43.0,0.0171979166740594,0.6606225835396025,0.0650801780029659,0.0,184.25,6.15394508391738
2020-10,46.0,-0.2087729456632033,0.5993812023024634,-0.8038066560471268,0.0,184.25,6.15394508391738
2020-10,46.0,-0.2087729456632033,0.5993812023024634,-0.8038066560471268,0.0,184.3,6.15394508391738
2020-10,46.0,-0.2087729456632033,0.5993812023024634,-0.8038066560471268,0.0,184.3,6.15394508391738
2020-10,46.0,-0.2087729456632033,0.5993812023024634,-0.8038066560471268,0.0,184.3,6.15394508391738
2020-10,46.0,-0.2087729456632033,0.5993812023024634,-0.8038066560471268,0.0,184.3,6.15394508391738
2020-10,46.0,-0.2087729456632033,0.5993812023024634,-0.8038066560471268,0.0,184.35,6.15394508391738
2020-10,46.0,-0.2087729456632033,0.5993812023024634,-0.8038066560471268,0.0,184.25,6.15394508391738
2020-10,46.0,-0.2087729456632033,0.5993812023024634,-0.8038066560471268,0.0,184.5,6.15394508391738
2020-10,46.0,-0.2087729456632033,0.5993812023024634,-0.8038066560471268,0.0,184.35,6.15394508391738
2020-10,46.0,-0.2087729456632033,0.5993812023024634,-0.8038066560471268,0.0,184.2,6.15394508391738
2020-10,46.0,-0.2087729456632033,0.5993812023024634,-0.8038066560471268,0.0,184.16,6.15394508391738
2020-10,46.0,-0.2087729456632033,0.5993812023024634,-0.8038066560471268,0.0,184.65,6.15394508391738
2020-10,46.0,-0.2087729456632033,0.5993812023024634,-0.8038066560471268,0.0,184.8,6.15394508391738
2020-10,46.0,-0.2087729456632033,0.5993812023024634,-0.8038066560471268,0.0,184.4,6.15394508391738
2020-10,46.0,-0.2087729456632033,0.5993812023024634,-0.8038066560471268,0.0,184.65,6.15394508391738
2020-10,46.0,-0.2087729456632033,0.5993812023024634,-0.8038066560471268,0.0,184.55,6.15394508391738
2020-10,46.0,-0.2087729456632033,0.5993812023024634,-0.8038066560471268,0.0,184.5,6.15394508391738
2020-10,46.0,-0.2087729456632033,0.5993812023024634,-0.8038066560471268,0.0,184.15,6.15394508391738
2020-10,46.0,-0.2087729456632033,0.5993812023024634,-0.8038066560471268,0.0,184.2,6.15394508391738
2020-10,46.0,-0.2087729456632033,0.5993812023024634,-0.8038066560471268,0.0,,6.15394508391738
2020-10,46.0,-0.2087729456632033,0.5993812023024634,-0.8038066560471268,0.0,184.35,6.15394508391738
2020-10,46.0,-0.2087729456632033,0.5993812023024634,-0.8038066560471268,0.0,184.4,6.15394508391738
2020-11,29.0,-0.0551029752040731,0.55699915735243,-0.1874160949858883,0.0,185.1,6.15394508391738
2020-11,29.0,-0.0551029752040731,0.55699915735243,-0.1874160949858883,0.0,,6.15394508391738
2020-11,29.0,-0.0551029752040731,0.55699915735243,-0.1874160949858883,0.0,,6.15394508391738
2020-11,29.0,-0.0551029752040731,0.55699915735243,-0.1874160949858883,0.0,185.6,6.15394508391738
2020-11,29.0,-0.0551029752040731,0.55699915735243,-0.1874160949858883,0.0,185.54,6.15394508391738
2020-11,29.0,-0.0551029752040731,0.55699915735243,-0.1874160949858883,0.0,185.2,6.15394508391738
2020-11,29.0,-0.0551029752040731,0.55699915735243,-0.1874160949858883,0.0,185.0,6.15394508391738
2020-11,29.0,-0.0551029752040731,0.55699915735243,-0.1874160949858883,0.0,184.9,6.15394508391738
2020-11,29.0,-0.0551029752040731,0.55699915735243,-0.1874160949858883,0.0,184.65,6.15394508391738
2020-11,29.0,-0.0551029752040731,0.55699915735243,-0.1874160949858883,0.0,185.54,6.15394508391738
2020-11,29.0,-0.0551029752040731,0.55699915735243,-0.1874160949858883,0.0,185.01,6.15394508391738
2020-11,29.0,-0.0551029752040731,0.55699915735243,-0.1874160949858883,0.0,184.55,6.15394508391738
2020-11,29.0,-0.0551029752040731,0.55699915735243,-0.1874160949858883,0.0,184.6,6.15394508391738
2020-11,29.0,-0.0551029752040731,0.55699915735243,-0.1874160949858883,0.0,184.45,6.15394508391738
2020-11,29.0,-0.0551029752040731,0.55699915735243,-0.1874160949858883,0.0,184.3,6.15394508391738
2020-11,29.0,-0.0551029752040731,0.55699915735243,-0.1874160949858883,0.0,184.45,6.15394508391738
2020-11,29.0,-0.0551029752040731,0.55699915735243,-0.1874160949858883,0.0,184.28,6.15394508391738
2020-11,29.0,-0.0551029752040731,0.55699915735243,-0.1874160949858883,0.0,184.45,6.15394508391738
2020-11,29.0,-0.0551029752040731,0.55699915735243,-0.1874160949858883,0.0,184.5,6.15394508391738
2020-11,29.0,-0.0551029752040731,0.55699915735243,-0.1874160949858883,0.0,,6.15394508391738
2020-11,29.0,-0.0551029752040731,0.55699915735243,-0.1874160949858883,0.0,184.45,6.15394508391738
2020-12,32.0,0.1808257941156625,0.400330300463778,0.6322587564335952,393.0,185.0,6.15394508391738
2020-12,32.0,0.1808257941156625,0.400330300463778,0.6322587564335952,393.0,186.83,6.15394508391738
2020-12,32.0,0.1808257941156625,0.400330300463778,0.6322587564335952,393.0,187.58,6.15394508391738
2020-12,32.0,0.1808257941156625,0.400330300463778,0.6322587564335952,393.0,187.5,6.15394508391738
2020-12,32.0,0.1808257941156625,0.400330300463778,0.6322587564335952,393.0,,6.15394508391738
2020-12,32.0,0.1808257941156625,0.400330300463778,0.6322587564335952,393.0,,6.15394508391738
2020-12,32.0,0.1808257941156625,0.400330300463778,0.6322587564335952,393.0,190.0,6.15394508391738
2020-12,32.0,0.1808257941156625,0.400330300463778,0.6322587564335952,393.0,189.0,6.15394508391738
2020-12,32.0,0.1808257941156625,0.400330300463778,0.6322587564335952,393.0,187.6,6.15394508391738
2020-12,32.0,0.1808257941156625,0.400330300463778,0.6322587564335952,393.0,187.0,6.15394508391738
2020-12,32.0,0.1808257941156625,0.400330300463778,0.6322587564335952,393.0,185.0,6.15394508391738
2020-12,32.0,0.1808257941156625,0.400330300463778,0.6322587564335952,393.0,186.91,6.15394508391738
2020-12,32.0,0.1808257941156625,0.400330300463778,0.6322587564335952,393.0,186.67,6.15394508391738
2020-12,32.0,0.1808257941156625,0.400330300463778,0.6322587564335952,393.0,185.9,6.15394508391738
2020-12,32.0,0.1808257941156625,0.400330300463778,0.6322587564335952,393.0,185.89,6.15394508391738
2020-12,32.0,0.1808257941156625,0.400330300463778,0.6322587564335952,393.0,185.94,6.15394508391738
2020-12,32.0,0.1808257941156625,0.400330300463778,0.6322587564335952,393.0,185.5,6.15394508391738
2020-12,32.0,0.1808257941156625,0.400330300463778,0.6322587564335952,393.0,186.9,6.15394508391738
2020-12,32.0,0.1808257941156625,0.400330300463778,0.6322587564335952,393.0,186.1,6.15394508391738
2020-12,32.0,0.1808257941156625,0.400330300463778,0.6322587564335952,393.0,185.52,6.15394508391738
2020-12,32.0,0.1808257941156625,0.400330300463778,0.6322587564335952,393.0,185.8,6.15394508391738
2020-12,32.0,0.1808257941156625,0.400330300463778,0.6322587564335952,393.0,186.35,6.15394508391738
2020-12,32.0,0.1808257941156625,0.400330300463778,0.6322587564335952,393.0,186.3,6.15394508391738
2021-01,35.0,0.1979315655572073,0.5327370511130503,0.7092915136925196,1682.0,,7.01478071238195
2021-01,35.0,0.1979315655572073,0.5327370511130503,0.7092915136925196,1682.0,193.11,7.01478071238195
2021-01,35.0,0.1979315655572073,0.5327370511130503,0.7092915136925196,1682.0,193.11,7.01478071238195
2021-01,35.0,0.1979315655572073,0.5327370511130503,0.7092915136925196,1682.0,195.0,7.01478071238195
2021-01,35.0,0.1979315655572073,0.5327370511130503,0.7092915136925196,1682.0,197.02,7.01478071238195
2021-01,35.0,0.1979315655572073,0.5327370511130503,0.7092915136925196,1682.0,196.42,7.01478071238195
2021-01,35.0,0.1979315655572073,0.5327370511130503,0.7092915136925196,1682.0,195.57,7.01478071238195
2021-01,35.0,0.1979315655572073,0.5327370511130503,0.7092915136925196,1682.0,,7.01478071238195
2021-01,35.0,0.1979315655572073,0.5327370511130503,0.7092915136925196,1682.0,193.0,7.01478071238195
2021-01,35.0,0.1979315655572073,0.5327370511130503,0.7092915136925196,1682.0,192.5,7.01478071238195
2021-01,35.0,0.1979315655572073,0.5327370511130503,0.7092915136925196,1682.0,190.5,7.01478071238195
2021-01,35.0,0.1979315655572073,0.5327370511130503,0.7092915136925196,1682.0,189.0,7.01478071238195
2021-01,35.0,0.1979315655572073,0.5327370511130503,0.7092915136925196,1682.0,,7.01478071238195
2021-01,35.0,0.1979315655572073,0.5327370511130503,0.7092915136925196,1682.0,184.97,7.01478071238195
2021-01,35.0,0.1979315655572073,0.5327370511130503,0.7092915136925196,1682.0,186.94,7.01478071238195
2021-01,35.0,0.1979315655572073,0.5327370511130503,0.7092915136925196,1682.0,187.62,7.01478071238195
2021-01,35.0,0.1979315655572073,0.5327370511130503,0.7092915136925196,1682.0,189.0,7.01478071238195
2021-01,35.0,0.1979315655572073,0.5327370511130503,0.7092915136925196,1682.0,186.57,7.01478071238195
2021-01,35.0,0.1979315655572073,0.5327370511130503,0.7092915136925196,1682.0,186.57,7.01478071238195
2021-01,35.0,0.1979315655572073,0.5327370511130503,0.7092915136925196,1682.0,189.0,7.01478071238195
2021-01,35.0,0.1979315655572073,0.5327370511130503,0.7092915136925196,1682.0,187.83,7.01478071238195
2021-02,28.0,0.2840129349912916,0.5327661162739702,0.9563555716583958,3366.0,195.25,7.01478071238195
2021-02,28.0,0.2840129349912916,0.5327661162739702,0.9563555716583958,3366.0,194.13,7.01478071238195
2021-02,28.0,0.2840129349912916,0.5327661162739702,0.9563555716583958,3366.0,193.4,7.01478071238195
2021-02,28.0,0.2840129349912916,0.5327661162739702,0.9563555716583958,3366.0,193.7,7.01478071238195
2021-02,28.0,0.2840129349912916,0.5327661162739702,0.9563555716583958,3366.0,194.13,7.01478071238195
2021-02,28.0,0.2840129349912916,0.5327661162739702,0.9563555716583958,3366.0,194.76,7.01478071238195
2021-02,28.0,0.2840129349912916,0.5327661162739702,0.9563555716583958,3366.0,195.12,7.01478071238195
2021-02,28.0,0.2840129349912916,0.5327661162739702,0.9563555716583958,3366.0,195.06,7.01478071238195
2021-02,28.0,0.2840129349912916,0.5327661162739702,0.9563555716583958,3366.0,193.05,7.01478071238195
2021-02,28.0,0.2840129349912916,0.5327661162739702,0.9563555716583958,3366.0,,7.01478071238195
2021-02,28.0,0.2840129349912916,0.5327661162739702,0.9563555716583958,3366.0,193.5,7.01478071238195
2021-02,28.0,0.2840129349912916,0.5327661162739702,0.9563555716583958,3366.0,196.5,7.01478071238195
2021-02,28.0,0.2840129349912916,0.5327661162739702,0.9563555716583958,3366.0,195.0,7.01478071238195
2021-02,28.0,0.2840129349912916,0.5327661162739702,0.9563555716583958,3366.0,194.5,7.01478071238195
2021-02,28.0,0.2840129349912916,0.5327661162739702,0.9563555716583958,3366.0,194.01,7.01478071238195
2021-02,28.0,0.2840129349912916,0.5327661162739702,0.9563555716583958,3366.0,194.86,7.01478071238195
2021-02,28.0,0.2840129349912916,0.5327661162739702,0.9563555716583958,3366.0,194.86,7.01478071238195
2021-02,28.0,0.2840129349912916,0.5327661162739702,0.9563555716583958,3366.0,193.5,7.01478071238195
2021-02,28.0,0.2840129349912916,0.5327661162739702,0.9563555716583958,3366.0,193.5,7.01478071238195
2021-02,28.0,0.2840129349912916,0.5327661162739702,0.9563555716583958,3366.0,192.77,7.01478071238195
2021-03,28.0,0.0006608473403113,0.4551321027206483,0.0022252684932879,4581.0,197.28,7.01478071238195
2021-03,28.0,0.0006608473403113,0.4551321027206483,0.0022252684932879,4581.0,197.28,7.01478071238195
2021-03,28.0,0.0006608473403113,0.4551321027206483,0.0022252684932879,4581.0,197.5,7.01478071238195
2021-03,28.0,0.0006608473403113,0.4551321027206483,0.0022252684932879,4581.0,198.38,7.01478071238195
2021-03,28.0,0.0006608473403113,0.4551321027206483,0.0022252684932879,4581.0,199.02,7.01478071238195
2021-03,28.0,0.0006608473403113,0.4551321027206483,0.0022252684932879,4581.0,198.19,7.01478071238195
2021-03,28.0,0.0006608473403113,0.4551321027206483,0.0022252684932879,4581.0,198.55,7.01478071238195
2021-03,28.0,0.0006608473403113,0.4551321027206483,0.0022252684932879,4581.0,198.82,7.01478071238195
2021-03,28.0,0.0006608473403113,0.4551321027206483,0.0022252684932879,4581.0,198.26,7.01478071238195
2021-03,28.0,0.0006608473403113,0.4551321027206483,0.0022252684932879,4581.0,198.22,7.01478071238195
2021-03,28.0,0.0006608473403113,0.4551321027206483,0.0022252684932879,4581.0,199.07,7.01478071238195
2021-03,28.0,0.0006608473403113,0.4551321027206483,0.0022252684932879,4581.0,198.0,7.01478071238195
2021-03,28.0,0.0006608473403113,0.4551321027206483,0.0022252684932879,4581.0,196.0,7.01478071238195
2021-03,28.0,0.0006608473403113,0.4551321027206483,0.0022252684932879,4581.0,194.5,7.01478071238195
2021-03,28.0,0.0006608473403113,0.4551321027206483,0.0022252684932879,4581.0,194.58,7.01478071238195
2021-03,28.0,0.0006608473403113,0.4551321027206483,0.0022252684932879,4581.0,195.23,7.01478071238195
2021-03,28.0,0.0006608473403113,0.4551321027206483,0.0022252684932879,4581.0,195.18,7.01478071238195
2021-03,28.0,0.0006608473403113,0.4551321027206483,0.0022252684932879,4581.0,196.87,7.01478071238195
2021-03,28.0,0.0006608473403113,0.4551321027206483,0.0022252684932879,4581.0,195.21,7.01478071238195
2021-03,28.0,0.0006608473403113,0.4551321027206483,0.0022252684932879,4581.0,195.61,7.01478071238195
2021-03,28.0,0.0006608473403113,0.4551321027206483,0.0022252684932879,4581.0,196.0,7.01478071238195
2021-03,28.0,0.0006608473403113,0.4551321027206483,0.0022252684932879,4581.0,195.33,7.01478071238195
2021-03,28.0,0.0006608473403113,0.4551321027206483,0.0022252684932879,4581.0,195.18,7.01478071238195
2021-04,24.0,0.0524176408847173,0.6618748478784328,0.1687258770404395,4168.0,189.05,7.01478071238195
2021-04,24.0,0.0524176408847173,0.6618748478784328,0.1687258770404395,4168.0,196.0,7.01478071238195
2021-04,24.0,0.0524176408847173,0.6618748478784328,0.1687258770404395,4168.0,194.0,7.01478071238195
2021-04,24.0,0.0524176408847173,0.6618748478784328,0.1687258770404395,4168.0,194.0,7.01478071238195
2021-04,24.0,0.0524176408847173,0.6618748478784328,0.1687258770404395,4168.0,193.66,7.01478071238195
2021-04,24.0,0.0524176408847173,0.6618748478784328,0.1687258770404395,4168.0,193.0,7.01478071238195
2021-04,24.0,0.0524176408847173,0.6618748478784328,0.1687258770404395,4168.0,192.0,7.01478071238195
2021-04,24.0,0.0524176408847173,0.6618748478784328,0.1687258770404395,4168.0,191.61,7.01478071238195
2021-04,24.0,0.0524176408847173,0.6618748478784328,0.1687258770404395,4168.0,190.29,7.01478071238195
2021-04,24.0,0.0524176408847173,0.6618748478784328,0.1687258770404395,4168.0,195.86,7.01478071238195
2021-04,24.0,0.0524176408847173,0.6618748478784328,0.1687258770404395,4168.0,197.0,7.01478071238195
2021-04,24.0,0.0524176408847173,0.6618748478784328,0.1687258770404395,4168.0,201.1,7.01478071238195
2021-04,24.0,0.0524176408847173,0.6618748478784328,0.1687258770404395,4168.0,198.73,7.01478071238195
2021-04,24.0,0.0524176408847173,0.6618748478784328,0.1687258770404395,4168.0,198.87,7.01478071238195
2021-04,24.0,0.0524176408847173,0.6618748478784328,0.1687258770404395,4168.0,199.57,7.01478071238195
2021-04,24.0,0.0524176408847173,0.6618748478784328,0.1687258770404395,4168.0,199.75,7.01478071238195
2021-04,24.0,0.0524176408847173,0.6618748478784328,0.1687258770404395,4168.0,200.71,7.01478071238195
2021-04,24.0,0.0524176408847173,0.6618748478784328,0.1687258770404395,4168.0,199.75,7.01478071238195
2021-04,24.0,0.0524176408847173,0.6618748478784328,0.1687258770404395,4168.0,199.75,7.01478071238195
2021-04,24.0,0.0524176408847173,0.6618748478784328,0.1687258770404395,4168.0,201.1,7.01478071238195
2021-04,24.0,0.0524176408847173,0.6618748478784328,0.1687258770404395,4168.0,201.1,7.01478071238195
2021-04,24.0,0.0524176408847173,0.6618748478784328,0.1687258770404395,4168.0,199.75,7.01478071238195
2021-05,25.0,-0.0961073172092437,0.546100184999528,-0.3131269174779695,1497.0,196.61,7.01478071238195
2021-05,25.0,-0.0961073172092437,0.546100184999528,-0.3131269174779695,1497.0,197.55,7.01478071238195
2021-05,25.0,-0.0961073172092437,0.546100184999528,-0.3131269174779695,1497.0,197.55,7.01478071238195
2021-05,25.0,-0.0961073172092437,0.546100184999528,-0.3131269174779695,1497.0,197.55,7.01478071238195
2021-05,25.0,-0.0961073172092437,0.546100184999528,-0.3131269174779695,1497.0,197.92,7.01478071238195
2021-05,25.0,-0.0961073172092437,0.546100184999528,-0.3131269174779695,1497.0,196.77,7.01478071238195
2021-05,25.0,-0.0961073172092437,0.546100184999528,-0.3131269174779695,1497.0,196.77,7.01478071238195
2021-05,25.0,-0.0961073172092437,0.546100184999528,-0.3131269174779695,1497.0,196.0,7.01478071238195
2021-05,25.0,-0.0961073172092437,0.546100184999528,-0.3131269174779695,1497.0,196.0,7.01478071238195
2021-05,25.0,-0.0961073172092437,0.546100184999528,-0.3131269174779695,1497.0,,7.01478071238195
2021-05,25.0,-0.0961073172092437,0.546100184999528,-0.3131269174779695,1497.0,196.73,7.01478071238195
2021-05,25.0,-0.0961073172092437,0.546100184999528,-0.3131269174779695,1497.0,196.73,7.01478071238195
2021-05,25.0,-0.0961073172092437,0.546100184999528,-0.3131269174779695,1497.0,196.07,7.01478071238195
2021-05,25.0,-0.0961073172092437,0.546100184999528,-0.3131269174779695,1497.0,195.87,7.01478071238195
2021-05,25.0,-0.0961073172092437,0.546100184999528,-0.3131269174779695,1497.0,197.5,7.01478071238195
2021-05,25.0,-0.0961073172092437,0.546100184999528,-0.3131269174779695,1497.0,197.5,7.01478071238195
2021-05,25.0,-0.0961073172092437,0.546100184999528,-0.3131269174779695,1497.0,196.0,7.01478071238195
2021-05,25.0,-0.0961073172092437,0.546100184999528,-0.3131269174779695,1497.0,196.33,7.01478071238195
2021-05,25.0,-0.0961073172092437,0.546100184999528,-0.3131269174779695,1497.0,196.36,7.01478071238195
2021-05,25.0,-0.0961073172092437,0.546100184999528,-0.3131269174779695,1497.0,197.0,7.01478071238195
2021-05,25.0,-0.0961073172092437,0.546100184999528,-0.3131269174779695,1497.0,196.73,7.01478071238195
2021-06,25.0,0.0447588086128234,0.5789539899486487,0.1458285193874063,1614.0,197.69,7.01478071238195
2021-06,25.0,0.0447588086128234,0.5789539899486487,0.1458285193874063,1614.0,198.0,7.01478071238195
2021-06,25.0,0.0447588086128234,0.5789539899486487,0.1458285193874063,1614.0,198.14,7.01478071238195
2021-06,25.0,0.0447588086128234,0.5789539899486487,0.1458285193874063,1614.0,197.99,7.01478071238195
2021-06,25.0,0.0447588086128234,0.5789539899486487,0.1458285193874063,1614.0,198.85,7.01478071238195
2021-06,25.0,0.0447588086128234,0.5789539899486487,0.1458285193874063,1614.0,198.5,7.01478071238195
2021-06,25.0,0.0447588086128234,0.5789539899486487,0.1458285193874063,1614.0,199.0,7.01478071238195
2021-06,25.0,0.0447588086128234,0.5789539899486487,0.1458285193874063,1614.0,199.0,7.01478071238195
2021-06,25.0,0.0447588086128234,0.5789539899486487,0.1458285193874063,1614.0,197.92,7.01478071238195
2021-06,25.0,0.0447588086128234,0.5789539899486487,0.1458285193874063,1614.0,198.52,7.01478071238195
2021-06,25.0,0.0447588086128234,0.5789539899486487,0.1458285193874063,1614.0,197.69,7.01478071238195
2021-06,25.0,0.0447588086128234,0.5789539899486487,0.1458285193874063,1614.0,197.53,7.01478071238195
2021-06,25.0,0.0447588086128234,0.5789539899486487,0.1458285193874063,1614.0,197.53,7.01478071238195
2021-06,25.0,0.0447588086128234,0.5789539899486487,0.1458285193874063,1614.0,197.5,7.01478071238195
2021-06,25.0,0.0447588086128234,0.5789539899486487,0.1458285193874063,1614.0,197.05,7.01478071238195
2021-06,25.0,0.0447588086128234,0.5789539899486487,0.1458285193874063,1614.0,197.05,7.01478071238195
2021-06,25.0,0.0447588086128234,0.5789539899486487,0.1458285193874063,1614.0,197.11,7.01478071238195
2021-06,25.0,0.0447588086128234,0.5789539899486487,0.1458285193874063,1614.0,197.0,7.01478071238195
2021-06,25.0,0.0447588086128234,0.5789539899486487,0.1458285193874063,1614.0,197.69,7.01478071238195
2021-06,25.0,0.0447588086128234,0.5789539899486487,0.1458285193874063,1614.0,198.0,7.01478071238195
2021-06,25.0,0.0447588086128234,0.5789539899486487,0.1458285193874063,1614.0,197.6,7.01478071238195
2021-06,25.0,0.0447588086128234,0.5789539899486487,0.1458285193874063,1614.0,197.55,7.01478071238195
2021-07,42.0,0.0754172745205107,0.6187151977331495,0.2836594616518381,2429.0,199.5,7.01478071238195
2021-07,42.0,0.0754172745205107,0.6187151977331495,0.2836594616518381,2429.0,199.0,7.01478071238195
2021-07,42.0,0.0754172745205107,0.6187151977331495,0.2836594616518381,2429.0,199.19,7.01478071238195
2021-07,42.0,0.0754172745205107,0.6187151977331495,0.2836594616518381,2429.0,198.5,7.01478071238195
2021-07,42.0,0.0754172745205107,0.6187151977331495,0.2836594616518381,2429.0,199.47,7.01478071238195
2021-07,42.0,0.0754172745205107,0.6187151977331495,0.2836594616518381,2429.0,199.0,7.01478071238195
2021-07,42.0,0.0754172745205107,0.6187151977331495,0.2836594616518381,2429.0,199.0,7.01478071238195
2021-07,42.0,0.0754172745205107,0.6187151977331495,0.2836594616518381,2429.0,199.05,7.01478071238195
2021-07,42.0,0.0754172745205107,0.6187151977331495,0.2836594616518381,2429.0,199.05,7.01478071238195
2021-07,42.0,0.0754172745205107,0.6187151977331495,0.2836594616518381,2429.0,199.0,7.01478071238195
2021-07,42.0,0.0754172745205107,0.6187151977331495,0.2836594616518381,2429.0,199.0,7.01478071238195
2021-07,42.0,0.0754172745205107,0.6187151977331495,0.2836594616518381,2429.0,198.5,7.01478071238195
2021-07,42.0,0.0754172745205107,0.6187151977331495,0.2836594616518381,2429.0,199.0,7.01478071238195
2021-07,42.0,0.0754172745205107,0.6187151977331495,0.2836594616518381,2429.0,199.0,7.01478071238195
2021-07,42.0,0.0754172745205107,0.6187151977331495,0.2836594616518381,2429.0,,7.01478071238195
2021-07,42.0,0.0754172745205107,0.6187151977331495,0.2836594616518381,2429.0,198.5,7.01478071238195
2021-07,42.0,0.0754172745205107,0.6187151977331495,0.2836594616518381,2429.0,198.5,7.01478071238195
2021-07,42.0,0.0754172745205107,0.6187151977331495,0.2836594616518381,2429.0,198.5,7.01478071238195
2021-07,42.0,0.0754172745205107,0.6187151977331495,0.2836594616518381,2429.0,198.7,7.01478071238195
2021-07,42.0,0.0754172745205107,0.6187151977331495,0.2836594616518381,2429.0,198.52,7.01478071238195
2021-07,42.0,0.0754172745205107,0.6187151977331495,0.2836594616518381,2429.0,199.0,7.01478071238195
2021-07,42.0,0.0754172745205107,0.6187151977331495,0.2836594616518381,2429.0,198.5,7.01478071238195
2021-08,40.0,-0.0570000305771827,0.6270686741510614,-0.2116737213527173,5040.0,199.0,7.01478071238195
2021-08,40.0,-0.0570000305771827,0.6270686741510614,-0.2116737213527173,5040.0,199.5,7.01478071238195
2021-08,40.0,-0.0570000305771827,0.6270686741510614,-0.2116737213527173,5040.0,200.0,7.01478071238195
2021-08,40.0,-0.0570000305771827,0.6270686741510614,-0.2116737213527173,5040.0,199.0,7.01478071238195
2021-08,40.0,-0.0570000305771827,0.6270686741510614,-0.2116737213527173,5040.0,199.25,7.01478071238195
2021-08,40.0,-0.0570000305771827,0.6270686741510614,-0.2116737213527173,5040.0,199.0,7.01478071238195
2021-08,40.0,-0.0570000305771827,0.6270686741510614,-0.2116737213527173,5040.0,199.5,7.01478071238195
2021-08,40.0,-0.0570000305771827,0.6270686741510614,-0.2116737213527173,5040.0,199.0,7.01478071238195
2021-08,40.0,-0.0570000305771827,0.6270686741510614,-0.2116737213527173,5040.0,199.1,7.01478071238195
2021-08,40.0,-0.0570000305771827,0.6270686741510614,-0.2116737213527173,5040.0,199.0,7.01478071238195
2021-08,40.0,-0.0570000305771827,0.6270686741510614,-0.2116737213527173,5040.0,199.16,7.01478071238195
2021-08,40.0,-0.0570000305771827,0.6270686741510614,-0.2116737213527173,5040.0,198.94,7.01478071238195
2021-08,40.0,-0.0570000305771827,0.6270686741510614,-0.2116737213527173,5040.0,199.0,7.01478071238195
2021-08,40.0,-0.0570000305771827,0.6270686741510614,-0.2116737213527173,5040.0,198.84,7.01478071238195
2021-08,40.0,-0.0570000305771827,0.6270686741510614,-0.2116737213527173,5040.0,199.0,7.01478071238195
2021-08,40.0,-0.0570000305771827,0.6270686741510614,-0.2116737213527173,5040.0,199.0,7.01478071238195
2021-08,40.0,-0.0570000305771827,0.6270686741510614,-0.2116737213527173,5040.0,199.0,7.01478071238195
2021-08,40.0,-0.0570000305771827,0.6270686741510614,-0.2116737213527173,5040.0,199.0,7.01478071238195
2021-08,40.0,-0.0570000305771827,0.6270686741510614,-0.2116737213527173,5040.0,199.0,7.01478071238195
2021-08,40.0,-0.0570000305771827,0.6270686741510614,-0.2116737213527173,5040.0,199.0,7.01478071238195
2021-08,40.0,-0.0570000305771827,0.6270686741510614,-0.2116737213527173,5040.0,199.0,7.01478071238195
2021-08,40.0,-0.0570000305771827,0.6270686741510614,-0.2116737213527173,5040.0,199.5,7.01478071238195
2021-09,29.0,-0.1508870977779914,0.6847537056732798,-0.5131968018891061,13547.0,199.0,7.01478071238195
2021-09,29.0,-0.1508870977779914,0.6847537056732798,-0.5131968018891061,13547.0,199.0,7.01478071238195
2021-09,29.0,-0.1508870977779914,0.6847537056732798,-0.5131968018891061,13547.0,199.0,7.01478071238195
2021-09,29.0,-0.1508870977779914,0.6847537056732798,-0.5131968018891061,13547.0,199.5,7.01478071238195
2021-09,29.0,-0.1508870977779914,0.6847537056732798,-0.5131968018891061,13547.0,199.29,7.01478071238195
2021-09,29.0,-0.1508870977779914,0.6847537056732798,-0.5131968018891061,13547.0,199.0,7.01478071238195
2021-09,29.0,-0.1508870977779914,0.6847537056732798,-0.5131968018891061,13547.0,199.13,7.01478071238195
2021-09,29.0,-0.1508870977779914,0.6847537056732798,-0.5131968018891061,13547.0,199.0,7.01478071238195
2021-09,29.0,-0.1508870977779914,0.6847537056732798,-0.5131968018891061,13547.0,199.03,7.01478071238195
2021-09,29.0,-0.1508870977779914,0.6847537056732798,-0.5131968018891061,13547.0,199.0,7.01478071238195
2021-09,29.0,-0.1508870977779914,0.6847537056732798,-0.5131968018891061,13547.0,199.35,7.01478071238195
2021-09,29.0,-0.1508870977779914,0.6847537056732798,-0.5131968018891061,13547.0,199.0,7.01478071238195
2021-09,29.0,-0.1508870977779914,0.6847537056732798,-0.5131968018891061,13547.0,199.0,7.01478071238195
2021-09,29.0,-0.1508870977779914,0.6847537056732798,-0.5131968018891061,13547.0,199.47,7.01478071238195
2021-09,29.0,-0.1508870977779914,0.6847537056732798,-0.5131968018891061,13547.0,200.0,7.01478071238195
2021-09,29.0,-0.1508870977779914,0.6847537056732798,-0.5131968018891061,13547.0,,7.01478071238195
2021-09,29.0,-0.1508870977779914,0.6847537056732798,-0.5131968018891061,13547.0,199.0,7.01478071238195
2021-09,29.0,-0.1508870977779914,0.6847537056732798,-0.5131968018891061,13547.0,199.0,7.01478071238195
2021-09,29.0,-0.1508870977779914,0.6847537056732798,-0.5131968018891061,13547.0,199.5,7.01478071238195
2021-09,29.0,-0.1508870977779914,0.6847537056732798,-0.5131968018891061,13547.0,200.0,7.01478071238195
2021-09,29.0,-0.1508870977779914,0.6847537056732798,-0.5131968018891061,13547.0,199.0,7.01478071238195
2021-09,29.0,-0.1508870977779914,0.6847537056732798,-0.5131968018891061,13547.0,199.0,7.01478071238195
2021-10,40.0,-0.0264814585447311,0.5976226083280546,-0.0983408047373016,22771.0,199.69,7.01478071238195
2021-10,40.0,-0.0264814585447311,0.5976226083280546,-0.0983408047373016,22771.0,200.71,7.01478071238195
2021-10,40.0,-0.0264814585447311,0.5976226083280546,-0.0983408047373016,22771.0,200.49,7.01478071238195
2021-10,40.0,-0.0264814585447311,0.5976226083280546,-0.0983408047373016,22771.0,201.11,7.01478071238195
2021-10,40.0,-0.0264814585447311,0.5976226083280546,-0.0983408047373016,22771.0,202.5,7.01478071238195
2021-10,40.0,-0.0264814585447311,0.5976226083280546,-0.0983408047373016,22771.0,200.0,7.01478071238195
2021-10,40.0,-0.0264814585447311,0.5976226083280546,-0.0983408047373016,22771.0,200.01,7.01478071238195
2021-10,40.0,-0.0264814585447311,0.5976226083280546,-0.0983408047373016,22771.0,200.0,7.01478071238195
2021-10,40.0,-0.0264814585447311,0.5976226083280546,-0.0983408047373016,22771.0,198.85,7.01478071238195
2021-10,40.0,-0.0264814585447311,0.5976226083280546,-0.0983408047373016,22771.0,200.0,7.01478071238195
2021-10,40.0,-0.0264814585447311,0.5976226083280546,-0.0983408047373016,22771.0,200.3,7.01478071238195
2021-10,40.0,-0.0264814585447311,0.5976226083280546,-0.0983408047373016,22771.0,201.0,7.01478071238195
2021-10,40.0,-0.0264814585447311,0.5976226083280546,-0.0983408047373016,22771.0,201.0,7.01478071238195
2021-10,40.0,-0.0264814585447311,0.5976226083280546,-0.0983408047373016,22771.0,200.0,7.01478071238195
2021-10,40.0,-0.0264814585447311,0.5976226083280546,-0.0983408047373016,22771.0,,7.01478071238195
2021-10,40.0,-0.0264814585447311,0.5976226083280546,-0.0983408047373016,22771.0,199.5,7.01478071238195
2021-10,40.0,-0.0264814585447311,0.5976226083280546,-0.0983408047373016,22771.0,199.5,7.01478071238195
2021-10,40.0,-0.0264814585447311,0.5976226083280546,-0.0983408047373016,22771.0,199.5,7.01478071238195
2021-10,40.0,-0.0264814585447311,0.5976226083280546,-0.0983408047373016,22771.0,199.5,7.01478071238195
2021-10,40.0,-0.0264814585447311,0.5976226083280546,-0.0983408047373016,22771.0,199.0,7.01478071238195
2021-10,40.0,-0.0264814585447311,0.5976226083280546,-0.0983408047373016,22771.0,199.0,7.01478071238195
2021-11,38.0,-0.0992826709621831,0.5765130315778769,-0.3637281854623636,44294.0,201.0,7.01478071238195
2021-11,38.0,-0.0992826709621831,0.5765130315778769,-0.3637281854623636,44294.0,201.01,7.01478071238195
2021-11,38.0,-0.0992826709621831,0.5765130315778769,-0.3637281854623636,44294.0,202.46,7.01478071238195
2021-11,38.0,-0.0992826709621831,0.5765130315778769,-0.3637281854623636,44294.0,202.5,7.01478071238195
2021-11,38.0,-0.0992826709621831,0.5765130315778769,-0.3637281854623636,44294.0,202.5,7.01478071238195
2021-11,38.0,-0.0992826709621831,0.5765130315778769,-0.3637281854623636,44294.0,,7.01478071238195
2021-11,38.0,-0.0992826709621831,0.5765130315778769,-0.3637281854623636,44294.0,201.79,7.01478071238195
2021-11,38.0,-0.0992826709621831,0.5765130315778769,-0.3637281854623636,44294.0,202.5,7.01478071238195
2021-11,38.0,-0.0992826709621831,0.5765130315778769,-0.3637281854623636,44294.0,200.94,7.01478071238195
2021-11,38.0,-0.0992826709621831,0.5765130315778769,-0.3637281854623636,44294.0,201.0,7.01478071238195
2021-11,38.0,-0.0992826709621831,0.5765130315778769,-0.3637281854623636,44294.0,201.8,7.01478071238195
2021-11,38.0,-0.0992826709621831,0.5765130315778769,-0.3637281854623636,44294.0,201.0,7.01478071238195
2021-11,38.0,-0.0992826709621831,0.5765130315778769,-0.3637281854623636,44294.0,201.05,7.01478071238195
2021-11,38.0,-0.0992826709621831,0.5765130315778769,-0.3637281854623636,44294.0,,7.01478071238195
2021-11,38.0,-0.0992826709621831,0.5765130315778769,-0.3637281854623636,44294.0,201.0,7.01478071238195
2021-11,38.0,-0.0992826709621831,0.5765130315778769,-0.3637281854623636,44294.0,200.29,7.01478071238195
2021-11,38.0,-0.0992826709621831,0.5765130315778769,-0.3637281854623636,44294.0,200.0,7.01478071238195
2021-11,38.0,-0.0992826709621831,0.5765130315778769,-0.3637281854623636,44294.0,200.0,7.01478071238195
2021-11,38.0,-0.0992826709621831,0.5765130315778769,-0.3637281854623636,44294.0,200.0,7.01478071238195
2021-11,38.0,-0.0992826709621831,0.5765130315778769,-0.3637281854623636,44294.0,200.61,7.01478071238195
2021-11,38.0,-0.0992826709621831,0.5765130315778769,-0.3637281854623636,44294.0,201.03,7.01478071238195
2021-11,38.0,-0.0992826709621831,0.5765130315778769,-0.3637281854623636,44294.0,201.8,7.01478071238195
2021-12,29.0,0.0240414409801877,0.6213530484406916,0.0817696861131999,89506.0,202.0,7.01478071238195
2021-12,29.0,0.0240414409801877,0.6213530484406916,0.0817696861131999,89506.0,202.0,7.01478071238195
2021-12,29.0,0.0240414409801877,0.6213530484406916,0.0817696861131999,89506.0,201.79,7.01478071238195
2021-12,29.0,0.0240414409801877,0.6213530484406916,0.0817696861131999,89506.0,202.0,7.01478071238195
2021-12,29.0,0.0240414409801877,0.6213530484406916,0.0817696861131999,89506.0,,7.01478071238195
2021-12,29.0,0.0240414409801877,0.6213530484406916,0.0817696861131999,89506.0,202.5,7.01478071238195
2021-12,29.0,0.0240414409801877,0.6213530484406916,0.0817696861131999,89506.0,202.75,7.01478071238195
2021-12,29.0,0.0240414409801877,0.6213530484406916,0.0817696861131999,89506.0,202.0,7.01478071238195
2021-12,29.0,0.0240414409801877,0.6213530484406916,0.0817696861131999,89506.0,201.56,7.01478071238195
2021-12,29.0,0.0240414409801877,0.6213530484406916,0.0817696861131999,89506.0,,7.01478071238195
2021-12,29.0,0.0240414409801877,0.6213530484406916,0.0817696861131999,89506.0,201.56,7.01478071238195
2021-12,29.0,0.0240414409801877,0.6213530484406916,0.0817696861131999,89506.0,202.75,7.01478071238195
2021-12,29.0,0.0240414409801877,0.6213530484406916,0.0817696861131999,89506.0,202.0,7.01478071238195
2021-12,29.0,0.0240414409801877,0.6213530484406916,0.0817696861131999,89506.0,200.86,7.01478071238195
2021-12,29.0,0.0240414409801877,0.6213530484406916,0.0817696861131999,89506.0,202.0,7.01478071238195
2021-12,29.0,0.0240414409801877,0.6213530484406916,0.0817696861131999,89506.0,201.0,7.01478071238195
2021-12,29.0,0.0240414409801877,0.6213530484406916,0.0817696861131999,89506.0,202.5,7.01478071238195
2021-12,29.0,0.0240414409801877,0.6213530484406916,0.0817696861131999,89506.0,202.0,7.01478071238195
2021-12,29.0,0.0240414409801877,0.6213530484406916,0.0817696861131999,89506.0,202.75,7.01478071238195
2021-12,29.0,0.0240414409801877,0.6213530484406916,0.0817696861131999,89506.0,202.0,7.01478071238195
2021-12,29.0,0.0240414409801877,0.6213530484406916,0.0817696861131999,89506.0,202.0,7.01478071238195
2021-12,29.0,0.0240414409801877,0.6213530484406916,0.0817696861131999,89506.0,201.0,7.01478071238195
2021-12,29.0,0.0240414409801877,0.6213530484406916,0.0817696861131999,89506.0,202.0,7.01478071238195
2022-01,32.0,0.0831696242094039,0.5964166241240553,0.2908032199325067,82327.0,202.67,49.721102111432714
2022-01,32.0,0.0831696242094039,0.5964166241240553,0.2908032199325067,82327.0,201.0,49.721102111432714
2022-01,32.0,0.0831696242094039,0.5964166241240553,0.2908032199325067,82327.0,201.0,49.721102111432714
2022-01,32.0,0.0831696242094039,0.5964166241240553,0.2908032199325067,82327.0,202.75,49.721102111432714
2022-01,32.0,0.0831696242094039,0.5964166241240553,0.2908032199325067,82327.0,200.0,49.721102111432714
2022-01,32.0,0.0831696242094039,0.5964166241240553,0.2908032199325067,82327.0,201.0,49.721102111432714
2022-01,32.0,0.0831696242094039,0.5964166241240553,0.2908032199325067,82327.0,202.0,49.721102111432714
2022-01,32.0,0.0831696242094039,0.5964166241240553,0.2908032199325067,82327.0,202.0,49.721102111432714
2022-01,32.0,0.0831696242094039,0.5964166241240553,0.2908032199325067,82327.0,200.37,49.721102111432714
2022-01,32.0,0.0831696242094039,0.5964166241240553,0.2908032199325067,82327.0,,49.721102111432714
2022-01,32.0,0.0831696242094039,0.5964166241240553,0.2908032199325067,82327.0,202.75,49.721102111432714
2022-01,32.0,0.0831696242094039,0.5964166241240553,0.2908032199325067,82327.0,202.75,49.721102111432714
2022-01,32.0,0.0831696242094039,0.5964166241240553,0.2908032199325067,82327.0,202.75,49.721102111432714
2022-01,32.0,0.0831696242094039,0.5964166241240553,0.2908032199325067,82327.0,202.75,49.721102111432714
2022-01,32.0,0.0831696242094039,0.5964166241240553,0.2908032199325067,82327.0,201.0,49.721102111432714
2022-01,32.0,0.0831696242094039,0.5964166241240553,0.2908032199325067,82327.0,201.0,49.721102111432714
2022-01,32.0,0.0831696242094039,0.5964166241240553,0.2908032199325067,82327.0,200.05,49.721102111432714
2022-01,32.0,0.0831696242094039,0.5964166241240553,0.2908032199325067,82327.0,202.75,49.721102111432714
2022-01,32.0,0.0831696242094039,0.5964166241240553,0.2908032199325067,82327.0,202.75,49.721102111432714
2022-01,32.0,0.0831696242094039,0.5964166241240553,0.2908032199325067,82327.0,202.75,49.721102111432714
2022-01,32.0,0.0831696242094039,0.5964166241240553,0.2908032199325067,82327.0,202.75,49.721102111432714
2022-02,29.0,-0.0795461607390436,0.5752400521225761,-0.2705521936269122,96507.0,200.89,49.721102111432714
2022-02,29.0,-0.0795461607390436,0.5752400521225761,-0.2705521936269122,96507.0,202.0,49.721102111432714
2022-02,29.0,-0.0795461607390436,0.5752400521225761,-0.2705521936269122,96507.0,202.0,49.721102111432714
2022-02,29.0,-0.0795461607390436,0.5752400521225761,-0.2705521936269122,96507.0,202.5,49.721102111432714
2022-02,29.0,-0.0795461607390436,0.5752400521225761,-0.2705521936269122,96507.0,202.5,49.721102111432714
2022-02,29.0,-0.0795461607390436,0.5752400521225761,-0.2705521936269122,96507.0,,49.721102111432714
2022-02,29.0,-0.0795461607390436,0.5752400521225761,-0.2705521936269122,96507.0,202.0,49.721102111432714
2022-02,29.0,-0.0795461607390436,0.5752400521225761,-0.2705521936269122,96507.0,202.5,49.721102111432714
2022-02,29.0,-0.0795461607390436,0.5752400521225761,-0.2705521936269122,96507.0,201.0,49.721102111432714
2022-02,29.0,-0.0795461607390436,0.5752400521225761,-0.2705521936269122,96507.0,202.0,49.721102111432714
2022-02,29.0,-0.0795461607390436,0.5752400521225761,-0.2705521936269122,96507.0,202.0,49.721102111432714
2022-02,29.0,-0.0795461607390436,0.5752400521225761,-0.2705521936269122,96507.0,202.67,49.721102111432714
2022-02,29.0,-0.0795461607390436,0.5752400521225761,-0.2705521936269122,96507.0,202.75,49.721102111432714
2022-02,29.0,-0.0795461607390436,0.5752400521225761,-0.2705521936269122,96507.0,202.5,49.721102111432714
2022-02,29.0,-0.0795461607390436,0.5752400521225761,-0.2705521936269122,96507.0,201.14,49.721102111432714
2022-02,29.0,-0.0795461607390436,0.5752400521225761,-0.2705521936269122,96507.0,202.0,49.721102111432714
2022-02,29.0,-0.0795461607390436,0.5752400521225761,-0.2705521936269122,96507.0,201.66,49.721102111432714
2022-02,29.0,-0.0795461607390436,0.5752400521225761,-0.2705521936269122,96507.0,200.51,49.721102111432714
2022-02,29.0,-0.0795461607390436,0.5752400521225761,-0.2705521936269122,96507.0,202.75,49.721102111432714
2022-02,29.0,-0.0795461607390436,0.5752400521225761,-0.2705521936269122,96507.0,202.75,49.721102111432714
2022-03,24.0,0.0259657228986422,0.6578444594209254,0.0835804377136661,106500.0,290.0,49.721102111432714
2022-03,24.0,0.0259657228986422,0.6578444594209254,0.0835804377136661,106500.0,264.45,49.721102111432714
2022-03,24.0,0.0259657228986422,0.6578444594209254,0.0835804377136661,106500.0,288.97,49.721102111432714
2022-03,24.0,0.0259657228986422,0.6578444594209254,0.0835804377136661,106500.0,285.0,49.721102111432714
2022-03,24.0,0.0259657228986422,0.6578444594209254,0.0835804377136661,106500.0,290.0,49.721102111432714
2022-03,24.0,0.0259657228986422,0.6578444594209254,0.0835804377136661,106500.0,285.0,49.721102111432714
2022-03,24.0,0.0259657228986422,0.6578444594209254,0.0835804377136661,106500.0,280.0,49.721102111432714
2022-03,24.0,0.0259657228986422,0.6578444594209254,0.0835804377136661,106500.0,272.06,49.721102111432714
2022-03,24.0,0.0259657228986422,0.6578444594209254,0.0835804377136661,106500.0,275.0,49.721102111432714
2022-03,24.0,0.0259657228986422,0.6578444594209254,0.0835804377136661,106500.0,275.0,49.721102111432714
2022-03,24.0,0.0259657228986422,0.6578444594209254,0.0835804377136661,106500.0,293.0,49.721102111432714
2022-03,24.0,0.0259657228986422,0.6578444594209254,0.0835804377136661,106500.0,265.0,49.721102111432714
2022-03,24.0,0.0259657228986422,0.6578444594209254,0.0835804377136661,106500.0,250.12,49.721102111432714
2022-03,24.0,0.0259657228986422,0.6578444594209254,0.0835804377136661,106500.0,250.08,49.721102111432714
2022-03,24.0,0.0259657228986422,0.6578444594209254,0.0835804377136661,106500.0,231.41,49.721102111432714
2022-03,24.0,0.0259657228986422,0.6578444594209254,0.0835804377136661,106500.0,225.16,49.721102111432714
2022-03,24.0,0.0259657228986422,0.6578444594209254,0.0835804377136661,106500.0,225.2,49.721102111432714
2022-03,24.0,0.0259657228986422,0.6578444594209254,0.0835804377136661,106500.0,200.79,49.721102111432714
2022-03,24.0,0.0259657228986422,0.6578444594209254,0.0835804377136661,106500.0,200.0,49.721102111432714
2022-03,24.0,0.0259657228986422,0.6578444594209254,0.0835804377136661,106500.0,202.0,49.721102111432714
2022-03,24.0,0.0259657228986422,0.6578444594209254,0.0835804377136661,106500.0,202.5,49.721102111432714
2022-03,24.0,0.0259657228986422,0.6578444594209254,0.0835804377136661,106500.0,199.94,49.721102111432714
2022-03,24.0,0.0259657228986422,0.6578444594209254,0.0835804377136661,106500.0,260.0,49.721102111432714
2022-04,12.0,-0.0987450728813807,0.7469214190764132,-0.2532761112395901,62980.0,330.0,49.721102111432714
2022-04,12.0,-0.0987450728813807,0.7469214190764132,-0.2532761112395901,62980.0,330.0,49.721102111432714
2022-04,12.0,-0.0987450728813807,0.7469214190764132,-0.2532761112395901,62980.0,330.0,49.721102111432714
2022-04,12.0,-0.0987450728813807,0.7469214190764132,-0.2532761112395901,62980.0,330.0,49.721102111432714
2022-04,12.0,-0.0987450728813807,0.7469214190764132,-0.2532761112395901,62980.0,320.0,49.721102111432714
2022-04,12.0,-0.0987450728813807,0.7469214190764132,-0.2532761112395901,62980.0,340.0,49.721102111432714
2022-04,12.0,-0.0987450728813807,0.7469214190764132,-0.2532761112395901,62980.0,346.2,49.721102111432714
2022-04,12.0,-0.0987450728813807,0.7469214190764132,-0.2532761112395901,62980.0,345.27,49.721102111432714
2022-04,12.0,-0.0987450728813807,0.7469214190764132,-0.2532761112395901,62980.0,330.0,49.721102111432714
2022-04,12.0,-0.0987450728813807,0.7469214190764132,-0.2532761112395901,62980.0,315.13,49.721102111432714
2022-04,12.0,-0.0987450728813807,0.7469214190764132,-0.2532761112395901,62980.0,350.0,49.721102111432714
2022-04,12.0,-0.0987450728813807,0.7469214190764132,-0.2532761112395901,62980.0,314.74,49.721102111432714
2022-04,12.0,-0.0987450728813807,0.7469214190764132,-0.2532761112395901,62980.0,295.0,49.721102111432714
2022-04,12.0,-0.0987450728813807,0.7469214190764132,-0.2532761112395901,62980.0,314.74,49.721102111432714
2022-04,12.0,-0.0987450728813807,0.7469214190764132,-0.2532761112395901,62980.0,295.0,49.721102111432714
2022-04,12.0,-0.0987450728813807,0.7469214190764132,-0.2532761112395901,62980.0,295.9,49.721102111432714
2022-04,12.0,-0.0987450728813807,0.7469214190764132,-0.2532761112395901,62980.0,294.7,49.721102111432714
2022-04,12.0,-0.0987450728813807,0.7469214190764132,-0.2532761112395901,62980.0,310.0,49.721102111432714
2022-04,12.0,-0.0987450728813807,0.7469214190764132,-0.2532761112395901,62980.0,315.0,49.721102111432714
2022-04,12.0,-0.0987450728813807,0.7469214190764132,-0.2532761112395901,62980.0,315.18,49.721102111432714
2022-04,12.0,-0.0987450728813807,0.7469214190764132,-0.2532761112395901,62980.0,310.0,49.721102111432714
2022-05,17.0,-0.4516140117364771,0.6131042803353524,-1.3053323849933005,30207.0,355.0,49.721102111432714
2022-05,17.0,-0.4516140117364771,0.6131042803353524,-1.3053323849933005,30207.0,,49.721102111432714
2022-05,17.0,-0.4516140117364771,0.6131042803353524,-1.3053323849933005,30207.0,359.43,49.721102111432714
2022-05,17.0,-0.4516140117364771,0.6131042803353524,-1.3053323849933005,30207.0,359.5,49.721102111432714
2022-05,17.0,-0.4516140117364771,0.6131042803353524,-1.3053323849933005,30207.0,359.0,49.721102111432714
2022-05,17.0,-0.4516140117364771,0.6131042803353524,-1.3053323849933005,30207.0,355.15,49.721102111432714
2022-05,17.0,-0.4516140117364771,0.6131042803353524,-1.3053323849933005,30207.0,355.05,49.721102111432714
2022-05,17.0,-0.4516140117364771,0.6131042803353524,-1.3053323849933005,30207.0,355.23,49.721102111432714
2022-05,17.0,-0.4516140117364771,0.6131042803353524,-1.3053323849933005,30207.0,355.0,49.721102111432714
2022-05,17.0,-0.4516140117364771,0.6131042803353524,-1.3053323849933005,30207.0,355.32,49.721102111432714
2022-05,17.0,-0.4516140117364771,0.6131042803353524,-1.3053323849933005,30207.0,355.85,49.721102111432714
2022-05,17.0,-0.4516140117364771,0.6131042803353524,-1.3053323849933005,30207.0,355.32,49.721102111432714
2022-05,17.0,-0.4516140117364771,0.6131042803353524,-1.3053323849933005,30207.0,345.27,49.721102111432714
2022-05,17.0,-0.4516140117364771,0.6131042803353524,-1.3053323849933005,30207.0,345.27,49.721102111432714
2022-05,17.0,-0.4516140117364771,0.6131042803353524,-1.3053323849933005,30207.0,347.47,49.721102111432714
2022-05,17.0,-0.4516140117364771,0.6131042803353524,-1.3053323849933005,30207.0,365.0,49.721102111432714
2022-05,17.0,-0.4516140117364771,0.6131042803353524,-1.3053323849933005,30207.0,354.87,49.721102111432714
2022-05,17.0,-0.4516140117364771,0.6131042803353524,-1.3053323849933005,30207.0,358.82,49.721102111432714
2022-05,17.0,-0.4516140117364771,0.6131042803353524,-1.3053323849933005,30207.0,360.64,49.721102111432714
2022-05,17.0,-0.4516140117364771,0.6131042803353524,-1.3053323849933005,30207.0,361.18,49.721102111432714
2022-05,17.0,-0.4516140117364771,0.6131042803353524,-1.3053323849933005,30207.0,365.0,49.721102111432714
2022-05,17.0,-0.4516140117364771,0.6131042803353524,-1.3053323849933005,30207.0,358.82,49.721102111432714
2022-06,44.0,-0.2308946563438935,0.7623435279311556,-0.8789380273927083,32856.0,357.0,49.721102111432714
2022-06,44.0,-0.2308946563438935,0.7623435279311556,-0.8789380273927083,32856.0,356.0,49.721102111432714
2022-06,44.0,-0.2308946563438935,0.7623435279311556,-0.8789380273927083,32856.0,356.0,49.721102111432714
2022-06,44.0,-0.2308946563438935,0.7623435279311556,-0.8789380273927083,32856.0,357.0,49.721102111432714
2022-06,44.0,-0.2308946563438935,0.7623435279311556,-0.8789380273927083,32856.0,357.0,49.721102111432714
2022-06,44.0,-0.2308946563438935,0.7623435279311556,-0.8789380273927083,32856.0,357.0,49.721102111432714
2022-06,44.0,-0.2308946563438935,0.7623435279311556,-0.8789380273927083,32856.0,356.18,49.721102111432714
2022-06,44.0,-0.2308946563438935,0.7623435279311556,-0.8789380273927083,32856.0,358.0,49.721102111432714
2022-06,44.0,-0.2308946563438935,0.7623435279311556,-0.8789380273927083,32856.0,,49.721102111432714
2022-06,44.0,-0.2308946563438935,0.7623435279311556,-0.8789380273927083,32856.0,357.0,49.721102111432714
2022-06,44.0,-0.2308946563438935,0.7623435279311556,-0.8789380273927083,32856.0,356.0,49.721102111432714
2022-06,44.0,-0.2308946563438935,0.7623435279311556,-0.8789380273927083,32856.0,355.0,49.721102111432714
2022-06,44.0,-0.2308946563438935,0.7623435279311556,-0.8789380273927083,32856.0,355.0,49.721102111432714
2022-06,44.0,-0.2308946563438935,0.7623435279311556,-0.8789380273927083,32856.0,357.68,49.721102111432714
2022-06,44.0,-0.2308946563438935,0.7623435279311556,-0.8789380273927083,32856.0,357.0,49.721102111432714
2022-06,44.0,-0.2308946563438935,0.7623435279311556,-0.8789380273927083,32856.0,357.0,49.721102111432714
2022-06,44.0,-0.2308946563438935,0.7623435279311556,-0.8789380273927083,32856.0,357.0,49.721102111432714
2022-06,44.0,-0.2308946563438935,0.7623435279311556,-0.8789380273927083,32856.0,362.0,49.721102111432714
2022-06,44.0,-0.2308946563438935,0.7623435279311556,-0.8789380273927083,32856.0,356.0,49.721102111432714
2022-06,44.0,-0.2308946563438935,0.7623435279311556,-0.8789380273927083,32856.0,355.31,49.721102111432714
2022-06,44.0,-0.2308946563438935,0.7623435279311556,-0.8789380273927083,32856.0,355.29,49.721102111432714
2022-06,44.0,-0.2308946563438935,0.7623435279311556,-0.8789380273927083,32856.0,354.54,49.721102111432714
2022-07,22.0,-0.1699957820502194,0.7319010285580261,-0.5330207913508155,47293.0,356.0,49.721102111432714
2022-07,22.0,-0.1699957820502194,0.7319010285580261,-0.5330207913508155,47293.0,358.0,49.721102111432714
2022-07,22.0,-0.1699957820502194,0.7319010285580261,-0.5330207913508155,47293.0,355.0,49.721102111432714
2022-07,22.0,-0.1699957820502194,0.7319010285580261,-0.5330207913508155,47293.0,358.0,49.721102111432714
2022-07,22.0,-0.1699957820502194,0.7319010285580261,-0.5330207913508155,47293.0,358.26,49.721102111432714
2022-07,22.0,-0.1699957820502194,0.7319010285580261,-0.5330207913508155,47293.0,357.0,49.721102111432714
2022-07,22.0,-0.1699957820502194,0.7319010285580261,-0.5330207913508155,47293.0,362.0,49.721102111432714
2022-07,22.0,-0.1699957820502194,0.7319010285580261,-0.5330207913508155,47293.0,357.0,49.721102111432714
2022-07,22.0,-0.1699957820502194,0.7319010285580261,-0.5330207913508155,47293.0,357.0,49.721102111432714
2022-07,22.0,-0.1699957820502194,0.7319010285580261,-0.5330207913508155,47293.0,355.0,49.721102111432714
2022-07,22.0,-0.1699957820502194,0.7319010285580261,-0.5330207913508155,47293.0,359.51,49.721102111432714
2022-07,22.0,-0.1699957820502194,0.7319010285580261,-0.5330207913508155,47293.0,361.0,49.721102111432714
2022-07,22.0,-0.1699957820502194,0.7319010285580261,-0.5330207913508155,47293.0,354.79,49.721102111432714
2022-07,22.0,-0.1699957820502194,0.7319010285580261,-0.5330207913508155,47293.0,355.0,49.721102111432714
2022-07,22.0,-0.1699957820502194,0.7319010285580261,-0.5330207913508155,47293.0,355.0,49.721102111432714
2022-07,22.0,-0.1699957820502194,0.7319010285580261,-0.5330207913508155,47293.0,360.0,49.721102111432714
2022-07,22.0,-0.1699957820502194,0.7319010285580261,-0.5330207913508155,47293.0,355.0,49.721102111432714
2022-07,22.0,-0.1699957820502194,0.7319010285580261,-0.5330207913508155,47293.0,356.6,49.721102111432714
2022-07,22.0,-0.1699957820502194,0.7319010285580261,-0.5330207913508155,47293.0,356.52,49.721102111432714
2022-07,22.0,-0.1699957820502194,0.7319010285580261,-0.5330207913508155,47293.0,,49.721102111432714
2022-07,22.0,-0.1699957820502194,0.7319010285580261,-0.5330207913508155,47293.0,356.0,49.721102111432714
2022-08,43.0,0.056854567555494,0.6270740284770024,0.2151484651844062,37760.0,355.0,49.721102111432714
2022-08,43.0,0.056854567555494,0.6270740284770024,0.2151484651844062,37760.0,355.0,49.721102111432714
2022-08,43.0,0.056854567555494,0.6270740284770024,0.2151484651844062,37760.0,357.0,49.721102111432714
2022-08,43.0,0.056854567555494,0.6270740284770024,0.2151484651844062,37760.0,355.0,49.721102111432714
2022-08,43.0,0.056854567555494,0.6270740284770024,0.2151484651844062,37760.0,355.0,49.721102111432714
2022-08,43.0,0.056854567555494,0.6270740284770024,0.2151484651844062,37760.0,357.0,49.721102111432714
2022-08,43.0,0.056854567555494,0.6270740284770024,0.2151484651844062,37760.0,357.0,49.721102111432714
2022-08,43.0,0.056854567555494,0.6270740284770024,0.2151484651844062,37760.0,355.0,49.721102111432714
2022-08,43.0,0.056854567555494,0.6270740284770024,0.2151484651844062,37760.0,355.0,49.721102111432714
2022-08,43.0,0.056854567555494,0.6270740284770024,0.2151484651844062,37760.0,357.0,49.721102111432714
2022-08,43.0,0.056854567555494,0.6270740284770024,0.2151484651844062,37760.0,355.0,49.721102111432714
2022-08,43.0,0.056854567555494,0.6270740284770024,0.2151484651844062,37760.0,358.0,49.721102111432714
2022-08,43.0,0.056854567555494,0.6270740284770024,0.2151484651844062,37760.0,355.0,49.721102111432714
2022-08,43.0,0.056854567555494,0.6270740284770024,0.2151484651844062,37760.0,355.79,49.721102111432714
2022-08,43.0,0.056854567555494,0.6270740284770024,0.2151484651844062,37760.0,358.0,49.721102111432714
2022-08,43.0,0.056854567555494,0.6270740284770024,0.2151484651844062,37760.0,357.0,49.721102111432714
2022-08,43.0,0.056854567555494,0.6270740284770024,0.2151484651844062,37760.0,357.0,49.721102111432714
2022-08,43.0,0.056854567555494,0.6270740284770024,0.2151484651844062,37760.0,355.0,49.721102111432714
2022-08,43.0,0.056854567555494,0.6270740284770024,0.2151484651844062,37760.0,360.5,49.721102111432714
2022-08,43.0,0.056854567555494,0.6270740284770024,0.2151484651844062,37760.0,357.0,49.721102111432714
2022-08,43.0,0.056854567555494,0.6270740284770024,0.2151484651844062,37760.0,358.0,49.721102111432714
2022-08,43.0,0.056854567555494,0.6270740284770024,0.2151484651844062,37760.0,357.96,49.721102111432714
2022-08,43.0,0.056854567555494,0.6270740284770024,0.2151484651844062,37760.0,357.0,49.721102111432714
2022-09,54.0,-0.0901889972112797,0.6642778347581713,-0.3614173614675999,29802.0,360.75,49.721102111432714
2022-09,54.0,-0.0901889972112797,0.6642778347581713,-0.3614173614675999,29802.0,359.57,49.721102111432714
2022-09,54.0,-0.0901889972112797,0.6642778347581713,-0.3614173614675999,29802.0,360.09,49.721102111432714
2022-09,54.0,-0.0901889972112797,0.6642778347581713,-0.3614173614675999,29802.0,359.0,49.721102111432714
2022-09,54.0,-0.0901889972112797,0.6642778347581713,-0.3614173614675999,29802.0,359.0,49.721102111432714
2022-09,54.0,-0.0901889972112797,0.6642778347581713,-0.3614173614675999,29802.0,359.05,49.721102111432714
2022-09,54.0,-0.0901889972112797,0.6642778347581713,-0.3614173614675999,29802.0,358.0,49.721102111432714
2022-09,54.0,-0.0901889972112797,0.6642778347581713,-0.3614173614675999,29802.0,361.0,49.721102111432714
2022-09,54.0,-0.0901889972112797,0.6642778347581713,-0.3614173614675999,29802.0,359.0,49.721102111432714
2022-09,54.0,-0.0901889972112797,0.6642778347581713,-0.3614173614675999,29802.0,359.0,49.721102111432714
2022-09,54.0,-0.0901889972112797,0.6642778347581713,-0.3614173614675999,29802.0,362.0,49.721102111432714
2022-09,54.0,-0.0901889972112797,0.6642778347581713,-0.3614173614675999,29802.0,362.0,49.721102111432714
2022-09,54.0,-0.0901889972112797,0.6642778347581713,-0.3614173614675999,29802.0,358.45,49.721102111432714
2022-09,54.0,-0.0901889972112797,0.6642778347581713,-0.3614173614675999,29802.0,361.96,49.721102111432714
2022-09,54.0,-0.0901889972112797,0.6642778347581713,-0.3614173614675999,29802.0,355.0,49.721102111432714
2022-09,54.0,-0.0901889972112797,0.6642778347581713,-0.3614173614675999,29802.0,359.0,49.721102111432714
2022-09,54.0,-0.0901889972112797,0.6642778347581713,-0.3614173614675999,29802.0,355.76,49.721102111432714
2022-09,54.0,-0.0901889972112797,0.6642778347581713,-0.3614173614675999,29802.0,355.0,49.721102111432714
2022-09,54.0,-0.0901889972112797,0.6642778347581713,-0.3614173614675999,29802.0,,49.721102111432714
2022-09,54.0,-0.0901889972112797,0.6642778347581713,-0.3614173614675999,29802.0,355.0,49.721102111432714
2022-09,54.0,-0.0901889972112797,0.6642778347581713,-0.3614173614675999,29802.0,358.0,49.721102111432714
2022-09,54.0,-0.0901889972112797,0.6642778347581713,-0.3614173614675999,29802.0,360.75,49.721102111432714
2022-10,46.0,0.0148382109144459,0.6640673711992582,0.0571293021659221,42026.0,361.4,49.721102111432714
2022-10,46.0,0.0148382109144459,0.6640673711992582,0.0571293021659221,42026.0,361.63,49.721102111432714
2022-10,46.0,0.0148382109144459,0.6640673711992582,0.0571293021659221,42026.0,362.0,49.721102111432714
2022-10,46.0,0.0148382109144459,0.6640673711992582,0.0571293021659221,42026.0,354.3,49.721102111432714
2022-10,46.0,0.0148382109144459,0.6640673711992582,0.0571293021659221,42026.0,362.0,49.721102111432714
2022-10,46.0,0.0148382109144459,0.6640673711992582,0.0571293021659221,42026.0,363.0,49.721102111432714
2022-10,46.0,0.0148382109144459,0.6640673711992582,0.0571293021659221,42026.0,363.0,49.721102111432714
2022-10,46.0,0.0148382109144459,0.6640673711992582,0.0571293021659221,42026.0,363.0,49.721102111432714
2022-10,46.0,0.0148382109144459,0.6640673711992582,0.0571293021659221,42026.0,363.0,49.721102111432714
2022-10,46.0,0.0148382109144459,0.6640673711992582,0.0571293021659221,42026.0,362.0,49.721102111432714
2022-10,46.0,0.0148382109144459,0.6640673711992582,0.0571293021659221,42026.0,363.0,49.721102111432714
2022-10,46.0,0.0148382109144459,0.6640673711992582,0.0571293021659221,42026.0,361.26,49.721102111432714
2022-10,46.0,0.0148382109144459,0.6640673711992582,0.0571293021659221,42026.0,358.0,49.721102111432714
2022-10,46.0,0.0148382109144459,0.6640673711992582,0.0571293021659221,42026.0,363.0,49.721102111432714
2022-10,46.0,0.0148382109144459,0.6640673711992582,0.0571293021659221,42026.0,363.0,49.721102111432714
2022-10,46.0,0.0148382109144459,0.6640673711992582,0.0571293021659221,42026.0,363.0,49.721102111432714
2022-10,46.0,0.0148382109144459,0.6640673711992582,0.0571293021659221,42026.0,363.0,49.721102111432714
2022-10,46.0,0.0148382109144459,0.6640673711992582,0.0571293021659221,42026.0,,49.721102111432714
2022-10,46.0,0.0148382109144459,0.6640673711992582,0.0571293021659221,42026.0,363.0,49.721102111432714
2022-10,46.0,0.0148382109144459,0.6640673711992582,0.0571293021659221,42026.0,362.26,49.721102111432714
2022-10,46.0,0.0148382109144459,0.6640673711992582,0.0571293021659221,42026.0,363.0,49.721102111432714
2022-11,26.0,-0.3501790532698998,0.6533970417446995,-1.1541330334694295,59759.0,363.26,49.721102111432714
2022-11,26.0,-0.3501790532698998,0.6533970417446995,-1.1541330334694295,59759.0,363.0,49.721102111432714
2022-11,26.0,-0.3501790532698998,0.6533970417446995,-1.1541330334694295,59759.0,364.58,49.721102111432714
2022-11,26.0,-0.3501790532698998,0.6533970417446995,-1.1541330334694295,59759.0,363.0,49.721102111432714
2022-11,26.0,-0.3501790532698998,0.6533970417446995,-1.1541330334694295,59759.0,,49.721102111432714
2022-11,26.0,-0.3501790532698998,0.6533970417446995,-1.1541330334694295,59759.0,363.0,49.721102111432714
2022-11,26.0,-0.3501790532698998,0.6533970417446995,-1.1541330334694295,59759.0,363.0,49.721102111432714
2022-11,26.0,-0.3501790532698998,0.6533970417446995,-1.1541330334694295,59759.0,363.12,49.721102111432714
2022-11,26.0,-0.3501790532698998,0.6533970417446995,-1.1541330334694295,59759.0,363.26,49.721102111432714
2022-11,26.0,-0.3501790532698998,0.6533970417446995,-1.1541330334694295,59759.0,363.0,49.721102111432714
2022-11,26.0,-0.3501790532698998,0.6533970417446995,-1.1541330334694295,59759.0,365.0,49.721102111432714
2022-11,26.0,-0.3501790532698998,0.6533970417446995,-1.1541330334694295,59759.0,363.0,49.721102111432714
2022-11,26.0,-0.3501790532698998,0.6533970417446995,-1.1541330334694295,59759.0,361.56,49.721102111432714
2022-11,26.0,-0.3501790532698998,0.6533970417446995,-1.1541330334694295,59759.0,362.0,49.721102111432714
2022-11,26.0,-0.3501790532698998,0.6533970417446995,-1.1541330334694295,59759.0,363.0,49.721102111432714
2022-11,26.0,-0.3501790532698998,0.6533970417446995,-1.1541330334694295,59759.0,362.0,49.721102111432714
2022-11,26.0,-0.3501790532698998,0.6533970417446995,-1.1541330334694295,59759.0,363.0,49.721102111432714
2022-11,26.0,-0.3501790532698998,0.6533970417446995,-1.1541330334694295,59759.0,365.0,49.721102111432714
2022-11,26.0,-0.3501790532698998,0.6533970417446995,-1.1541330334694295,59759.0,363.0,49.721102111432714
2022-11,26.0,-0.3501790532698998,0.6533970417446995,-1.1541330334694295,59759.0,362.59,49.721102111432714
2022-11,26.0,-0.3501790532698998,0.6533970417446995,-1.1541330334694295,59759.0,,49.721102111432714
2022-11,26.0,-0.3501790532698998,0.6533970417446995,-1.1541330334694295,59759.0,354.4,49.721102111432714
2022-12,54.0,-0.0035780712410255,0.6813691009330822,-0.0143385236232877,91961.0,363.41,49.721102111432714
2022-12,54.0,-0.0035780712410255,0.6813691009330822,-0.0143385236232877,91961.0,363.0,49.721102111432714
2022-12,54.0,-0.0035780712410255,0.6813691009330822,-0.0143385236232877,91961.0,363.0,49.721102111432714
2022-12,54.0,-0.0035780712410255,0.6813691009330822,-0.0143385236232877,91961.0,363.0,49.721102111432714
2022-12,54.0,-0.0035780712410255,0.6813691009330822,-0.0143385236232877,91961.0,,49.721102111432714
2022-12,54.0,-0.0035780712410255,0.6813691009330822,-0.0143385236232877,91961.0,363.31,49.721102111432714
2022-12,54.0,-0.0035780712410255,0.6813691009330822,-0.0143385236232877,91961.0,363.0,49.721102111432714
2022-12,54.0,-0.0035780712410255,0.6813691009330822,-0.0143385236232877,91961.0,363.0,49.721102111432714
2022-12,54.0,-0.0035780712410255,0.6813691009330822,-0.0143385236232877,91961.0,363.0,49.721102111432714
2022-12,54.0,-0.0035780712410255,0.6813691009330822,-0.0143385236232877,91961.0,362.88,49.721102111432714
2022-12,54.0,-0.0035780712410255,0.6813691009330822,-0.0143385236232877,91961.0,363.31,49.721102111432714
2022-12,54.0,-0.0035780712410255,0.6813691009330822,-0.0143385236232877,91961.0,363.0,49.721102111432714
2022-12,54.0,-0.0035780712410255,0.6813691009330822,-0.0143385236232877,91961.0,362.22,49.721102111432714
2022-12,54.0,-0.0035780712410255,0.6813691009330822,-0.0143385236232877,91961.0,363.26,49.721102111432714
2022-12,54.0,-0.0035780712410255,0.6813691009330822,-0.0143385236232877,91961.0,363.0,49.721102111432714
2022-12,54.0,-0.0035780712410255,0.6813691009330822,-0.0143385236232877,91961.0,362.91,49.721102111432714
2022-12,54.0,-0.0035780712410255,0.6813691009330822,-0.0143385236232877,91961.0,362.63,49.721102111432714
2022-12,54.0,-0.0035780712410255,0.6813691009330822,-0.0143385236232877,91961.0,362.59,49.721102111432714
2022-12,54.0,-0.0035780712410255,0.6813691009330822,-0.0143385236232877,91961.0,363.39,49.721102111432714
2022-12,54.0,-0.0035780712410255,0.6813691009330822,-0.0143385236232877,91961.0,365.0,49.721102111432714
2022-12,54.0,-0.0035780712410255,0.6813691009330822,-0.0143385236232877,91961.0,365.0,49.721102111432714
2022-12,54.0,-0.0035780712410255,0.6813691009330822,-0.0143385236232877,91961.0,363.0,49.721102111432714
2023-01,36.0,-0.1459552397330602,0.7068328547728058,-0.5270323895963891,102545.0,364.01,16.5411742279832
2023-01,36.0,-0.1459552397330602,0.7068328547728058,-0.5270323895963891,102545.0,364.66,16.5411742279832
2023-01,36.0,-0.1459552397330602,0.7068328547728058,-0.5270323895963891,102545.0,362.0,16.5411742279832
2023-01,36.0,-0.1459552397330602,0.7068328547728058,-0.5270323895963891,102545.0,363.33,16.5411742279832
2023-01,36.0,-0.1459552397330602,0.7068328547728058,-0.5270323895963891,102545.0,363.05,16.5411742279832
2023-01,36.0,-0.1459552397330602,0.7068328547728058,-0.5270323895963891,102545.0,363.19,16.5411742279832
2023-01,36.0,-0.1459552397330602,0.7068328547728058,-0.5270323895963891,102545.0,362.81,16.5411742279832
2023-01,36.0,-0.1459552397330602,0.7068328547728058,-0.5270323895963891,102545.0,364.63,16.5411742279832
2023-01,36.0,-0.1459552397330602,0.7068328547728058,-0.5270323895963891,102545.0,363.13,16.5411742279832
2023-01,36.0,-0.1459552397330602,0.7068328547728058,-0.5270323895963891,102545.0,364.88,16.5411742279832
2023-01,36.0,-0.1459552397330602,0.7068328547728058,-0.5270323895963891,102545.0,364.3,16.5411742279832
2023-01,36.0,-0.1459552397330602,0.7068328547728058,-0.5270323895963891,102545.0,363.97,16.5411742279832
2023-01,36.0,-0.1459552397330602,0.7068328547728058,-0.5270323895963891,102545.0,,16.5411742279832
2023-01,36.0,-0.1459552397330602,0.7068328547728058,-0.5270323895963891,102545.0,364.36,16.5411742279832
2023-01,36.0,-0.1459552397330602,0.7068328547728058,-0.5270323895963891,102545.0,363.99,16.5411742279832
2023-01,36.0,-0.1459552397330602,0.7068328547728058,-0.5270323895963891,102545.0,364.02,16.5411742279832
2023-01,36.0,-0.1459552397330602,0.7068328547728058,-0.5270323895963891,102545.0,,16.5411742279832
2023-01,36.0,-0.1459552397330602,0.7068328547728058,-0.5270323895963891,102545.0,364.39,16.5411742279832
2023-01,36.0,-0.1459552397330602,0.7068328547728058,-0.5270323895963891,102545.0,365.43,16.5411742279832
2023-01,36.0,-0.1459552397330602,0.7068328547728058,-0.5270323895963891,102545.0,363.41,16.5411742279832
2023-01,36.0,-0.1459552397330602,0.7068328547728058,-0.5270323895963891,102545.0,365.41,16.5411742279832
2023-01,36.0,-0.1459552397330602,0.7068328547728058,-0.5270323895963891,102545.0,363.93,16.5411742279832
2023-02,50.0,-0.0085349369049072,0.7187674435912143,-0.033557883696399,107639.0,358.06,16.5411742279832
2023-02,50.0,-0.0085349369049072,0.7187674435912143,-0.033557883696399,107639.0,360.4,16.5411742279832
2023-02,50.0,-0.0085349369049072,0.7187674435912143,-0.033557883696399,107639.0,362.49,16.5411742279832
2023-02,50.0,-0.0085349369049072,0.7187674435912143,-0.033557883696399,107639.0,363.24,16.5411742279832
2023-02,50.0,-0.0085349369049072,0.7187674435912143,-0.033557883696399,107639.0,362.45,16.5411742279832
2023-02,50.0,-0.0085349369049072,0.7187674435912143,-0.033557883696399,107639.0,362.19,16.5411742279832
2023-02,50.0,-0.0085349369049072,0.7187674435912143,-0.033557883696399,107639.0,,16.5411742279832
2023-02,50.0,-0.0085349369049072,0.7187674435912143,-0.033557883696399,107639.0,362.77,16.5411742279832
2023-02,50.0,-0.0085349369049072,0.7187674435912143,-0.033557883696399,107639.0,362.64,16.5411742279832
2023-02,50.0,-0.0085349369049072,0.7187674435912143,-0.033557883696399,107639.0,363.09,16.5411742279832
2023-02,50.0,-0.0085349369049072,0.7187674435912143,-0.033557883696399,107639.0,363.09,16.5411742279832
2023-02,50.0,-0.0085349369049072,0.7187674435912143,-0.033557883696399,107639.0,363.95,16.5411742279832
2023-02,50.0,-0.0085349369049072,0.7187674435912143,-0.033557883696399,107639.0,364.67,16.5411742279832
2023-02,50.0,-0.0085349369049072,0.7187674435912143,-0.033557883696399,107639.0,363.0,16.5411742279832
2023-02,50.0,-0.0085349369049072,0.7187674435912143,-0.033557883696399,107639.0,364.22,16.5411742279832
2023-02,50.0,-0.0085349369049072,0.7187674435912143,-0.033557883696399,107639.0,362.5,16.5411742279832
2023-02,50.0,-0.0085349369049072,0.7187674435912143,-0.033557883696399,107639.0,362.9,16.5411742279832
2023-02,50.0,-0.0085349369049072,0.7187674435912143,-0.033557883696399,107639.0,362.99,16.5411742279832
2023-02,50.0,-0.0085349369049072,0.7187674435912143,-0.033557883696399,107639.0,362.57,16.5411742279832
2023-02,50.0,-0.0085349369049072,0.7187674435912143,-0.033557883696399,107639.0,363.15,16.5411742279832
2023-03,41.0,7.324393202618854e-05,0.6528686313215813,0.0002737616194578,125495.0,324.0,16.5411742279832
2023-03,41.0,7.324393202618854e-05,0.6528686313215813,0.0002737616194578,125495.0,336.0,16.5411742279832
2023-03,41.0,7.324393202618854e-05,0.6528686313215813,0.0002737616194578,125495.0,325.0,16.5411742279832
2023-03,41.0,7.324393202618854e-05,0.6528686313215813,0.0002737616194578,125495.0,321.5,16.5411742279832
2023-03,41.0,7.324393202618854e-05,0.6528686313215813,0.0002737616194578,125495.0,319.68,16.5411742279832
2023-03,41.0,7.324393202618854e-05,0.6528686313215813,0.0002737616194578,125495.0,320.0,16.5411742279832
2023-03,41.0,7.324393202618854e-05,0.6528686313215813,0.0002737616194578,125495.0,318.0,16.5411742279832
2023-03,41.0,7.324393202618854e-05,0.6528686313215813,0.0002737616194578,125495.0,319.5,16.5411742279832
2023-03,41.0,7.324393202618854e-05,0.6528686313215813,0.0002737616194578,125495.0,320.0,16.5411742279832
2023-03,41.0,7.324393202618854e-05,0.6528686313215813,0.0002737616194578,125495.0,335.0,16.5411742279832
2023-03,41.0,7.324393202618854e-05,0.6528686313215813,0.0002737616194578,125495.0,325.0,16.5411742279832
2023-03,41.0,7.324393202618854e-05,0.6528686313215813,0.0002737616194578,125495.0,339.5,16.5411742279832
2023-03,41.0,7.324393202618854e-05,0.6528686313215813,0.0002737616194578,125495.0,327.64,16.5411742279832
2023-03,41.0,7.324393202618854e-05,0.6528686313215813,0.0002737616194578,125495.0,354.2,16.5411742279832
2023-03,41.0,7.324393202618854e-05,0.6528686313215813,0.0002737616194578,125495.0,345.95,16.5411742279832
2023-03,41.0,7.324393202618854e-05,0.6528686313215813,0.0002737616194578,125495.0,334.33,16.5411742279832
2023-03,41.0,7.324393202618854e-05,0.6528686313215813,0.0002737616194578,125495.0,333.61,16.5411742279832
2023-03,41.0,7.324393202618854e-05,0.6528686313215813,0.0002737616194578,125495.0,335.0,16.5411742279832
2023-03,41.0,7.324393202618854e-05,0.6528686313215813,0.0002737616194578,125495.0,315.0,16.5411742279832
2023-03,41.0,7.324393202618854e-05,0.6528686313215813,0.0002737616194578,125495.0,320.0,16.5411742279832
2023-03,41.0,7.324393202618854e-05,0.6528686313215813,0.0002737616194578,125495.0,315.0,16.5411742279832
2023-03,41.0,7.324393202618854e-05,0.6528686313215813,0.0002737616194578,125495.0,325.0,16.5411742279832
2023-03,41.0,7.324393202618854e-05,0.6528686313215813,0.0002737616194578,125495.0,322.25,16.5411742279832
2023-04,40.0,-0.069221256673336,0.7119412198547436,-0.2570581252042698,105498.0,319.0,16.5411742279832
2023-04,40.0,-0.069221256673336,0.7119412198547436,-0.2570581252042698,105498.0,319.67,16.5411742279832
2023-04,40.0,-0.069221256673336,0.7119412198547436,-0.2570581252042698,105498.0,319.67,16.5411742279832
2023-04,40.0,-0.069221256673336,0.7119412198547436,-0.2570581252042698,105498.0,321.5,16.5411742279832
2023-04,40.0,-0.069221256673336,0.7119412198547436,-0.2570581252042698,105498.0,317.9,16.5411742279832
2023-04,40.0,-0.069221256673336,0.7119412198547436,-0.2570581252042698,105498.0,318.0,16.5411742279832
2023-04,40.0,-0.069221256673336,0.7119412198547436,-0.2570581252042698,105498.0,318.0,16.5411742279832
2023-04,40.0,-0.069221256673336,0.7119412198547436,-0.2570581252042698,105498.0,318.5,16.5411742279832
2023-04,40.0,-0.069221256673336,0.7119412198547436,-0.2570581252042698,105498.0,318.0,16.5411742279832
2023-04,40.0,-0.069221256673336,0.7119412198547436,-0.2570581252042698,105498.0,320.0,16.5411742279832
2023-04,40.0,-0.069221256673336,0.7119412198547436,-0.2570581252042698,105498.0,318.78,16.5411742279832
2023-04,40.0,-0.069221256673336,0.7119412198547436,-0.2570581252042698,105498.0,319.0,16.5411742279832
2023-04,40.0,-0.069221256673336,0.7119412198547436,-0.2570581252042698,105498.0,319.0,16.5411742279832
2023-04,40.0,-0.069221256673336,0.7119412198547436,-0.2570581252042698,105498.0,318.0,16.5411742279832
2023-04,40.0,-0.069221256673336,0.7119412198547436,-0.2570581252042698,105498.0,319.25,16.5411742279832
2023-04,40.0,-0.069221256673336,0.7119412198547436,-0.2570581252042698,105498.0,320.0,16.5411742279832
2023-04,40.0,-0.069221256673336,0.7119412198547436,-0.2570581252042698,105498.0,319.67,16.5411742279832
2023-04,40.0,-0.069221256673336,0.7119412198547436,-0.2570581252042698,105498.0,319.59,16.5411742279832
2023-04,40.0,-0.069221256673336,0.7119412198547436,-0.2570581252042698,105498.0,322.67,16.5411742279832
2023-04,40.0,-0.069221256673336,0.7119412198547436,-0.2570581252042698,105498.0,318.78,16.5411742279832
2023-05,48.0,0.0338378685216108,0.6716826987025402,0.1316909035572039,83309.0,306.5,16.5411742279832
2023-05,48.0,0.0338378685216108,0.6716826987025402,0.1316909035572039,83309.0,305.0,16.5411742279832
2023-05,48.0,0.0338378685216108,0.6716826987025402,0.1316909035572039,83309.0,304.5,16.5411742279832
2023-05,48.0,0.0338378685216108,0.6716826987025402,0.1316909035572039,83309.0,303.0,16.5411742279832
2023-05,48.0,0.0338378685216108,0.6716826987025402,0.1316909035572039,83309.0,290.0,16.5411742279832
2023-05,48.0,0.0338378685216108,0.6716826987025402,0.1316909035572039,83309.0,297.0,16.5411742279832
2023-05,48.0,0.0338378685216108,0.6716826987025402,0.1316909035572039,83309.0,,16.5411742279832
2023-05,48.0,0.0338378685216108,0.6716826987025402,0.1316909035572039,83309.0,294.0,16.5411742279832
2023-05,48.0,0.0338378685216108,0.6716826987025402,0.1316909035572039,83309.0,306.0,16.5411742279832
2023-05,48.0,0.0338378685216108,0.6716826987025402,0.1316909035572039,83309.0,302.0,16.5411742279832
2023-05,48.0,0.0338378685216108,0.6716826987025402,0.1316909035572039,83309.0,305.0,16.5411742279832
2023-05,48.0,0.0338378685216108,0.6716826987025402,0.1316909035572039,83309.0,309.0,16.5411742279832
2023-05,48.0,0.0338378685216108,0.6716826987025402,0.1316909035572039,83309.0,313.0,16.5411742279832
2023-05,48.0,0.0338378685216108,0.6716826987025402,0.1316909035572039,83309.0,320.0,16.5411742279832
2023-05,48.0,0.0338378685216108,0.6716826987025402,0.1316909035572039,83309.0,319.5,16.5411742279832
2023-05,48.0,0.0338378685216108,0.6716826987025402,0.1316909035572039,83309.0,319.0,16.5411742279832
2023-05,48.0,0.0338378685216108,0.6716826987025402,0.1316909035572039,83309.0,318.75,16.5411742279832
2023-05,48.0,0.0338378685216108,0.6716826987025402,0.1316909035572039,83309.0,319.09,16.5411742279832
2023-05,48.0,0.0338378685216108,0.6716826987025402,0.1316909035572039,83309.0,317.0,16.5411742279832
2023-05,48.0,0.0338378685216108,0.6716826987025402,0.1316909035572039,83309.0,315.9,16.5411742279832
2023-05,48.0,0.0338378685216108,0.6716826987025402,0.1316909035572039,83309.0,313.0,16.5411742279832
2023-05,48.0,0.0338378685216108,0.6716826987025402,0.1316909035572039,83309.0,312.0,16.5411742279832
2023-05,48.0,0.0338378685216108,0.6716826987025402,0.1316909035572039,83309.0,318.0,16.5411742279832
2023-06,40.0,0.0344235599040985,0.6373977134336599,0.1278343704963826,100388.0,,16.5411742279832
2023-06,40.0,0.0344235599040985,0.6373977134336599,0.1278343704963826,100388.0,307.15,16.5411742279832
2023-06,40.0,0.0344235599040985,0.6373977134336599,0.1278343704963826,100388.0,307.5,16.5411742279832
2023-06,40.0,0.0344235599040985,0.6373977134336599,0.1278343704963826,100388.0,308.0,16.5411742279832
2023-06,40.0,0.0344235599040985,0.6373977134336599,0.1278343704963826,100388.0,307.5,16.5411742279832
2023-06,40.0,0.0344235599040985,0.6373977134336599,0.1278343704963826,100388.0,307.5,16.5411742279832
2023-06,40.0,0.0344235599040985,0.6373977134336599,0.1278343704963826,100388.0,306.0,16.5411742279832
2023-06,40.0,0.0344235599040985,0.6373977134336599,0.1278343704963826,100388.0,306.0,16.5411742279832
2023-06,40.0,0.0344235599040985,0.6373977134336599,0.1278343704963826,100388.0,306.0,16.5411742279832
2023-06,40.0,0.0344235599040985,0.6373977134336599,0.1278343704963826,100388.0,305.57,16.5411742279832
2023-06,40.0,0.0344235599040985,0.6373977134336599,0.1278343704963826,100388.0,307.29,16.5411742279832
2023-06,40.0,0.0344235599040985,0.6373977134336599,0.1278343704963826,100388.0,309.68,16.5411742279832
2023-06,40.0,0.0344235599040985,0.6373977134336599,0.1278343704963826,100388.0,293.5,16.5411742279832
2023-06,40.0,0.0344235599040985,0.6373977134336599,0.1278343704963826,100388.0,290.0,16.5411742279832
2023-06,40.0,0.0344235599040985,0.6373977134336599,0.1278343704963826,100388.0,290.0,16.5411742279832
2023-06,40.0,0.0344235599040985,0.6373977134336599,0.1278343704963826,100388.0,291.5,16.5411742279832
2023-06,40.0,0.0344235599040985,0.6373977134336599,0.1278343704963826,100388.0,306.5,16.5411742279832
2023-06,40.0,0.0344235599040985,0.6373977134336599,0.1278343704963826,100388.0,294.0,16.5411742279832
2023-06,40.0,0.0344235599040985,0.6373977134336599,0.1278343704963826,100388.0,295.5,16.5411742279832
2023-06,40.0,0.0344235599040985,0.6373977134336599,0.1278343704963826,100388.0,298.0,16.5411742279832
2023-06,40.0,0.0344235599040985,0.6373977134336599,0.1278343704963826,100388.0,306.0,16.5411742279832
2023-06,40.0,0.0344235599040985,0.6373977134336599,0.1278343704963826,100388.0,291.0,16.5411742279832
2023-07,81.0,-0.0598536693019631,0.6146694478281471,-0.2637583165323506,143039.0,322.0,16.5411742279832
2023-07,81.0,-0.0598536693019631,0.6146694478281471,-0.2637583165323506,143039.0,328.04,16.5411742279832
2023-07,81.0,-0.0598536693019631,0.6146694478281471,-0.2637583165323506,143039.0,328.0,16.5411742279832
2023-07,81.0,-0.0598536693019631,0.6146694478281471,-0.2637583165323506,143039.0,328.0,16.5411742279832
2023-07,81.0,-0.0598536693019631,0.6146694478281471,-0.2637583165323506,143039.0,330.0,16.5411742279832
2023-07,81.0,-0.0598536693019631,0.6146694478281471,-0.2637583165323506,143039.0,329.0,16.5411742279832
2023-07,81.0,-0.0598536693019631,0.6146694478281471,-0.2637583165323506,143039.0,326.5,16.5411742279832
2023-07,81.0,-0.0598536693019631,0.6146694478281471,-0.2637583165323506,143039.0,324.0,16.5411742279832
2023-07,81.0,-0.0598536693019631,0.6146694478281471,-0.2637583165323506,143039.0,323.0,16.5411742279832
2023-07,81.0,-0.0598536693019631,0.6146694478281471,-0.2637583165323506,143039.0,319.42,16.5411742279832
2023-07,81.0,-0.0598536693019631,0.6146694478281471,-0.2637583165323506,143039.0,320.86,16.5411742279832
2023-07,81.0,-0.0598536693019631,0.6146694478281471,-0.2637583165323506,143039.0,317.0,16.5411742279832
2023-07,81.0,-0.0598536693019631,0.6146694478281471,-0.2637583165323506,143039.0,314.0,16.5411742279832
2023-07,81.0,-0.0598536693019631,0.6146694478281471,-0.2637583165323506,143039.0,313.0,16.5411742279832
2023-07,81.0,-0.0598536693019631,0.6146694478281471,-0.2637583165323506,143039.0,310.0,16.5411742279832
2023-07,81.0,-0.0598536693019631,0.6146694478281471,-0.2637583165323506,143039.0,309.0,16.5411742279832
2023-07,81.0,-0.0598536693019631,0.6146694478281471,-0.2637583165323506,143039.0,309.0,16.5411742279832
2023-07,81.0,-0.0598536693019631,0.6146694478281471,-0.2637583165323506,143039.0,306.0,16.5411742279832
2023-07,81.0,-0.0598536693019631,0.6146694478281471,-0.2637583165323506,143039.0,,16.5411742279832
2023-07,81.0,-0.0598536693019631,0.6146694478281471,-0.2637583165323506,143039.0,305.93,16.5411742279832
2023-07,81.0,-0.0598536693019631,0.6146694478281471,-0.2637583165323506,143039.0,318.0,16.5411742279832
2023-08,117.0,0.0080668740292899,0.6058009947886562,0.038484511899035,136405.0,323.0,16.5411742279832
2023-08,117.0,0.0080668740292899,0.6058009947886562,0.038484511899035,136405.0,323.5,16.5411742279832
2023-08,117.0,0.0080668740292899,0.6058009947886562,0.038484511899035,136405.0,323.0,16.5411742279832
2023-08,117.0,0.0080668740292899,0.6058009947886562,0.038484511899035,136405.0,323.0,16.5411742279832
2023-08,117.0,0.0080668740292899,0.6058009947886562,0.038484511899035,136405.0,318.5,16.5411742279832
2023-08,117.0,0.0080668740292899,0.6058009947886562,0.038484511899035,136405.0,323.75,16.5411742279832
2023-08,117.0,0.0080668740292899,0.6058009947886562,0.038484511899035,136405.0,320.5,16.5411742279832
2023-08,117.0,0.0080668740292899,0.6058009947886562,0.038484511899035,136405.0,320.34,16.5411742279832
2023-08,117.0,0.0080668740292899,0.6058009947886562,0.038484511899035,136405.0,323.0,16.5411742279832
2023-08,117.0,0.0080668740292899,0.6058009947886562,0.038484511899035,136405.0,323.0,16.5411742279832
2023-08,117.0,0.0080668740292899,0.6058009947886562,0.038484511899035,136405.0,321.5,16.5411742279832
2023-08,117.0,0.0080668740292899,0.6058009947886562,0.038484511899035,136405.0,320.0,16.5411742279832
2023-08,117.0,0.0080668740292899,0.6058009947886562,0.038484511899035,136405.0,317.61,16.5411742279832
2023-08,117.0,0.0080668740292899,0.6058009947886562,0.038484511899035,136405.0,321.0,16.5411742279832
2023-08,117.0,0.0080668740292899,0.6058009947886562,0.038484511899035,136405.0,319.0,16.5411742279832
2023-08,117.0,0.0080668740292899,0.6058009947886562,0.038484511899035,136405.0,319.0,16.5411742279832
2023-08,117.0,0.0080668740292899,0.6058009947886562,0.038484511899035,136405.0,319.5,16.5411742279832
2023-08,117.0,0.0080668740292899,0.6058009947886562,0.038484511899035,136405.0,319.5,16.5411742279832
2023-08,117.0,0.0080668740292899,0.6058009947886562,0.038484511899035,136405.0,322.0,16.5411742279832
2023-08,117.0,0.0080668740292899,0.6058009947886562,0.038484511899035,136405.0,320.0,16.5411742279832
2023-08,117.0,0.0080668740292899,0.6058009947886562,0.038484511899035,136405.0,316.17,16.5411742279832
2023-08,117.0,0.0080668740292899,0.6058009947886562,0.038484511899035,136405.0,313.0,16.5411742279832
2023-08,117.0,0.0080668740292899,0.6058009947886562,0.038484511899035,136405.0,321.0,16.5411742279832
2023-09,130.0,-0.042164069872636,0.6552292493126141,-0.2055581605783416,111938.0,324.0,16.5411742279832
2023-09,130.0,-0.042164069872636,0.6552292493126141,-0.2055581605783416,111938.0,324.0,16.5411742279832
2023-09,130.0,-0.042164069872636,0.6552292493126141,-0.2055581605783416,111938.0,323.5,16.5411742279832
2023-09,130.0,-0.042164069872636,0.6552292493126141,-0.2055581605783416,111938.0,324.0,16.5411742279832
2023-09,130.0,-0.042164069872636,0.6552292493126141,-0.2055581605783416,111938.0,322.2,16.5411742279832
2023-09,130.0,-0.042164069872636,0.6552292493126141,-0.2055581605783416,111938.0,323.75,16.5411742279832
2023-09,130.0,-0.042164069872636,0.6552292493126141,-0.2055581605783416,111938.0,322.39,16.5411742279832
2023-09,130.0,-0.042164069872636,0.6552292493126141,-0.2055581605783416,111938.0,324.25,16.5411742279832
2023-09,130.0,-0.042164069872636,0.6552292493126141,-0.2055581605783416,111938.0,324.0,16.5411742279832
2023-09,130.0,-0.042164069872636,0.6552292493126141,-0.2055581605783416,111938.0,322.75,16.5411742279832
2023-09,130.0,-0.042164069872636,0.6552292493126141,-0.2055581605783416,111938.0,323.5,16.5411742279832
2023-09,130.0,-0.042164069872636,0.6552292493126141,-0.2055581605783416,111938.0,322.0,16.5411742279832
2023-09,130.0,-0.042164069872636,0.6552292493126141,-0.2055581605783416,111938.0,322.25,16.5411742279832
2023-09,130.0,-0.042164069872636,0.6552292493126141,-0.2055581605783416,111938.0,321.0,16.5411742279832
2023-09,130.0,-0.042164069872636,0.6552292493126141,-0.2055581605783416,111938.0,321.0,16.5411742279832
2023-09,130.0,-0.042164069872636,0.6552292493126141,-0.2055581605783416,111938.0,322.0,16.5411742279832
2023-09,130.0,-0.042164069872636,0.6552292493126141,-0.2055581605783416,111938.0,321.0,16.5411742279832
2023-09,130.0,-0.042164069872636,0.6552292493126141,-0.2055581605783416,111938.0,321.0,16.5411742279832
2023-09,130.0,-0.042164069872636,0.6552292493126141,-0.2055581605783416,111938.0,,16.5411742279832
2023-09,130.0,-0.042164069872636,0.6552292493126141,-0.2055581605783416,111938.0,318.5,16.5411742279832
2023-09,130.0,-0.042164069872636,0.6552292493126141,-0.2055581605783416,111938.0,321.98,16.5411742279832
2023-10,155.0,0.113065351786152,0.6355506785654157,0.570963745929082,109199.0,324.5,16.5411742279832
2023-10,155.0,0.113065351786152,0.6355506785654157,0.570963745929082,109199.0,325.5,16.5411742279832
2023-10,155.0,0.113065351786152,0.6355506785654157,0.570963745929082,109199.0,325.57,16.5411742279832
2023-10,155.0,0.113065351786152,0.6355506785654157,0.570963745929082,109199.0,326.67,16.5411742279832
2023-10,155.0,0.113065351786152,0.6355506785654157,0.570963745929082,109199.0,327.0,16.5411742279832
2023-10,155.0,0.113065351786152,0.6355506785654157,0.570963745929082,109199.0,326.5,16.5411742279832
2023-10,155.0,0.113065351786152,0.6355506785654157,0.570963745929082,109199.0,327.3,16.5411742279832
2023-10,155.0,0.113065351786152,0.6355506785654157,0.570963745929082,109199.0,324.5,16.5411742279832
2023-10,155.0,0.113065351786152,0.6355506785654157,0.570963745929082,109199.0,327.5,16.5411742279832
2023-10,155.0,0.113065351786152,0.6355506785654157,0.570963745929082,109199.0,326.25,16.5411742279832
2023-10,155.0,0.113065351786152,0.6355506785654157,0.570963745929082,109199.0,324.0,16.5411742279832
2023-10,155.0,0.113065351786152,0.6355506785654157,0.570963745929082,109199.0,323.6,16.5411742279832
2023-10,155.0,0.113065351786152,0.6355506785654157,0.570963745929082,109199.0,323.25,16.5411742279832
2023-10,155.0,0.113065351786152,0.6355506785654157,0.570963745929082,109199.0,323.25,16.5411742279832
2023-10,155.0,0.113065351786152,0.6355506785654157,0.570963745929082,109199.0,323.5,16.5411742279832
2023-10,155.0,0.113065351786152,0.6355506785654157,0.570963745929082,109199.0,,16.5411742279832
2023-10,155.0,0.113065351786152,0.6355506785654157,0.570963745929082,109199.0,323.75,16.5411742279832
2023-10,155.0,0.113065351786152,0.6355506785654157,0.570963745929082,109199.0,323.95,16.5411742279832
2023-10,155.0,0.113065351786152,0.6355506785654157,0.570963745929082,109199.0,323.25,16.5411742279832
2023-10,155.0,0.113065351786152,0.6355506785654157,0.570963745929082,109199.0,323.5,16.5411742279832
2023-10,155.0,0.113065351786152,0.6355506785654157,0.570963745929082,109199.0,324.1,16.5411742279832
2023-10,155.0,0.113065351786152,0.6355506785654157,0.570963745929082,109199.0,323.9,16.5411742279832
2023-11,191.0,0.0364296827952899,0.6446331027529332,0.1915288887006768,151496.0,328.25,16.5411742279832
2023-11,191.0,0.0364296827952899,0.6446331027529332,0.1915288887006768,151496.0,327.36,16.5411742279832
2023-11,191.0,0.0364296827952899,0.6446331027529332,0.1915288887006768,151496.0,328.3,16.5411742279832
2023-11,191.0,0.0364296827952899,0.6446331027529332,0.1915288887006768,151496.0,,16.5411742279832
2023-11,191.0,0.0364296827952899,0.6446331027529332,0.1915288887006768,151496.0,327.5,16.5411742279832
2023-11,191.0,0.0364296827952899,0.6446331027529332,0.1915288887006768,151496.0,328.75,16.5411742279832
2023-11,191.0,0.0364296827952899,0.6446331027529332,0.1915288887006768,151496.0,329.0,16.5411742279832
2023-11,191.0,0.0364296827952899,0.6446331027529332,0.1915288887006768,151496.0,327.75,16.5411742279832
2023-11,191.0,0.0364296827952899,0.6446331027529332,0.1915288887006768,151496.0,328.2,16.5411742279832
2023-11,191.0,0.0364296827952899,0.6446331027529332,0.1915288887006768,151496.0,327.75,16.5411742279832
2023-11,191.0,0.0364296827952899,0.6446331027529332,0.1915288887006768,151496.0,328.25,16.5411742279832
2023-11,191.0,0.0364296827952899,0.6446331027529332,0.1915288887006768,151496.0,327.6,16.5411742279832
2023-11,191.0,0.0364296827952899,0.6446331027529332,0.1915288887006768,151496.0,328.5,16.5411742279832
2023-11,191.0,0.0364296827952899,0.6446331027529332,0.1915288887006768,151496.0,328.75,16.5411742279832
2023-11,191.0,0.0364296827952899,0.6446331027529332,0.1915288887006768,151496.0,328.5,16.5411742279832
2023-11,191.0,0.0364296827952899,0.6446331027529332,0.1915288887006768,151496.0,326.5,16.5411742279832
2023-11,191.0,0.0364296827952899,0.6446331027529332,0.1915288887006768,151496.0,327.5,16.5411742279832
2023-11,191.0,0.0364296827952899,0.6446331027529332,0.1915288887006768,151496.0,328.25,16.5411742279832
2023-11,191.0,0.0364296827952899,0.6446331027529332,0.1915288887006768,151496.0,327.0,16.5411742279832
2023-11,191.0,0.0364296827952899,0.6446331027529332,0.1915288887006768,151496.0,,16.5411742279832
2023-11,191.0,0.0364296827952899,0.6446331027529332,0.1915288887006768,151496.0,326.5,16.5411742279832
2023-11,191.0,0.0364296827952899,0.6446331027529332,0.1915288887006768,151496.0,327.5,16.5411742279832
2023-12,107.0,0.1316439052608525,0.6263038835525263,0.6163740396824202,210352.0,326.75,16.5411742279832
2023-12,107.0,0.1316439052608525,0.6263038835525263,0.6163740396824202,210352.0,323.8,16.5411742279832
2023-12,107.0,0.1316439052608525,0.6263038835525263,0.6163740396824202,210352.0,323.8,16.5411742279832
2023-12,107.0,0.1316439052608525,0.6263038835525263,0.6163740396824202,210352.0,323.75,16.5411742279832
2023-12,107.0,0.1316439052608525,0.6263038835525263,0.6163740396824202,210352.0,324.97,16.5411742279832
2023-12,107.0,0.1316439052608525,0.6263038835525263,0.6163740396824202,210352.0,,16.5411742279832
2023-12,107.0,0.1316439052608525,0.6263038835525263,0.6163740396824202,210352.0,325.3,16.5411742279832
2023-12,107.0,0.1316439052608525,0.6263038835525263,0.6163740396824202,210352.0,326.15,16.5411742279832
2023-12,107.0,0.1316439052608525,0.6263038835525263,0.6163740396824202,210352.0,326.75,16.5411742279832
2023-12,107.0,0.1316439052608525,0.6263038835525263,0.6163740396824202,210352.0,326.75,16.5411742279832
2023-12,107.0,0.1316439052608525,0.6263038835525263,0.6163740396824202,210352.0,326.85,16.5411742279832
2023-12,107.0,0.1316439052608525,0.6263038835525263,0.6163740396824202,210352.0,326.4,16.5411742279832
2023-12,107.0,0.1316439052608525,0.6263038835525263,0.6163740396824202,210352.0,326.5,16.5411742279832
2023-12,107.0,0.1316439052608525,0.6263038835525263,0.6163740396824202,210352.0,326.75,16.5411742279832
2023-12,107.0,0.1316439052608525,0.6263038835525263,0.6163740396824202,210352.0,326.75,16.5411742279832
2023-12,107.0,0.1316439052608525,0.6263038835525263,0.6163740396824202,210352.0,326.75,16.5411742279832
2023-12,107.0,0.1316439052608525,0.6263038835525263,0.6163740396824202,210352.0,326.5,16.5411742279832
2023-12,107.0,0.1316439052608525,0.6263038835525263,0.6163740396824202,210352.0,326.8,16.5411742279832
2023-12,107.0,0.1316439052608525,0.6263038835525263,0.6163740396824202,210352.0,327.8,16.5411742279832
2023-12,107.0,0.1316439052608525,0.6263038835525263,0.6163740396824202,210352.0,327.85,16.5411742279832
2023-12,107.0,0.1316439052608525,0.6263038835525263,0.6163740396824202,210352.0,327.25,16.5411742279832
2024-01,139.0,-0.0315268740808363,0.6292119107590308,-0.1557945384101225,208253.0,320.1,-0.42936004906973
2024-01,139.0,-0.0315268740808363,0.6292119107590308,-0.1557945384101225,208253.0,319.8,-0.42936004906973
2024-01,139.0,-0.0315268740808363,0.6292119107590308,-0.1557945384101225,208253.0,319.7,-0.42936004906973
2024-01,139.0,-0.0315268740808363,0.6292119107590308,-0.1557945384101225,208253.0,318.0,-0.42936004906973
2024-01,139.0,-0.0315268740808363,0.6292119107590308,-0.1557945384101225,208253.0,315.7,-0.42936004906973
2024-01,139.0,-0.0315268740808363,0.6292119107590308,-0.1557945384101225,208253.0,317.5,-0.42936004906973
2024-01,139.0,-0.0315268740808363,0.6292119107590308,-0.1557945384101225,208253.0,317.6,-0.42936004906973
2024-01,139.0,-0.0315268740808363,0.6292119107590308,-0.1557945384101225,208253.0,316.8,-0.42936004906973
2024-01,139.0,-0.0315268740808363,0.6292119107590308,-0.1557945384101225,208253.0,320.5,-0.42936004906973
2024-01,139.0,-0.0315268740808363,0.6292119107590308,-0.1557945384101225,208253.0,317.97,-0.42936004906973
2024-01,139.0,-0.0315268740808363,0.6292119107590308,-0.1557945384101225,208253.0,320.8,-0.42936004906973
2024-01,139.0,-0.0315268740808363,0.6292119107590308,-0.1557945384101225,208253.0,,-0.42936004906973
2024-01,139.0,-0.0315268740808363,0.6292119107590308,-0.1557945384101225,208253.0,,-0.42936004906973
2024-01,139.0,-0.0315268740808363,0.6292119107590308,-0.1557945384101225,208253.0,322.0,-0.42936004906973
2024-01,139.0,-0.0315268740808363,0.6292119107590308,-0.1557945384101225,208253.0,322.5,-0.42936004906973
2024-01,139.0,-0.0315268740808363,0.6292119107590308,-0.1557945384101225,208253.0,322.75,-0.42936004906973
2024-01,139.0,-0.0315268740808363,0.6292119107590308,-0.1557945384101225,208253.0,322.4,-0.42936004906973
2024-01,139.0,-0.0315268740808363,0.6292119107590308,-0.1557945384101225,208253.0,322.2,-0.42936004906973
2024-01,139.0,-0.0315268740808363,0.6292119107590308,-0.1557945384101225,208253.0,322.5,-0.42936004906973
2024-01,139.0,-0.0315268740808363,0.6292119107590308,-0.1557945384101225,208253.0,322.5,-0.42936004906973
2024-01,139.0,-0.0315268740808363,0.6292119107590308,-0.1557945384101225,208253.0,322.5,-0.42936004906973
2024-01,139.0,-0.0315268740808363,0.6292119107590308,-0.1557945384101225,208253.0,321.5,-0.42936004906973
2024-01,139.0,-0.0315268740808363,0.6292119107590308,-0.1557945384101225,208253.0,321.4,-0.42936004906973
2024-02,118.0,0.1483156554779764,0.5838065394478942,0.7088188334910327,218350.0,,-0.42936004906973
2024-02,118.0,0.1483156554779764,0.5838065394478942,0.7088188334910327,218350.0,311.8,-0.42936004906973
2024-02,118.0,0.1483156554779764,0.5838065394478942,0.7088188334910327,218350.0,311.3,-0.42936004906973
2024-02,118.0,0.1483156554779764,0.5838065394478942,0.7088188334910327,218350.0,310.7,-0.42936004906973
2024-02,118.0,0.1483156554779764,0.5838065394478942,0.7088188334910327,218350.0,312.2,-0.42936004906973
2024-02,118.0,0.1483156554779764,0.5838065394478942,0.7088188334910327,218350.0,310.7,-0.42936004906973
2024-02,118.0,0.1483156554779764,0.5838065394478942,0.7088188334910327,218350.0,310.25,-0.42936004906973
2024-02,118.0,0.1483156554779764,0.5838065394478942,0.7088188334910327,218350.0,310.0,-0.42936004906973
2024-02,118.0,0.1483156554779764,0.5838065394478942,0.7088188334910327,218350.0,310.04,-0.42936004906973
2024-02,118.0,0.1483156554779764,0.5838065394478942,0.7088188334910327,218350.0,312.7,-0.42936004906973
2024-02,118.0,0.1483156554779764,0.5838065394478942,0.7088188334910327,218350.0,309.5,-0.42936004906973
2024-02,118.0,0.1483156554779764,0.5838065394478942,0.7088188334910327,218350.0,313.0,-0.42936004906973
2024-02,118.0,0.1483156554779764,0.5838065394478942,0.7088188334910327,218350.0,313.2,-0.42936004906973
2024-02,118.0,0.1483156554779764,0.5838065394478942,0.7088188334910327,218350.0,311.5,-0.42936004906973
2024-02,118.0,0.1483156554779764,0.5838065394478942,0.7088188334910327,218350.0,312.4,-0.42936004906973
2024-02,118.0,0.1483156554779764,0.5838065394478942,0.7088188334910327,218350.0,313.5,-0.42936004906973
2024-02,118.0,0.1483156554779764,0.5838065394478942,0.7088188334910327,218350.0,313.1,-0.42936004906973
2024-02,118.0,0.1483156554779764,0.5838065394478942,0.7088188334910327,218350.0,312.75,-0.42936004906973
2024-02,118.0,0.1483156554779764,0.5838065394478942,0.7088188334910327,218350.0,312.6,-0.42936004906973
2024-02,118.0,0.1483156554779764,0.5838065394478942,0.7088188334910327,218350.0,313.25,-0.42936004906973
2024-02,118.0,0.1483156554779764,0.5838065394478942,0.7088188334910327,218350.0,312.75,-0.42936004906973
2024-03,136.0,0.0950404872350832,0.6345706148894901,0.4675973843780212,209181.0,300.3,-0.42936004906973
2024-03,136.0,0.0950404872350832,0.6345706148894901,0.4675973843780212,209181.0,300.3,-0.42936004906973
2024-03,136.0,0.0950404872350832,0.6345706148894901,0.4675973843780212,209181.0,300.8,-0.42936004906973
2024-03,136.0,0.0950404872350832,0.6345706148894901,0.4675973843780212,209181.0,301.8,-0.42936004906973
2024-03,136.0,0.0950404872350832,0.6345706148894901,0.4675973843780212,209181.0,302.6,-0.42936004906973
2024-03,136.0,0.0950404872350832,0.6345706148894901,0.4675973843780212,209181.0,303.2,-0.42936004906973
2024-03,136.0,0.0950404872350832,0.6345706148894901,0.4675973843780212,209181.0,303.85,-0.42936004906973
2024-03,136.0,0.0950404872350832,0.6345706148894901,0.4675973843780212,209181.0,303.85,-0.42936004906973
2024-03,136.0,0.0950404872350832,0.6345706148894901,0.4675973843780212,209181.0,304.4,-0.42936004906973
2024-03,136.0,0.0950404872350832,0.6345706148894901,0.4675973843780212,209181.0,304.05,-0.42936004906973
2024-03,136.0,0.0950404872350832,0.6345706148894901,0.4675973843780212,209181.0,305.15,-0.42936004906973
2024-03,136.0,0.0950404872350832,0.6345706148894901,0.4675973843780212,209181.0,306.0,-0.42936004906973
2024-03,136.0,0.0950404872350832,0.6345706148894901,0.4675973843780212,209181.0,306.4,-0.42936004906973
2024-03,136.0,0.0950404872350832,0.6345706148894901,0.4675973843780212,209181.0,306.9,-0.42936004906973
2024-03,136.0,0.0950404872350832,0.6345706148894901,0.4675973843780212,209181.0,307.05,-0.42936004906973
2024-03,136.0,0.0950404872350832,0.6345706148894901,0.4675973843780212,209181.0,307.25,-0.42936004906973
2024-03,136.0,0.0950404872350832,0.6345706148894901,0.4675973843780212,209181.0,307.6,-0.42936004906973
2024-03,136.0,0.0950404872350832,0.6345706148894901,0.4675973843780212,209181.0,307.9,-0.42936004906973
2024-03,136.0,0.0950404872350832,0.6345706148894901,0.4675973843780212,209181.0,307.8,-0.42936004906973
2024-03,136.0,0.0950404872350832,0.6345706148894901,0.4675973843780212,209181.0,308.7,-0.42936004906973
2024-03,136.0,0.0950404872350832,0.6345706148894901,0.4675973843780212,209181.0,305.5,-0.42936004906973
2024-04,139.0,0.1214110834135426,0.6290085963927436,0.599970160371319,148867.0,300.68,-0.42936004906973
2024-04,139.0,0.1214110834135426,0.6290085963927436,0.599970160371319,148867.0,301.0,-0.42936004906973
2024-04,139.0,0.1214110834135426,0.6290085963927436,0.599970160371319,148867.0,301.37,-0.42936004906973
2024-04,139.0,0.1214110834135426,0.6290085963927436,0.599970160371319,148867.0,299.9,-0.42936004906973
2024-04,139.0,0.1214110834135426,0.6290085963927436,0.599970160371319,148867.0,301.0,-0.42936004906973
2024-04,139.0,0.1214110834135426,0.6290085963927436,0.599970160371319,148867.0,296.8,-0.42936004906973
2024-04,139.0,0.1214110834135426,0.6290085963927436,0.599970160371319,148867.0,295.9,-0.42936004906973
2024-04,139.0,0.1214110834135426,0.6290085963927436,0.599970160371319,148867.0,296.5,-0.42936004906973
2024-04,139.0,0.1214110834135426,0.6290085963927436,0.599970160371319,148867.0,297.75,-0.42936004906973
2024-04,139.0,0.1214110834135426,0.6290085963927436,0.599970160371319,148867.0,297.25,-0.42936004906973
2024-04,139.0,0.1214110834135426,0.6290085963927436,0.599970160371319,148867.0,299.75,-0.42936004906973
2024-04,139.0,0.1214110834135426,0.6290085963927436,0.599970160371319,148867.0,298.19,-0.42936004906973
2024-04,139.0,0.1214110834135426,0.6290085963927436,0.599970160371319,148867.0,300.0,-0.42936004906973
2024-04,139.0,0.1214110834135426,0.6290085963927436,0.599970160371319,148867.0,299.85,-0.42936004906973
2024-04,139.0,0.1214110834135426,0.6290085963927436,0.599970160371319,148867.0,299.75,-0.42936004906973
2024-04,139.0,0.1214110834135426,0.6290085963927436,0.599970160371319,148867.0,299.65,-0.42936004906973
2024-04,139.0,0.1214110834135426,0.6290085963927436,0.599970160371319,148867.0,298.9,-0.42936004906973
2024-04,139.0,0.1214110834135426,0.6290085963927436,0.599970160371319,148867.0,298.8,-0.42936004906973
2024-04,139.0,0.1214110834135426,0.6290085963927436,0.599970160371319,148867.0,298.55,-0.42936004906973
2024-04,139.0,0.1214110834135426,0.6290085963927436,0.599970160371319,148867.0,298.4,-0.42936004906973
2024-04,139.0,0.1214110834135426,0.6290085963927436,0.599970160371319,148867.0,298.1,-0.42936004906973
2024-04,139.0,0.1214110834135426,0.6290085963927436,0.599970160371319,148867.0,299.2,-0.42936004906973
2024-05,136.0,0.0196977202944895,0.6027430368705129,0.0969124081311862,112128.0,299.3,-0.42936004906973
2024-05,136.0,0.0196977202944895,0.6027430368705129,0.0969124081311862,112128.0,301.85,-0.42936004906973
2024-05,136.0,0.0196977202944895,0.6027430368705129,0.0969124081311862,112128.0,301.4,-0.42936004906973
2024-05,136.0,0.0196977202944895,0.6027430368705129,0.0969124081311862,112128.0,301.7,-0.42936004906973
2024-05,136.0,0.0196977202944895,0.6027430368705129,0.0969124081311862,112128.0,,-0.42936004906973
2024-05,136.0,0.0196977202944895,0.6027430368705129,0.0969124081311862,112128.0,299.61,-0.42936004906973
2024-05,136.0,0.0196977202944895,0.6027430368705129,0.0969124081311862,112128.0,299.76,-0.42936004906973
2024-05,136.0,0.0196977202944895,0.6027430368705129,0.0969124081311862,112128.0,299.9,-0.42936004906973
2024-05,136.0,0.0196977202944895,0.6027430368705129,0.0969124081311862,112128.0,299.8,-0.42936004906973
2024-05,136.0,0.0196977202944895,0.6027430368705129,0.0969124081311862,112128.0,299.55,-0.42936004906973
2024-05,136.0,0.0196977202944895,0.6027430368705129,0.0969124081311862,112128.0,301.8,-0.42936004906973
2024-05,136.0,0.0196977202944895,0.6027430368705129,0.0969124081311862,112128.0,301.78,-0.42936004906973
2024-05,136.0,0.0196977202944895,0.6027430368705129,0.0969124081311862,112128.0,300.5,-0.42936004906973
2024-05,136.0,0.0196977202944895,0.6027430368705129,0.0969124081311862,112128.0,300.6,-0.42936004906973
2024-05,136.0,0.0196977202944895,0.6027430368705129,0.0969124081311862,112128.0,296.9,-0.42936004906973
2024-05,136.0,0.0196977202944895,0.6027430368705129,0.0969124081311862,112128.0,297.0,-0.42936004906973
2024-05,136.0,0.0196977202944895,0.6027430368705129,0.0969124081311862,112128.0,297.19,-0.42936004906973
2024-05,136.0,0.0196977202944895,0.6027430368705129,0.0969124081311862,112128.0,297.16,-0.42936004906973
2024-05,136.0,0.0196977202944895,0.6027430368705129,0.0969124081311862,112128.0,298.4,-0.42936004906973
2024-05,136.0,0.0196977202944895,0.6027430368705129,0.0969124081311862,112128.0,298.6,-0.42936004906973
2024-05,136.0,0.0196977202944895,0.6027430368705129,0.0969124081311862,112128.0,298.5,-0.42936004906973
2024-05,136.0,0.0196977202944895,0.6027430368705129,0.0969124081311862,112128.0,300.0,-0.42936004906973
2024-05,136.0,0.0196977202944895,0.6027430368705129,0.0969124081311862,112128.0,299.4,-0.42936004906973
2024-06,133.0,0.1202456108609536,0.6546893944833342,0.5889437386441884,113470.0,304.6,-0.42936004906973
2024-06,133.0,0.1202456108609536,0.6546893944833342,0.5889437386441884,113470.0,305.5,-0.42936004906973
2024-06,133.0,0.1202456108609536,0.6546893944833342,0.5889437386441884,113470.0,305.3,-0.42936004906973
2024-06,133.0,0.1202456108609536,0.6546893944833342,0.5889437386441884,113470.0,305.1,-0.42936004906973
2024-06,133.0,0.1202456108609536,0.6546893944833342,0.5889437386441884,113470.0,305.0,-0.42936004906973
2024-06,133.0,0.1202456108609536,0.6546893944833342,0.5889437386441884,113470.0,304.88,-0.42936004906973
2024-06,133.0,0.1202456108609536,0.6546893944833342,0.5889437386441884,113470.0,305.1,-0.42936004906973
2024-06,133.0,0.1202456108609536,0.6546893944833342,0.5889437386441884,113470.0,305.9,-0.42936004906973
2024-06,133.0,0.1202456108609536,0.6546893944833342,0.5889437386441884,113470.0,303.56,-0.42936004906973
2024-06,133.0,0.1202456108609536,0.6546893944833342,0.5889437386441884,113470.0,,-0.42936004906973
2024-06,133.0,0.1202456108609536,0.6546893944833342,0.5889437386441884,113470.0,303.75,-0.42936004906973
2024-06,133.0,0.1202456108609536,0.6546893944833342,0.5889437386441884,113470.0,303.7,-0.42936004906973
2024-06,133.0,0.1202456108609536,0.6546893944833342,0.5889437386441884,113470.0,303.2,-0.42936004906973
2024-06,133.0,0.1202456108609536,0.6546893944833342,0.5889437386441884,113470.0,303.1,-0.42936004906973
2024-06,133.0,0.1202456108609536,0.6546893944833342,0.5889437386441884,113470.0,302.5,-0.42936004906973
2024-06,133.0,0.1202456108609536,0.6546893944833342,0.5889437386441884,113470.0,302.8,-0.42936004906973
2024-06,133.0,0.1202456108609536,0.6546893944833342,0.5889437386441884,113470.0,302.25,-0.42936004906973
2024-06,133.0,0.1202456108609536,0.6546893944833342,0.5889437386441884,113470.0,302.05,-0.42936004906973
2024-06,133.0,0.1202456108609536,0.6546893944833342,0.5889437386441884,113470.0,301.8,-0.42936004906973
2024-06,133.0,0.1202456108609536,0.6546893944833342,0.5889437386441884,113470.0,303.8,-0.42936004906973
2024-07,147.0,0.1437138505533439,0.6068841559010829,0.7181686178950718,187810.0,303.7,-0.42936004906973
2024-07,147.0,0.1437138505533439,0.6068841559010829,0.7181686178950718,187810.0,303.5,-0.42936004906973
2024-07,147.0,0.1437138505533439,0.6068841559010829,0.7181686178950718,187810.0,303.75,-0.42936004906973
2024-07,147.0,0.1437138505533439,0.6068841559010829,0.7181686178950718,187810.0,303.5,-0.42936004906973
2024-07,147.0,0.1437138505533439,0.6068841559010829,0.7181686178950718,187810.0,302.4,-0.42936004906973
2024-07,147.0,0.1437138505533439,0.6068841559010829,0.7181686178950718,187810.0,303.2,-0.42936004906973
2024-07,147.0,0.1437138505533439,0.6068841559010829,0.7181686178950718,187810.0,302.9,-0.42936004906973
2024-07,147.0,0.1437138505533439,0.6068841559010829,0.7181686178950718,187810.0,302.6,-0.42936004906973
2024-07,147.0,0.1437138505533439,0.6068841559010829,0.7181686178950718,187810.0,303.41,-0.42936004906973
2024-07,147.0,0.1437138505533439,0.6068841559010829,0.7181686178950718,187810.0,303.4,-0.42936004906973
2024-07,147.0,0.1437138505533439,0.6068841559010829,0.7181686178950718,187810.0,301.91,-0.42936004906973
2024-07,147.0,0.1437138505533439,0.6068841559010829,0.7181686178950718,187810.0,302.25,-0.42936004906973
2024-07,147.0,0.1437138505533439,0.6068841559010829,0.7181686178950718,187810.0,301.65,-0.42936004906973
2024-07,147.0,0.1437138505533439,0.6068841559010829,0.7181686178950718,187810.0,305.0,-0.42936004906973
2024-07,147.0,0.1437138505533439,0.6068841559010829,0.7181686178950718,187810.0,302.5,-0.42936004906973
2024-07,147.0,0.1437138505533439,0.6068841559010829,0.7181686178950718,187810.0,304.2,-0.42936004906973
2024-07,147.0,0.1437138505533439,0.6068841559010829,0.7181686178950718,187810.0,,-0.42936004906973
2024-07,147.0,0.1437138505533439,0.6068841559010829,0.7181686178950718,187810.0,302.3,-0.42936004906973
2024-07,147.0,0.1437138505533439,0.6068841559010829,0.7181686178950718,187810.0,304.25,-0.42936004906973
2024-07,147.0,0.1437138505533439,0.6068841559010829,0.7181686178950718,187810.0,303.9,-0.42936004906973
2024-07,147.0,0.1437138505533439,0.6068841559010829,0.7181686178950718,187810.0,303.6,-0.42936004906973
2024-07,147.0,0.1437138505533439,0.6068841559010829,0.7181686178950718,187810.0,302.8,-0.42936004906973
2024-07,147.0,0.1437138505533439,0.6068841559010829,0.7181686178950718,187810.0,304.5,-0.42936004906973
2024-08,113.0,0.0627312610107185,0.6251299660454948,0.2971077010647954,164609.0,298.7,-0.42936004906973
2024-08,113.0,0.0627312610107185,0.6251299660454948,0.2971077010647954,164609.0,300.0,-0.42936004906973
2024-08,113.0,0.0627312610107185,0.6251299660454948,0.2971077010647954,164609.0,300.5,-0.42936004906973
2024-08,113.0,0.0627312610107185,0.6251299660454948,0.2971077010647954,164609.0,300.3,-0.42936004906973
2024-08,113.0,0.0627312610107185,0.6251299660454948,0.2971077010647954,164609.0,300.7,-0.42936004906973
2024-08,113.0,0.0627312610107185,0.6251299660454948,0.2971077010647954,164609.0,299.7,-0.42936004906973
2024-08,113.0,0.0627312610107185,0.6251299660454948,0.2971077010647954,164609.0,301.0,-0.42936004906973
2024-08,113.0,0.0627312610107185,0.6251299660454948,0.2971077010647954,164609.0,300.25,-0.42936004906973
2024-08,113.0,0.0627312610107185,0.6251299660454948,0.2971077010647954,164609.0,299.4,-0.42936004906973
2024-08,113.0,0.0627312610107185,0.6251299660454948,0.2971077010647954,164609.0,298.5,-0.42936004906973
2024-08,113.0,0.0627312610107185,0.6251299660454948,0.2971077010647954,164609.0,299.02,-0.42936004906973
2024-08,113.0,0.0627312610107185,0.6251299660454948,0.2971077010647954,164609.0,298.9,-0.42936004906973
2024-08,113.0,0.0627312610107185,0.6251299660454948,0.2971077010647954,164609.0,299.05,-0.42936004906973
2024-08,113.0,0.0627312610107185,0.6251299660454948,0.2971077010647954,164609.0,299.4,-0.42936004906973
2024-08,113.0,0.0627312610107185,0.6251299660454948,0.2971077010647954,164609.0,299.95,-0.42936004906973
2024-08,113.0,0.0627312610107185,0.6251299660454948,0.2971077010647954,164609.0,300.8,-0.42936004906973
2024-08,113.0,0.0627312610107185,0.6251299660454948,0.2971077010647954,164609.0,301.5,-0.42936004906973
2024-08,113.0,0.0627312610107185,0.6251299660454948,0.2971077010647954,164609.0,302.0,-0.42936004906973
2024-08,113.0,0.0627312610107185,0.6251299660454948,0.2971077010647954,164609.0,302.3,-0.42936004906973
2024-08,113.0,0.0627312610107185,0.6251299660454948,0.2971077010647954,164609.0,301.8,-0.42936004906973
2024-08,113.0,0.0627312610107185,0.6251299660454948,0.2971077010647954,164609.0,302.2,-0.42936004906973
2024-08,113.0,0.0627312610107185,0.6251299660454948,0.2971077010647954,164609.0,299.1,-0.42936004906973
2024-09,104.0,0.1380294128679312,0.6019705435881134,0.6423834146428745,122140.0,304.2,-0.42936004906973
2024-09,104.0,0.1380294128679312,0.6019705435881134,0.6423834146428745,122140.0,304.84,-0.42936004906973
2024-09,104.0,0.1380294128679312,0.6019705435881134,0.6423834146428745,122140.0,304.1,-0.42936004906973
2024-09,104.0,0.1380294128679312,0.6019705435881134,0.6423834146428745,122140.0,303.0,-0.42936004906973
2024-09,104.0,0.1380294128679312,0.6019705435881134,0.6423834146428745,122140.0,303.2,-0.42936004906973
2024-09,104.0,0.1380294128679312,0.6019705435881134,0.6423834146428745,122140.0,299.7,-0.42936004906973
2024-09,104.0,0.1380294128679312,0.6019705435881134,0.6423834146428745,122140.0,298.7,-0.42936004906973
2024-09,104.0,0.1380294128679312,0.6019705435881134,0.6423834146428745,122140.0,296.0,-0.42936004906973
2024-09,104.0,0.1380294128679312,0.6019705435881134,0.6423834146428745,122140.0,300.5,-0.42936004906973
2024-09,104.0,0.1380294128679312,0.6019705435881134,0.6423834146428745,122140.0,301.6,-0.42936004906973
2024-09,104.0,0.1380294128679312,0.6019705435881134,0.6423834146428745,122140.0,301.24,-0.42936004906973
2024-09,104.0,0.1380294128679312,0.6019705435881134,0.6423834146428745,122140.0,301.3,-0.42936004906973
2024-09,104.0,0.1380294128679312,0.6019705435881134,0.6423834146428745,122140.0,300.8,-0.42936004906973
2024-09,104.0,0.1380294128679312,0.6019705435881134,0.6423834146428745,122140.0,300.5,-0.42936004906973
2024-09,104.0,0.1380294128679312,0.6019705435881134,0.6423834146428745,122140.0,300.8,-0.42936004906973
2024-09,104.0,0.1380294128679312,0.6019705435881134,0.6423834146428745,122140.0,298.9,-0.42936004906973
2024-09,104.0,0.1380294128679312,0.6019705435881134,0.6423834146428745,122140.0,298.75,-0.42936004906973
2024-09,104.0,0.1380294128679312,0.6019705435881134,0.6423834146428745,122140.0,298.85,-0.42936004906973
2024-09,104.0,0.1380294128679312,0.6019705435881134,0.6423834146428745,122140.0,299.0,-0.42936004906973
2024-09,104.0,0.1380294128679312,0.6019705435881134,0.6423834146428745,122140.0,,-0.42936004906973
2024-09,104.0,0.1380294128679312,0.6019705435881134,0.6423834146428745,122140.0,301.75,-0.42936004906973
2024-10,105.0,0.083284819977624,0.6057293903811107,0.3883936854297378,135907.0,292.9,-0.42936004906973
2024-10,105.0,0.083284819977624,0.6057293903811107,0.3883936854297378,135907.0,292.9,-0.42936004906973
2024-10,105.0,0.083284819977624,0.6057293903811107,0.3883936854297378,135907.0,293.0,-0.42936004906973
2024-10,105.0,0.083284819977624,0.6057293903811107,0.3883936854297378,135907.0,293.1,-0.42936004906973
2024-10,105.0,0.083284819977624,0.6057293903811107,0.3883936854297378,135907.0,293.3,-0.42936004906973
2024-10,105.0,0.083284819977624,0.6057293903811107,0.3883936854297378,135907.0,292.53,-0.42936004906973
2024-10,105.0,0.083284819977624,0.6057293903811107,0.3883936854297378,135907.0,293.55,-0.42936004906973
2024-10,105.0,0.083284819977624,0.6057293903811107,0.3883936854297378,135907.0,293.6,-0.42936004906973
2024-10,105.0,0.083284819977624,0.6057293903811107,0.3883936854297378,135907.0,292.6,-0.42936004906973
2024-10,105.0,0.083284819977624,0.6057293903811107,0.3883936854297378,135907.0,293.55,-0.42936004906973
2024-10,105.0,0.083284819977624,0.6057293903811107,0.3883936854297378,135907.0,292.8,-0.42936004906973
2024-10,105.0,0.083284819977624,0.6057293903811107,0.3883936854297378,135907.0,293.4,-0.42936004906973
2024-10,105.0,0.083284819977624,0.6057293903811107,0.3883936854297378,135907.0,,-0.42936004906973
2024-10,105.0,0.083284819977624,0.6057293903811107,0.3883936854297378,135907.0,293.0,-0.42936004906973
2024-10,105.0,0.083284819977624,0.6057293903811107,0.3883936854297378,135907.0,295.0,-0.42936004906973
2024-10,105.0,0.083284819977624,0.6057293903811107,0.3883936854297378,135907.0,293.8,-0.42936004906973
2024-10,105.0,0.083284819977624,0.6057293903811107,0.3883936854297378,135907.0,293.8,-0.42936004906973
2024-10,105.0,0.083284819977624,0.6057293903811107,0.3883936854297378,135907.0,294.75,-0.42936004906973
2024-10,105.0,0.083284819977624,0.6057293903811107,0.3883936854297378,135907.0,293.0,-0.42936004906973
2024-10,105.0,0.083284819977624,0.6057293903811107,0.3883936854297378,135907.0,292.9,-0.42936004906973
2024-10,105.0,0.083284819977624,0.6057293903811107,0.3883936854297378,135907.0,292.7,-0.42936004906973
2024-10,105.0,0.083284819977624,0.6057293903811107,0.3883936854297378,135907.0,292.7,-0.42936004906973
2024-10,105.0,0.083284819977624,0.6057293903811107,0.3883936854297378,135907.0,293.2,-0.42936004906973
2024-11,94.0,0.1382178721275735,0.6840520908218359,0.6294271738879557,184158.0,290.6,-0.42936004906973
2024-11,94.0,0.1382178721275735,0.6840520908218359,0.6294271738879557,184158.0,290.9,-0.42936004906973
2024-11,94.0,0.1382178721275735,0.6840520908218359,0.6294271738879557,184158.0,,-0.42936004906973
2024-11,94.0,0.1382178721275735,0.6840520908218359,0.6294271738879557,184158.0,290.9,-0.42936004906973
2024-11,94.0,0.1382178721275735,0.6840520908218359,0.6294271738879557,184158.0,291.1,-0.42936004906973
2024-11,94.0,0.1382178721275735,0.6840520908218359,0.6294271738879557,184158.0,290.9,-0.42936004906973
2024-11,94.0,0.1382178721275735,0.6840520908218359,0.6294271738879557,184158.0,291.0,-0.42936004906973
2024-11,94.0,0.1382178721275735,0.6840520908218359,0.6294271738879557,184158.0,290.9,-0.42936004906973
2024-11,94.0,0.1382178721275735,0.6840520908218359,0.6294271738879557,184158.0,290.9,-0.42936004906973
2024-11,94.0,0.1382178721275735,0.6840520908218359,0.6294271738879557,184158.0,291.3,-0.42936004906973
2024-11,94.0,0.1382178721275735,0.6840520908218359,0.6294271738879557,184158.0,,-0.42936004906973
2024-11,94.0,0.1382178721275735,0.6840520908218359,0.6294271738879557,184158.0,292.1,-0.42936004906973
2024-11,94.0,0.1382178721275735,0.6840520908218359,0.6294271738879557,184158.0,292.2,-0.42936004906973
2024-11,94.0,0.1382178721275735,0.6840520908218359,0.6294271738879557,184158.0,292.35,-0.42936004906973
2024-11,94.0,0.1382178721275735,0.6840520908218359,0.6294271738879557,184158.0,292.5,-0.42936004906973
2024-11,94.0,0.1382178721275735,0.6840520908218359,0.6294271738879557,184158.0,292.55,-0.42936004906973
2024-11,94.0,0.1382178721275735,0.6840520908218359,0.6294271738879557,184158.0,292.75,-0.42936004906973
2024-11,94.0,0.1382178721275735,0.6840520908218359,0.6294271738879557,184158.0,293.0,-0.42936004906973
2024-11,94.0,0.1382178721275735,0.6840520908218359,0.6294271738879557,184158.0,293.1,-0.42936004906973
2024-11,94.0,0.1382178721275735,0.6840520908218359,0.6294271738879557,184158.0,292.9,-0.42936004906973
2024-11,94.0,0.1382178721275735,0.6840520908218359,0.6294271738879557,184158.0,291.92,-0.42936004906973
2024-12,113.0,0.034581379552858,0.6707587394990913,0.1637842761815875,248592.0,295.71,-0.42936004906973
2024-12,113.0,0.034581379552858,0.6707587394990913,0.1637842761815875,248592.0,292.8,-0.42936004906973
2024-12,113.0,0.034581379552858,0.6707587394990913,0.1637842761815875,248592.0,293.16,-0.42936004906973
2024-12,113.0,0.034581379552858,0.6707587394990913,0.1637842761815875,248592.0,294.5,-0.42936004906973
2024-12,113.0,0.034581379552858,0.6707587394990913,0.1637842761815875,248592.0,291.3,-0.42936004906973
2024-12,113.0,0.034581379552858,0.6707587394990913,0.1637842761815875,248592.0,293.9,-0.42936004906973
2024-12,113.0,0.034581379552858,0.6707587394990913,0.1637842761815875,248592.0,292.0,-0.42936004906973
2024-12,113.0,0.034581379552858,0.6707587394990913,0.1637842761815875,248592.0,293.0,-0.42936004906973
2024-12,113.0,0.034581379552858,0.6707587394990913,0.1637842761815875,248592.0,,-0.42936004906973
2024-12,113.0,0.034581379552858,0.6707587394990913,0.1637842761815875,248592.0,291.0,-0.42936004906973
2024-12,113.0,0.034581379552858,0.6707587394990913,0.1637842761815875,248592.0,292.35,-0.42936004906973
2024-12,113.0,0.034581379552858,0.6707587394990913,0.1637842761815875,248592.0,290.15,-0.42936004906973
2024-12,113.0,0.034581379552858,0.6707587394990913,0.1637842761815875,248592.0,290.7,-0.42936004906973
2024-12,113.0,0.034581379552858,0.6707587394990913,0.1637842761815875,248592.0,290.45,-0.42936004906973
2024-12,113.0,0.034581379552858,0.6707587394990913,0.1637842761815875,248592.0,290.35,-0.42936004906973
2024-12,113.0,0.034581379552858,0.6707587394990913,0.1637842761815875,248592.0,290.25,-0.42936004906973
2024-12,113.0,0.034581379552858,0.6707587394990913,0.1637842761815875,248592.0,290.6,-0.42936004906973
2024-12,113.0,0.034581379552858,0.6707587394990913,0.1637842761815875,248592.0,290.3,-0.42936004906973
2024-12,113.0,0.034581379552858,0.6707587394990913,0.1637842761815875,248592.0,290.2,-0.42936004906973
2024-12,113.0,0.034581379552858,0.6707587394990913,0.1637842761815875,248592.0,290.15,-0.42936004906973
2024-12,113.0,0.034581379552858,0.6707587394990913,0.1637842761815875,248592.0,290.15,-0.42936004906973
2024-12,113.0,0.034581379552858,0.6707587394990913,0.1637842761815875,248592.0,290.25,-0.42936004906973
2025-01,133.0,-0.005674848431035,0.702365666149021,-0.0277944985042126,252761.0,,-4.76386036960983
2025-01,133.0,-0.005674848431035,0.702365666149021,-0.0277944985042126,252761.0,297.8,-4.76386036960983
2025-01,133.0,-0.005674848431035,0.702365666149021,-0.0277944985042126,252761.0,297.4,-4.76386036960983
2025-01,133.0,-0.005674848431035,0.702365666149021,-0.0277944985042126,252761.0,296.4,-4.76386036960983
2025-01,133.0,-0.005674848431035,0.702365666149021,-0.0277944985042126,252761.0,296.8,-4.76386036960983
2025-01,133.0,-0.005674848431035,0.702365666149021,-0.0277944985042126,252761.0,298.4,-4.76386036960983
2025-01,133.0,-0.005674848431035,0.702365666149021,-0.0277944985042126,252761.0,298.1,-4.76386036960983
2025-01,133.0,-0.005674848431035,0.702365666149021,-0.0277944985042126,252761.0,298.5,-4.76386036960983
2025-01,133.0,-0.005674848431035,0.702365666149021,-0.0277944985042126,252761.0,298.5,-4.76386036960983
2025-01,133.0,-0.005674848431035,0.702365666149021,-0.0277944985042126,252761.0,297.4,-4.76386036960983
2025-01,133.0,-0.005674848431035,0.702365666149021,-0.0277944985042126,252761.0,296.3,-4.76386036960983
2025-01,133.0,-0.005674848431035,0.702365666149021,-0.0277944985042126,252761.0,295.5,-4.76386036960983
2025-01,133.0,-0.005674848431035,0.702365666149021,-0.0277944985042126,252761.0,,-4.76386036960983
2025-01,133.0,-0.005674848431035,0.702365666149021,-0.0277944985042126,252761.0,294.42,-4.76386036960983
2025-01,133.0,-0.005674848431035,0.702365666149021,-0.0277944985042126,252761.0,294.42,-4.76386036960983
2025-01,133.0,-0.005674848431035,0.702365666149021,-0.0277944985042126,252761.0,294.4,-4.76386036960983
2025-01,133.0,-0.005674848431035,0.702365666149021,-0.0277944985042126,252761.0,294.5,-4.76386036960983
2025-01,133.0,-0.005674848431035,0.702365666149021,-0.0277944985042126,252761.0,295.8,-4.76386036960983
2025-01,133.0,-0.005674848431035,0.702365666149021,-0.0277944985042126,252761.0,295.25,-4.76386036960983
2025-01,133.0,-0.005674848431035,0.702365666149021,-0.0277944985042126,252761.0,295.5,-4.76386036960983
2025-01,133.0,-0.005674848431035,0.702365666149021,-0.0277944985042126,252761.0,293.34,-4.76386036960983
2025-01,133.0,-0.005674848431035,0.702365666149021,-0.0277944985042126,252761.0,293.1,-4.76386036960983
2025-01,133.0,-0.005674848431035,0.702365666149021,-0.0277944985042126,252761.0,296.2,-4.76386036960983
2025-02,125.0,0.1989277017116546,0.6437063536491353,0.962070444579516,240217.0,296.8,-4.76386036960983
2025-02,125.0,0.1989277017116546,0.6437063536491353,0.962070444579516,240217.0,296.0,-4.76386036960983
2025-02,125.0,0.1989277017116546,0.6437063536491353,0.962070444579516,240217.0,295.7,-4.76386036960983
2025-02,125.0,0.1989277017116546,0.6437063536491353,0.962070444579516,240217.0,295.55,-4.76386036960983
2025-02,125.0,0.1989277017116546,0.6437063536491353,0.962070444579516,240217.0,296.0,-4.76386036960983
2025-02,125.0,0.1989277017116546,0.6437063536491353,0.962070444579516,240217.0,295.47,-4.76386036960983
2025-02,125.0,0.1989277017116546,0.6437063536491353,0.962070444579516,240217.0,295.25,-4.76386036960983
2025-02,125.0,0.1989277017116546,0.6437063536491353,0.962070444579516,240217.0,295.2,-4.76386036960983
2025-02,125.0,0.1989277017116546,0.6437063536491353,0.962070444579516,240217.0,295.5,-4.76386036960983
2025-02,125.0,0.1989277017116546,0.6437063536491353,0.962070444579516,240217.0,,-4.76386036960983
2025-02,125.0,0.1989277017116546,0.6437063536491353,0.962070444579516,240217.0,295.7,-4.76386036960983
2025-02,125.0,0.1989277017116546,0.6437063536491353,0.962070444579516,240217.0,295.5,-4.76386036960983
2025-02,125.0,0.1989277017116546,0.6437063536491353,0.962070444579516,240217.0,296.6,-4.76386036960983
2025-02,125.0,0.1989277017116546,0.6437063536491353,0.962070444579516,240217.0,296.8,-4.76386036960983
2025-02,125.0,0.1989277017116546,0.6437063536491353,0.962070444579516,240217.0,296.7,-4.76386036960983
2025-02,125.0,0.1989277017116546,0.6437063536491353,0.962070444579516,240217.0,297.1,-4.76386036960983
2025-02,125.0,0.1989277017116546,0.6437063536491353,0.962070444579516,240217.0,298.1,-4.76386036960983
2025-02,125.0,0.1989277017116546,0.6437063536491353,0.962070444579516,240217.0,298.4,-4.76386036960983
2025-02,125.0,0.1989277017116546,0.6437063536491353,0.962070444579516,240217.0,299.22,-4.76386036960983
2025-02,125.0,0.1989277017116546,0.6437063536491353,0.962070444579516,240217.0,299.4,-4.76386036960983
2025-03,132.0,0.1679045415737412,0.6425061524969455,0.8211118285096185,229298.0,296.4,-4.76386036960983
2025-03,132.0,0.1679045415737412,0.6425061524969455,0.8211118285096185,229298.0,296.3,-4.76386036960983
2025-03,132.0,0.1679045415737412,0.6425061524969455,0.8211118285096185,229298.0,296.59,-4.76386036960983
2025-03,132.0,0.1679045415737412,0.6425061524969455,0.8211118285096185,229298.0,296.4,-4.76386036960983
2025-03,132.0,0.1679045415737412,0.6425061524969455,0.8211118285096185,229298.0,296.0,-4.76386036960983
2025-03,132.0,0.1679045415737412,0.6425061524969455,0.8211118285096185,229298.0,296.2,-4.76386036960983
2025-03,132.0,0.1679045415737412,0.6425061524969455,0.8211118285096185,229298.0,296.15,-4.76386036960983
2025-03,132.0,0.1679045415737412,0.6425061524969455,0.8211118285096185,229298.0,296.3,-4.76386036960983
2025-03,132.0,0.1679045415737412,0.6425061524969455,0.8211118285096185,229298.0,296.3,-4.76386036960983
2025-03,132.0,0.1679045415737412,0.6425061524969455,0.8211118285096185,229298.0,296.02,-4.76386036960983
2025-03,132.0,0.1679045415737412,0.6425061524969455,0.8211118285096185,229298.0,295.3,-4.76386036960983
2025-03,132.0,0.1679045415737412,0.6425061524969455,0.8211118285096185,229298.0,296.3,-4.76386036960983
2025-03,132.0,0.1679045415737412,0.6425061524969455,0.8211118285096185,229298.0,295.2,-4.76386036960983
2025-03,132.0,0.1679045415737412,0.6425061524969455,0.8211118285096185,229298.0,295.4,-4.76386036960983
2025-03,132.0,0.1679045415737412,0.6425061524969455,0.8211118285096185,229298.0,295.4,-4.76386036960983
2025-03,132.0,0.1679045415737412,0.6425061524969455,0.8211118285096185,229298.0,295.4,-4.76386036960983
2025-03,132.0,0.1679045415737412,0.6425061524969455,0.8211118285096185,229298.0,295.5,-4.76386036960983
2025-03,132.0,0.1679045415737412,0.6425061524969455,0.8211118285096185,229298.0,295.07,-4.76386036960983
2025-03,132.0,0.1679045415737412,0.6425061524969455,0.8211118285096185,229298.0,295.14,-4.76386036960983
2025-03,132.0,0.1679045415737412,0.6425061524969455,0.8211118285096185,229298.0,295.2,-4.76386036960983
2025-03,132.0,0.1679045415737412,0.6425061524969455,0.8211118285096185,229298.0,296.3,-4.76386036960983
2025-04,144.0,-0.0022587002151542,0.6849321708376616,-0.0112409495747706,174608.0,299.8,-4.76386036960983
2025-04,144.0,-0.0022587002151542,0.6849321708376616,-0.0112409495747706,174608.0,298.66,-4.76386036960983
2025-04,144.0,-0.0022587002151542,0.6849321708376616,-0.0112409495747706,174608.0,299.2,-4.76386036960983
2025-04,144.0,-0.0022587002151542,0.6849321708376616,-0.0112409495747706,174608.0,299.6,-4.76386036960983
2025-04,144.0,-0.0022587002151542,0.6849321708376616,-0.0112409495747706,174608.0,298.85,-4.76386036960983
2025-04,144.0,-0.0022587002151542,0.6849321708376616,-0.0112409495747706,174608.0,299.55,-4.76386036960983
2025-04,144.0,-0.0022587002151542,0.6849321708376616,-0.0112409495747706,174608.0,299.55,-4.76386036960983
2025-04,144.0,-0.0022587002151542,0.6849321708376616,-0.0112409495747706,174608.0,299.45,-4.76386036960983
2025-04,144.0,-0.0022587002151542,0.6849321708376616,-0.0112409495747706,174608.0,299.45,-4.76386036960983
2025-04,144.0,-0.0022587002151542,0.6849321708376616,-0.0112409495747706,174608.0,299.9,-4.76386036960983
2025-04,144.0,-0.0022587002151542,0.6849321708376616,-0.0112409495747706,174608.0,298.19,-4.76386036960983
2025-04,144.0,-0.0022587002151542,0.6849321708376616,-0.0112409495747706,174608.0,296.05,-4.76386036960983
2025-04,144.0,-0.0022587002151542,0.6849321708376616,-0.0112409495747706,174608.0,298.01,-4.76386036960983
2025-04,144.0,-0.0022587002151542,0.6849321708376616,-0.0112409495747706,174608.0,296.0,-4.76386036960983
2025-04,144.0,-0.0022587002151542,0.6849321708376616,-0.0112409495747706,174608.0,296.8,-4.76386036960983
2025-04,144.0,-0.0022587002151542,0.6849321708376616,-0.0112409495747706,174608.0,296.6,-4.76386036960983
2025-04,144.0,-0.0022587002151542,0.6849321708376616,-0.0112409495747706,174608.0,297.75,-4.76386036960983
2025-04,144.0,-0.0022587002151542,0.6849321708376616,-0.0112409495747706,174608.0,297.73,-4.76386036960983
2025-04,144.0,-0.0022587002151542,0.6849321708376616,-0.0112409495747706,174608.0,300.75,-4.76386036960983
2025-04,144.0,-0.0022587002151542,0.6849321708376616,-0.0112409495747706,174608.0,297.07,-4.76386036960983
2025-04,144.0,-0.0022587002151542,0.6849321708376616,-0.0112409495747706,174608.0,297.9,-4.76386036960983
2025-04,144.0,-0.0022587002151542,0.6849321708376616,-0.0112409495747706,174608.0,298.58,-4.76386036960983
2025-05,130.0,0.0877016966159527,0.7190302482727071,0.4275630765822921,132919.0,299.9,-4.76386036960983
2025-05,130.0,0.0877016966159527,0.7190302482727071,0.4275630765822921,132919.0,299.25,-4.76386036960983
2025-05,130.0,0.0877016966159527,0.7190302482727071,0.4275630765822921,132919.0,299.4,-4.76386036960983
2025-05,130.0,0.0877016966159527,0.7190302482727071,0.4275630765822921,132919.0,299.55,-4.76386036960983
2025-05,130.0,0.0877016966159527,0.7190302482727071,0.4275630765822921,132919.0,,-4.76386036960983
2025-05,130.0,0.0877016966159527,0.7190302482727071,0.4275630765822921,132919.0,299.35,-4.76386036960983
2025-05,130.0,0.0877016966159527,0.7190302482727071,0.4275630765822921,132919.0,299.25,-4.76386036960983
2025-05,130.0,0.0877016966159527,0.7190302482727071,0.4275630765822921,132919.0,299.5,-4.76386036960983
2025-05,130.0,0.0877016966159527,0.7190302482727071,0.4275630765822921,132919.0,300.3,-4.76386036960983
2025-05,130.0,0.0877016966159527,0.7190302482727071,0.4275630765822921,132919.0,299.1,-4.76386036960983
2025-05,130.0,0.0877016966159527,0.7190302482727071,0.4275630765822921,132919.0,299.4,-4.76386036960983
2025-05,130.0,0.0877016966159527,0.7190302482727071,0.4275630765822921,132919.0,298.6,-4.76386036960983
2025-05,130.0,0.0877016966159527,0.7190302482727071,0.4275630765822921,132919.0,299.42,-4.76386036960983
2025-05,130.0,0.0877016966159527,0.7190302482727071,0.4275630765822921,132919.0,299.45,-4.76386036960983
2025-05,130.0,0.0877016966159527,0.7190302482727071,0.4275630765822921,132919.0,299.45,-4.76386036960983
2025-05,130.0,0.0877016966159527,0.7190302482727071,0.4275630765822921,132919.0,299.4,-4.76386036960983
2025-05,130.0,0.0877016966159527,0.7190302482727071,0.4275630765822921,132919.0,298.45,-4.76386036960983
2025-05,130.0,0.0877016966159527,0.7190302482727071,0.4275630765822921,132919.0,299.05,-4.76386036960983
2025-05,130.0,0.0877016966159527,0.7190302482727071,0.4275630765822921,132919.0,298.8,-4.76386036960983
2025-05,130.0,0.0877016966159527,0.7190302482727071,0.4275630765822921,132919.0,298.68,-4.76386036960983
2025-05,130.0,0.0877016966159527,0.7190302482727071,0.4275630765822921,132919.0,298.63,-4.76386036960983
2025-05,130.0,0.0877016966159527,0.7190302482727071,0.4275630765822921,132919.0,299.3,-4.76386036960983
2025-06,102.0,0.0969512532739078,0.6597189627257561,0.449342783993774,138241.0,300.33,-4.76386036960983
2025-06,102.0,0.0969512532739078,0.6597189627257561,0.449342783993774,138241.0,299.8,-4.76386036960983
2025-06,102.0,0.0969512532739078,0.6597189627257561,0.449342783993774,138241.0,299.9,-4.76386036960983
2025-06,102.0,0.0969512532739078,0.6597189627257561,0.449342783993774,138241.0,300.1,-4.76386036960983
2025-06,102.0,0.0969512532739078,0.6597189627257561,0.449342783993774,138241.0,300.4,-4.76386036960983
2025-06,102.0,0.0969512532739078,0.6597189627257561,0.449342783993774,138241.0,300.57,-4.76386036960983
2025-06,102.0,0.0969512532739078,0.6597189627257561,0.449342783993774,138241.0,300.4,-4.76386036960983
2025-06,102.0,0.0969512532739078,0.6597189627257561,0.449342783993774,138241.0,,-4.76386036960983
2025-06,102.0,0.0969512532739078,0.6597189627257561,0.449342783993774,138241.0,300.4,-4.76386036960983
2025-06,102.0,0.0969512532739078,0.6597189627257561,0.449342783993774,138241.0,299.95,-4.76386036960983
2025-06,102.0,0.0969512532739078,0.6597189627257561,0.449342783993774,138241.0,300.7,-4.76386036960983
2025-06,102.0,0.0969512532739078,0.6597189627257561,0.449342783993774,138241.0,299.0,-4.76386036960983
2025-06,102.0,0.0969512532739078,0.6597189627257561,0.449342783993774,138241.0,298.9,-4.76386036960983
2025-06,102.0,0.0969512532739078,0.6597189627257561,0.449342783993774,138241.0,298.89,-4.76386036960983
2025-06,102.0,0.0969512532739078,0.6597189627257561,0.449342783993774,138241.0,299.0,-4.76386036960983
2025-06,102.0,0.0969512532739078,0.6597189627257561,0.449342783993774,138241.0,299.0,-4.76386036960983
2025-06,102.0,0.0969512532739078,0.6597189627257561,0.449342783993774,138241.0,299.1,-4.76386036960983
2025-06,102.0,0.0969512532739078,0.6597189627257561,0.449342783993774,138241.0,299.25,-4.76386036960983
2025-06,102.0,0.0969512532739078,0.6597189627257561,0.449342783993774,138241.0,299.3,-4.76386036960983
2025-06,102.0,0.0969512532739078,0.6597189627257561,0.449342783993774,138241.0,299.45,-4.76386036960983
2025-06,102.0,0.0969512532739078,0.6597189627257561,0.449342783993774,138241.0,299.7,-4.76386036960983
2025-07,157.0,0.1191380707321653,0.6455529463615598,0.6031478051330755,200244.0,301.89,-4.76386036960983
2025-07,157.0,0.1191380707321653,0.6455529463615598,0.6031478051330755,200244.0,301.7,-4.76386036960983
2025-07,157.0,0.1191380707321653,0.6455529463615598,0.6031478051330755,200244.0,301.7,-4.76386036960983
2025-07,157.0,0.1191380707321653,0.6455529463615598,0.6031478051330755,200244.0,301.65,-4.76386036960983
2025-07,157.0,0.1191380707321653,0.6455529463615598,0.6031478051330755,200244.0,302.15,-4.76386036960983
2025-07,157.0,0.1191380707321653,0.6455529463615598,0.6031478051330755,200244.0,301.8,-4.76386036960983
2025-07,157.0,0.1191380707321653,0.6455529463615598,0.6031478051330755,200244.0,301.9,-4.76386036960983
2025-07,157.0,0.1191380707321653,0.6455529463615598,0.6031478051330755,200244.0,302.0,-4.76386036960983
2025-07,157.0,0.1191380707321653,0.6455529463615598,0.6031478051330755,200244.0,301.23,-4.76386036960983
2025-07,157.0,0.1191380707321653,0.6455529463615598,0.6031478051330755,200244.0,301.75,-4.76386036960983
2025-07,157.0,0.1191380707321653,0.6455529463615598,0.6031478051330755,200244.0,300.95,-4.76386036960983
2025-07,157.0,0.1191380707321653,0.6455529463615598,0.6031478051330755,200244.0,301.5,-4.76386036960983
2025-07,157.0,0.1191380707321653,0.6455529463615598,0.6031478051330755,200244.0,300.8,-4.76386036960983
2025-07,157.0,0.1191380707321653,0.6455529463615598,0.6031478051330755,200244.0,299.9,-4.76386036960983
2025-07,157.0,0.1191380707321653,0.6455529463615598,0.6031478051330755,200244.0,299.9,-4.76386036960983
2025-07,157.0,0.1191380707321653,0.6455529463615598,0.6031478051330755,200244.0,299.9,-4.76386036960983
2025-07,157.0,0.1191380707321653,0.6455529463615598,0.6031478051330755,200244.0,,-4.76386036960983
2025-07,157.0,0.1191380707321653,0.6455529463615598,0.6031478051330755,200244.0,300.8,-4.76386036960983
2025-07,157.0,0.1191380707321653,0.6455529463615598,0.6031478051330755,200244.0,300.55,-4.76386036960983
2025-07,157.0,0.1191380707321653,0.6455529463615598,0.6031478051330755,200244.0,300.3,-4.76386036960983
2025-07,157.0,0.1191380707321653,0.6455529463615598,0.6031478051330755,200244.0,300.15,-4.76386036960983
2025-07,157.0,0.1191380707321653,0.6455529463615598,0.6031478051330755,200244.0,300.5,-4.76386036960983
2025-07,157.0,0.1191380707321653,0.6455529463615598,0.6031478051330755,200244.0,300.82,-4.76386036960983
2025-08,111.0,0.2333129837706282,0.6789440377301553,1.1008870505802,198235.0,301.3,-4.76386036960983
2025-08,111.0,0.2333129837706282,0.6789440377301553,1.1008870505802,198235.0,302.0,-4.76386036960983
2025-08,111.0,0.2333129837706282,0.6789440377301553,1.1008870505802,198235.0,302.3,-4.76386036960983
2025-08,111.0,0.2333129837706282,0.6789440377301553,1.1008870505802,198235.0,302.3,-4.76386036960983
2025-08,111.0,0.2333129837706282,0.6789440377301553,1.1008870505802,198235.0,302.2,-4.76386036960983
2025-08,111.0,0.2333129837706282,0.6789440377301553,1.1008870505802,198235.0,302.05,-4.76386036960983
2025-08,111.0,0.2333129837706282,0.6789440377301553,1.1008870505802,198235.0,301.85,-4.76386036960983
2025-08,111.0,0.2333129837706282,0.6789440377301553,1.1008870505802,198235.0,301.85,-4.76386036960983
2025-08,111.0,0.2333129837706282,0.6789440377301553,1.1008870505802,198235.0,301.7,-4.76386036960983
2025-08,111.0,0.2333129837706282,0.6789440377301553,1.1008870505802,198235.0,301.0,-4.76386036960983
2025-08,111.0,0.2333129837706282,0.6789440377301553,1.1008870505802,198235.0,300.97,-4.76386036960983
2025-08,111.0,0.2333129837706282,0.6789440377301553,1.1008870505802,198235.0,301.05,-4.76386036960983
2025-08,111.0,0.2333129837706282,0.6789440377301553,1.1008870505802,198235.0,300.8,-4.76386036960983
2025-08,111.0,0.2333129837706282,0.6789440377301553,1.1008870505802,198235.0,300.95,-4.76386036960983
2025-08,111.0,0.2333129837706282,0.6789440377301553,1.1008870505802,198235.0,300.7,-4.76386036960983
2025-08,111.0,0.2333129837706282,0.6789440377301553,1.1008870505802,198235.0,300.44,-4.76386036960983
2025-08,111.0,0.2333129837706282,0.6789440377301553,1.1008870505802,198235.0,300.65,-4.76386036960983
2025-08,111.0,0.2333129837706282,0.6789440377301553,1.1008870505802,198235.0,300.7,-4.76386036960983
2025-08,111.0,0.2333129837706282,0.6789440377301553,1.1008870505802,198235.0,300.7,-4.76386036960983
2025-08,111.0,0.2333129837706282,0.6789440377301553,1.1008870505802,198235.0,300.85,-4.76386036960983
2025-08,111.0,0.2333129837706282,0.6789440377301553,1.1008870505802,198235.0,301.2,-4.76386036960983
2025-09,106.0,0.117370401913265,0.6440129528611257,0.5484517983726876,158971.0,302.0,-4.76386036960983
2025-09,106.0,0.117370401913265,0.6440129528611257,0.5484517983726876,158971.0,302.3,-4.76386036960983
2025-09,106.0,0.117370401913265,0.6440129528611257,0.5484517983726876,158971.0,302.4,-4.76386036960983
2025-09,106.0,0.117370401913265,0.6440129528611257,0.5484517983726876,158971.0,302.3,-4.76386036960983
2025-09,106.0,0.117370401913265,0.6440129528611257,0.5484517983726876,158971.0,302.5,-4.76386036960983
2025-09,106.0,0.117370401913265,0.6440129528611257,0.5484517983726876,158971.0,302.45,-4.76386036960983
2025-09,106.0,0.117370401913265,0.6440129528611257,0.5484517983726876,158971.0,302.5,-4.76386036960983
2025-09,106.0,0.117370401913265,0.6440129528611257,0.5484517983726876,158971.0,302.5,-4.76386036960983
2025-09,106.0,0.117370401913265,0.6440129528611257,0.5484517983726876,158971.0,301.9,-4.76386036960983
2025-09,106.0,0.117370401913265,0.6440129528611257,0.5484517983726876,158971.0,302.4,-4.76386036960983
2025-09,106.0,0.117370401913265,0.6440129528611257,0.5484517983726876,158971.0,302.0,-4.76386036960983
2025-09,106.0,0.117370401913265,0.6440129528611257,0.5484517983726876,158971.0,,-4.76386036960983
2025-09,106.0,0.117370401913265,0.6440129528611257,0.5484517983726876,158971.0,301.75,-4.76386036960983
2025-09,106.0,0.117370401913265,0.6440129528611257,0.5484517983726876,158971.0,301.8,-4.76386036960983
2025-09,106.0,0.117370401913265,0.6440129528611257,0.5484517983726876,158971.0,301.9,-4.76386036960983
2025-09,106.0,0.117370401913265,0.6440129528611257,0.5484517983726876,158971.0,301.8,-4.76386036960983
2025-09,106.0,0.117370401913265,0.6440129528611257,0.5484517983726876,158971.0,301.9,-4.76386036960983
2025-09,106.0,0.117370401913265,0.6440129528611257,0.5484517983726876,158971.0,301.5,-4.76386036960983
2025-09,106.0,0.117370401913265,0.6440129528611257,0.5484517983726876,158971.0,301.9,-4.76386036960983
2025-09,106.0,0.117370401913265,0.6440129528611257,0.5484517983726876,158971.0,302.0,-4.76386036960983
2025-09,106.0,0.117370401913265,0.6440129528611257,0.5484517983726876,158971.0,302.1,-4.76386036960983
2025-09,106.0,0.117370401913265,0.6440129528611257,0.5484517983726876,158971.0,302.0,-4.76386036960983
2025-10,101.0,0.0567646174147577,0.7105468123558976,0.2625348122997375,165193.0,302.16,-4.76386036960983
2025-10,101.0,0.0567646174147577,0.7105468123558976,0.2625348122997375,165193.0,303.1,-4.76386036960983
2025-10,101.0,0.0567646174147577,0.7105468123558976,0.2625348122997375,165193.0,303.3,-4.76386036960983
2025-10,101.0,0.0567646174147577,0.7105468123558976,0.2625348122997375,165193.0,303.5,-4.76386036960983
2025-10,101.0,0.0567646174147577,0.7105468123558976,0.2625348122997375,165193.0,304.4,-4.76386036960983
2025-10,101.0,0.0567646174147577,0.7105468123558976,0.2625348122997375,165193.0,303.65,-4.76386036960983
2025-10,101.0,0.0567646174147577,0.7105468123558976,0.2625348122997375,165193.0,304.25,-4.76386036960983
2025-10,101.0,0.0567646174147577,0.7105468123558976,0.2625348122997375,165193.0,304.3,-4.76386036960983
2025-10,101.0,0.0567646174147577,0.7105468123558976,0.2625348122997375,165193.0,302.75,-4.76386036960983
2025-10,101.0,0.0567646174147577,0.7105468123558976,0.2625348122997375,165193.0,303.65,-4.76386036960983
2025-10,101.0,0.0567646174147577,0.7105468123558976,0.2625348122997375,165193.0,302.95,-4.76386036960983
2025-10,101.0,0.0567646174147577,0.7105468123558976,0.2625348122997375,165193.0,304.2,-4.76386036960983
2025-10,101.0,0.0567646174147577,0.7105468123558976,0.2625348122997375,165193.0,302.8,-4.76386036960983
2025-10,101.0,0.0567646174147577,0.7105468123558976,0.2625348122997375,165193.0,302.4,-4.76386036960983
2025-10,101.0,0.0567646174147577,0.7105468123558976,0.2625348122997375,165193.0,302.4,-4.76386036960983
2025-10,101.0,0.0567646174147577,0.7105468123558976,0.2625348122997375,165193.0,302.35,-4.76386036960983
2025-10,101.0,0.0567646174147577,0.7105468123558976,0.2625348122997375,165193.0,302.14,-4.76386036960983
2025-10,101.0,0.0567646174147577,0.7105468123558976,0.2625348122997375,165193.0,302.95,-4.76386036960983
2025-10,101.0,0.0567646174147577,0.7105468123558976,0.2625348122997375,165193.0,302.55,-4.76386036960983
2025-10,101.0,0.0567646174147577,0.7105468123558976,0.2625348122997375,165193.0,302.65,-4.76386036960983
2025-10,101.0,0.0567646174147577,0.7105468123558976,0.2625348122997375,165193.0,302.55,-4.76386036960983
2025-10,101.0,0.0567646174147577,0.7105468123558976,0.2625348122997375,165193.0,,-4.76386036960983
2025-10,101.0,0.0567646174147577,0.7105468123558976,0.2625348122997375,165193.0,302.4,-4.76386036960983
2025-11,136.0,0.1704822548610322,0.6335042987459203,0.838769442108448,212906.0,308.1,-4.76386036960983
2025-11,136.0,0.1704822548610322,0.6335042987459203,0.838769442108448,212906.0,,-4.76386036960983
2025-11,136.0,0.1704822548610322,0.6335042987459203,0.838769442108448,212906.0,307.9,-4.76386036960983
2025-11,136.0,0.1704822548610322,0.6335042987459203,0.838769442108448,212906.0,307.8,-4.76386036960983
2025-11,136.0,0.1704822548610322,0.6335042987459203,0.838769442108448,212906.0,307.6,-4.76386036960983
2025-11,136.0,0.1704822548610322,0.6335042987459203,0.838769442108448,212906.0,307.75,-4.76386036960983
2025-11,136.0,0.1704822548610322,0.6335042987459203,0.838769442108448,212906.0,308.0,-4.76386036960983
2025-11,136.0,0.1704822548610322,0.6335042987459203,0.838769442108448,212906.0,307.75,-4.76386036960983
2025-11,136.0,0.1704822548610322,0.6335042987459203,0.838769442108448,212906.0,306.06,-4.76386036960983
2025-11,136.0,0.1704822548610322,0.6335042987459203,0.838769442108448,212906.0,307.6,-4.76386036960983
2025-11,136.0,0.1704822548610322,0.6335042987459203,0.838769442108448,212906.0,304.45,-4.76386036960983
2025-11,136.0,0.1704822548610322,0.6335042987459203,0.838769442108448,212906.0,304.4,-4.76386036960983
2025-11,136.0,0.1704822548610322,0.6335042987459203,0.838769442108448,212906.0,304.6,-4.76386036960983
2025-11,136.0,0.1704822548610322,0.6335042987459203,0.838769442108448,212906.0,303.73,-4.76386036960983
2025-11,136.0,0.1704822548610322,0.6335042987459203,0.838769442108448,212906.0,304.9,-4.76386036960983
2025-11,136.0,0.1704822548610322,0.6335042987459203,0.838769442108448,212906.0,306.7,-4.76386036960983
2025-11,136.0,0.1704822548610322,0.6335042987459203,0.838769442108448,212906.0,304.0,-4.76386036960983
2025-11,136.0,0.1704822548610322,0.6335042987459203,0.838769442108448,212906.0,,-4.76386036960983
2025-11,136.0,0.1704822548610322,0.6335042987459203,0.838769442108448,212906.0,304.45,-4.76386036960983
2025-11,136.0,0.1704822548610322,0.6335042987459203,0.838769442108448,212906.0,304.75,-4.76386036960983
2025-12,131.0,0.0080638860018198,0.7053363248824316,0.0393743580732034,258928.0,309.4,-4.76386036960983
2025-12,131.0,0.0080638860018198,0.7053363248824316,0.0393743580732034,258928.0,309.6,-4.76386036960983
2025-12,131.0,0.0080638860018198,0.7053363248824316,0.0393743580732034,258928.0,309.75,-4.76386036960983
2025-12,131.0,0.0080638860018198,0.7053363248824316,0.0393743580732034,258928.0,309.55,-4.76386036960983
2025-12,131.0,0.0080638860018198,0.7053363248824316,0.0393743580732034,258928.0,,-4.76386036960983
2025-12,131.0,0.0080638860018198,0.7053363248824316,0.0393743580732034,258928.0,309.55,-4.76386036960983
2025-12,131.0,0.0080638860018198,0.7053363248824316,0.0393743580732034,258928.0,309.5,-4.76386036960983
2025-12,131.0,0.0080638860018198,0.7053363248824316,0.0393743580732034,258928.0,309.5,-4.76386036960983
2025-12,131.0,0.0080638860018198,0.7053363248824316,0.0393743580732034,258928.0,309.5,-4.76386036960983
2025-12,131.0,0.0080638860018198,0.7053363248824316,0.0393743580732034,258928.0,309.3,-4.76386036960983
2025-12,131.0,0.0080638860018198,0.7053363248824316,0.0393743580732034,258928.0,310.0,-4.76386036960983
2025-12,131.0,0.0080638860018198,0.7053363248824316,0.0393743580732034,258928.0,309.45,-4.76386036960983
2025-12,131.0,0.0080638860018198,0.7053363248824316,0.0393743580732034,258928.0,308.95,-4.76386036960983
2025-12,131.0,0.0080638860018198,0.7053363248824316,0.0393743580732034,258928.0,308.45,-4.76386036960983
2025-12,131.0,0.0080638860018198,0.7053363248824316,0.0393743580732034,258928.0,308.75,-4.76386036960983
2025-12,131.0,0.0080638860018198,0.7053363248824316,0.0393743580732034,258928.0,308.6,-4.76386036960983
2025-12,131.0,0.0080638860018198,0.7053363248824316,0.0393743580732034,258928.0,307.95,-4.76386036960983
2025-12,131.0,0.0080638860018198,0.7053363248824316,0.0393743580732034,258928.0,309.1,-4.76386036960983
2025-12,131.0,0.0080638860018198,0.7053363248824316,0.0393743580732034,258928.0,308.5,-4.76386036960983
2025-12,131.0,0.0080638860018198,0.7053363248824316,0.0393743580732034,258928.0,308.6,-4.76386036960983
2025-12,131.0,0.0080638860018198,0.7053363248824316,0.0393743580732034,258928.0,308.7,-4.76386036960983
2025-12,131.0,0.0080638860018198,0.7053363248824316,0.0393743580732034,258928.0,309.2,-4.76386036960983
2025-12,131.0,0.0080638860018198,0.7053363248824316,0.0393743580732034,258928.0,308.4,-4.76386036960983
2026-01,118.0,0.1245919627658391,0.7074104779572303,0.5954403763070988,277327.0,309.49,-4.76386036960983
2026-01,118.0,0.1245919627658391,0.7074104779572303,0.5954403763070988,277327.0,309.35,-4.76386036960983
2026-01,118.0,0.1245919627658391,0.7074104779572303,0.5954403763070988,277327.0,309.45,-4.76386036960983
2026-01,118.0,0.1245919627658391,0.7074104779572303,0.5954403763070988,277327.0,309.65,-4.76386036960983
2026-01,118.0,0.1245919627658391,0.7074104779572303,0.5954403763070988,277327.0,309.41,-4.76386036960983
2026-01,118.0,0.1245919627658391,0.7074104779572303,0.5954403763070988,277327.0,309.75,-4.76386036960983
2026-01,118.0,0.1245919627658391,0.7074104779572303,0.5954403763070988,277327.0,309.62,-4.76386036960983
2026-01,118.0,0.1245919627658391,0.7074104779572303,0.5954403763070988,277327.0,309.5,-4.76386036960983
2026-01,118.0,0.1245919627658391,0.7074104779572303,0.5954403763070988,277327.0,309.68,-4.76386036960983
2026-01,118.0,0.1245919627658391,0.7074104779572303,0.5954403763070988,277327.0,,-4.76386036960983
2026-01,118.0,0.1245919627658391,0.7074104779572303,0.5954403763070988,277327.0,309.22,-4.76386036960983
2026-01,118.0,0.1245919627658391,0.7074104779572303,0.5954403763070988,277327.0,309.14,-4.76386036960983
2026-01,118.0,0.1245919627658391,0.7074104779572303,0.5954403763070988,277327.0,309.1,-4.76386036960983
2026-01,118.0,0.1245919627658391,0.7074104779572303,0.5954403763070988,277327.0,309.05,-4.76386036960983
2026-01,118.0,0.1245919627658391,0.7074104779572303,0.5954403763070988,277327.0,309.1,-4.76386036960983
2026-01,118.0,0.1245919627658391,0.7074104779572303,0.5954403763070988,277327.0,309.0,-4.76386036960983
2026-01,118.0,0.1245919627658391,0.7074104779572303,0.5954403763070988,277327.0,310.0,-4.76386036960983
2026-01,118.0,0.1245919627658391,0.7074104779572303,0.5954403763070988,277327.0,309.95,-4.76386036960983
2026-01,118.0,0.1245919627658391,0.7074104779572303,0.5954403763070988,277327.0,309.9,-4.76386036960983
2026-01,118.0,0.1245919627658391,0.7074104779572303,0.5954403763070988,277327.0,309.7,-4.76386036960983
2026-01,118.0,0.1245919627658391,0.7074104779572303,0.5954403763070988,277327.0,,-4.76386036960983
2026-01,118.0,0.1245919627658391,0.7074104779572303,0.5954403763070988,277327.0,309.11,-4.76386036960983
2026-02,86.0,0.1911445748667384,0.6697733499001322,0.8536341087341461,279328.0,309.3,-4.76386036960983
2026-02,86.0,0.1911445748667384,0.6697733499001322,0.8536341087341461,279328.0,309.28,-4.76386036960983
2026-02,86.0,0.1911445748667384,0.6697733499001322,0.8536341087341461,279328.0,309.27,-4.76386036960983
2026-02,86.0,0.1911445748667384,0.6697733499001322,0.8536341087341461,279328.0,309.27,-4.76386036960983
2026-02,86.0,0.1911445748667384,0.6697733499001322,0.8536341087341461,279328.0,309.23,-4.76386036960983
2026-02,86.0,0.1911445748667384,0.6697733499001322,0.8536341087341461,279328.0,309.25,-4.76386036960983
2026-02,86.0,0.1911445748667384,0.6697733499001322,0.8536341087341461,279328.0,309.21,-4.76386036960983
2026-02,86.0,0.1911445748667384,0.6697733499001322,0.8536341087341461,279328.0,309.25,-4.76386036960983
2026-02,86.0,0.1911445748667384,0.6697733499001322,0.8536341087341461,279328.0,309.29,-4.76386036960983
2026-02,86.0,0.1911445748667384,0.6697733499001322,0.8536341087341461,279328.0,,-4.76386036960983
2026-02,86.0,0.1911445748667384,0.6697733499001322,0.8536341087341461,279328.0,309.45,-4.76386036960983
2026-02,86.0,0.1911445748667384,0.6697733499001322,0.8536341087341461,279328.0,309.3,-4.76386036960983
2026-02,86.0,0.1911445748667384,0.6697733499001322,0.8536341087341461,279328.0,309.3,-4.76386036960983
2026-02,86.0,0.1911445748667384,0.6697733499001322,0.8536341087341461,279328.0,309.3,-4.76386036960983
2026-02,86.0,0.1911445748667384,0.6697733499001322,0.8536341087341461,279328.0,309.31,-4.76386036960983
2026-02,86.0,0.1911445748667384,0.6697733499001322,0.8536341087341461,279328.0,309.35,-4.76386036960983
2026-02,86.0,0.1911445748667384,0.6697733499001322,0.8536341087341461,279328.0,309.45,-4.76386036960983
2026-02,86.0,0.1911445748667384,0.6697733499001322,0.8536341087341461,279328.0,309.25,-4.76386036960983
2026-02,86.0,0.1911445748667384,0.6697733499001322,0.8536341087341461,279328.0,309.32,-4.76386036960983
2026-02,86.0,0.1911445748667384,0.6697733499001322,0.8536341087341461,279328.0,309.2,-4.76386036960983
2026-03,74.0,0.2049073488325686,0.6346650221701022,0.8846850429608533,183979.0,311.53,-4.76386036960983
2026-03,74.0,0.2049073488325686,0.6346650221701022,0.8846850429608533,183979.0,312.32,-4.76386036960983
2026-03,74.0,0.2049073488325686,0.6346650221701022,0.8846850429608533,183979.0,313.25,-4.76386036960983
2026-03,74.0,0.2049073488325686,0.6346650221701022,0.8846850429608533,183979.0,314.08,-4.76386036960983
2026-03,74.0,0.2049073488325686,0.6346650221701022,0.8846850429608533,183979.0,315.16,-4.76386036960983
2026-03,74.0,0.2049073488325686,0.6346650221701022,0.8846850429608533,183979.0,314.37,-4.76386036960983
2026-03,74.0,0.2049073488325686,0.6346650221701022,0.8846850429608533,183979.0,314.88,-4.76386036960983
2026-03,74.0,0.2049073488325686,0.6346650221701022,0.8846850429608533,183979.0,311.2,-4.76386036960983
2026-03,74.0,0.2049073488325686,0.6346650221701022,0.8846850429608533,183979.0,313.65,-4.76386036960983
2026-03,74.0,0.2049073488325686,0.6346650221701022,0.8846850429608533,183979.0,311.17,-4.76386036960983
2026-03,74.0,0.2049073488325686,0.6346650221701022,0.8846850429608533,183979.0,311.3,-4.76386036960983
2026-03,74.0,0.2049073488325686,0.6346650221701022,0.8846850429608533,183979.0,309.2,-4.76386036960983
2026-03,74.0,0.2049073488325686,0.6346650221701022,0.8846850429608533,183979.0,310.97,-4.76386036960983
2026-03,74.0,0.2049073488325686,0.6346650221701022,0.8846850429608533,183979.0,310.84,-4.76386036960983
2026-03,74.0,0.2049073488325686,0.6346650221701022,0.8846850429608533,183979.0,310.74,-4.76386036960983
2026-03,74.0,0.2049073488325686,0.6346650221701022,0.8846850429608533,183979.0,310.86,-4.76386036960983
2026-03,74.0,0.2049073488325686,0.6346650221701022,0.8846850429608533,183979.0,311.35,-4.76386036960983
2026-03,74.0,0.2049073488325686,0.6346650221701022,0.8846850429608533,183979.0,310.91,-4.76386036960983
2026-03,74.0,0.2049073488325686,0.6346650221701022,0.8846850429608533,183979.0,310.57,-4.76386036960983
2026-03,74.0,0.2049073488325686,0.6346650221701022,0.8846850429608533,183979.0,310.06,-4.76386036960983
2026-03,74.0,0.2049073488325686,0.6346650221701022,0.8846850429608533,183979.0,309.53,-4.76386036960983
2026-03,74.0,0.2049073488325686,0.6346650221701022,0.8846850429608533,183979.0,311.19,-4.76386036960983
2026-04,62.0,-0.0006950113081162,0.7608798492148087,-0.0028795254858914,135643.0,316.32,-4.76386036960983
2026-04,62.0,-0.0006950113081162,0.7608798492148087,-0.0028795254858914,135643.0,316.42,-4.76386036960983
2026-04,62.0,-0.0006950113081162,0.7608798492148087,-0.0028795254858914,135643.0,316.48,-4.76386036960983
2026-04,62.0,-0.0006950113081162,0.7608798492148087,-0.0028795254858914,135643.0,316.78,-4.76386036960983
2026-04,62.0,-0.0006950113081162,0.7608798492148087,-0.0028795254858914,135643.0,315.8,-4.76386036960983
2026-04,62.0,-0.0006950113081162,0.7608798492148087,-0.0028795254858914,135643.0,318.03,-4.76386036960983
2026-04,62.0,-0.0006950113081162,0.7608798492148087,-0.0028795254858914,135643.0,318.63,-4.76386036960983
2026-04,62.0,-0.0006950113081162,0.7608798492148087,-0.0028795254858914,135643.0,319.22,-4.76386036960983
2026-04,62.0,-0.0006950113081162,0.7608798492148087,-0.0028795254858914,135643.0,319.34,-4.76386036960983
2026-04,62.0,-0.0006950113081162,0.7608798492148087,-0.0028795254858914,135643.0,317.68,-4.76386036960983
2026-04,62.0,-0.0006950113081162,0.7608798492148087,-0.0028795254858914,135643.0,315.57,-4.76386036960983
2026-04,62.0,-0.0006950113081162,0.7608798492148087,-0.0028795254858914,135643.0,315.08,-4.76386036960983
2026-04,62.0,-0.0006950113081162,0.7608798492148087,-0.0028795254858914,135643.0,315.36,-4.76386036960983
2026-04,62.0,-0.0006950113081162,0.7608798492148087,-0.0028795254858914,135643.0,315.34,-4.76386036960983
2026-04,62.0,-0.0006950113081162,0.7608798492148087,-0.0028795254858914,135643.0,315.36,-4.76386036960983
2026-04,62.0,-0.0006950113081162,0.7608798492148087,-0.0028795254858914,135643.0,315.09,-4.76386036960983
2026-04,62.0,-0.0006950113081162,0.7608798492148087,-0.0028795254858914,135643.0,314.99,-4.76386036960983
2026-04,62.0,-0.0006950113081162,0.7608798492148087,-0.0028795254858914,135643.0,315.26,-4.76386036960983
2026-04,62.0,-0.0006950113081162,0.7608798492148087,-0.0028795254858914,135643.0,315.3,-4.76386036960983
2026-04,62.0,-0.0006950113081162,0.7608798492148087,-0.0028795254858914,135643.0,314.71,-4.76386036960983
2026-04,62.0,-0.0006950113081162,0.7608798492148087,-0.0028795254858914,135643.0,314.97,-4.76386036960983
2026-04,62.0,-0.0006950113081162,0.7608798492148087,-0.0028795254858914,135643.0,315.5,-4.76386036960983
2026-05,81.0,0.0420446646066359,0.7429453086791684,0.1852790327668327,145745.0,330.09,-4.76386036960983
2026-05,81.0,0.0420446646066359,0.7429453086791684,0.1852790327668327,145745.0,329.4,-4.76386036960983
2026-05,81.0,0.0420446646066359,0.7429453086791684,0.1852790327668327,145745.0,341.01,-4.76386036960983
2026-05,81.0,0.0420446646066359,0.7429453086791684,0.1852790327668327,145745.0,330.18,-4.76386036960983
2026-05,81.0,0.0420446646066359,0.7429453086791684,0.1852790327668327,145745.0,332.0,-4.76386036960983
2026-05,81.0,0.0420446646066359,0.7429453086791684,0.1852790327668327,145745.0,324.16,-4.76386036960983
2026-05,81.0,0.0420446646066359,0.7429453086791684,0.1852790327668327,145745.0,326.5,-4.76386036960983
2026-05,81.0,0.0420446646066359,0.7429453086791684,0.1852790327668327,145745.0,327.75,-4.76386036960983
2026-05,81.0,0.0420446646066359,0.7429453086791684,0.1852790327668327,145745.0,,-4.76386036960983
2026-05,81.0,0.0420446646066359,0.7429453086791684,0.1852790327668327,145745.0,325.77,-4.76386036960983
2026-05,81.0,0.0420446646066359,0.7429453086791684,0.1852790327668327,145745.0,332.74,-4.76386036960983
2026-05,81.0,0.0420446646066359,0.7429453086791684,0.1852790327668327,145745.0,324.32,-4.76386036960983
2026-05,81.0,0.0420446646066359,0.7429453086791684,0.1852790327668327,145745.0,319.05,-4.76386036960983
2026-05,81.0,0.0420446646066359,0.7429453086791684,0.1852790327668327,145745.0,319.17,-4.76386036960983
2026-05,81.0,0.0420446646066359,0.7429453086791684,0.1852790327668327,145745.0,319.74,-4.76386036960983
2026-05,81.0,0.0420446646066359,0.7429453086791684,0.1852790327668327,145745.0,320.03,-4.76386036960983
2026-05,81.0,0.0420446646066359,0.7429453086791684,0.1852790327668327,145745.0,324.75,-4.76386036960983
2026-05,81.0,0.0420446646066359,0.7429453086791684,0.1852790327668327,145745.0,321.27,-4.76386036960983
2026-05,81.0,0.0420446646066359,0.7429453086791684,0.1852790327668327,145745.0,321.85,-4.76386036960983
2026-05,81.0,0.0420446646066359,0.7429453086791684,0.1852790327668327,145745.0,322.42,-4.76386036960983
2026-05,81.0,0.0420446646066359,0.7429453086791684,0.1852790327668327,145745.0,321.2,-4.76386036960983
2026-06,75.0,0.1405046308040619,0.7074792315551067,0.6084880890877726,,333.5,-4.76386036960983
2026-06,75.0,0.1405046308040619,0.7074792315551067,0.6084880890877726,,335.92,-4.76386036960983
2026-06,75.0,0.1405046308040619,0.7074792315551067,0.6084880890877726,,336.0,-4.76386036960983
2026-06,75.0,0.1405046308040619,0.7074792315551067,0.6084880890877726,,335.84,-4.76386036960983
2026-06,75.0,0.1405046308040619,0.7074792315551067,0.6084880890877726,,336.95,-4.76386036960983
2026-06,75.0,0.1405046308040619,0.7074792315551067,0.6084880890877726,,335.93,-4.76386036960983
2026-06,75.0,0.1405046308040619,0.7074792315551067,0.6084880890877726,,334.34,-4.76386036960983
2026-06,75.0,0.1405046308040619,0.7074792315551067,0.6084880890877726,,333.91,-4.76386036960983
2026-06,75.0,0.1405046308040619,0.7074792315551067,0.6084880890877726,,,-4.76386036960983
2026-06,75.0,0.1405046308040619,0.7074792315551067,0.6084880890877726,,333.03,-4.76386036960983
2026-06,75.0,0.1405046308040619,0.7074792315551067,0.6084880890877726,,333.22,-4.76386036960983
2026-06,75.0,0.1405046308040619,0.7074792315551067,0.6084880890877726,,329.7,-4.76386036960983
2026-06,75.0,0.1405046308040619,0.7074792315551067,0.6084880890877726,,334.5,-4.76386036960983
2026-06,75.0,0.1405046308040619,0.7074792315551067,0.6084880890877726,,332.99,-4.76386036960983
2026-06,75.0,0.1405046308040619,0.7074792315551067,0.6084880890877726,,329.62,-4.76386036960983
2026-06,75.0,0.1405046308040619,0.7074792315551067,0.6084880890877726,,336.75,-4.76386036960983
2026-06,75.0,0.1405046308040619,0.7074792315551067,0.6084880890877726,,335.97,-4.76386036960983
2026-06,75.0,0.1405046308040619,0.7074792315551067,0.6084880890877726,,335.02,-4.76386036960983
2026-06,75.0,0.1405046308040619,0.7074792315551067,0.6084880890877726,,335.11,-4.76386036960983
2026-06,75.0,0.1405046308040619,0.7074792315551067,0.6084880890877726,,333.8,-4.76386036960983
2026-06,75.0,0.1405046308040619,0.7074792315551067,0.6084880890877726,,331.45,-4.76386036960983
2026-06,75.0,0.1405046308040619,0.7074792315551067,0.6084880890877726,,332.58,-4.76386036960983
2026-07,82.0,0.3149069751181254,0.6087703545325522,1.3915237293303653,,336.25,-4.76386036960983
2026-07,82.0,0.3149069751181254,0.6087703545325522,1.3915237293303653,,336.16,-4.76386036960983
2026-07,82.0,0.3149069751181254,0.6087703545325522,1.3915237293303653,,336.01,-4.76386036960983
2026-07,82.0,0.3149069751181254,0.6087703545325522,1.3915237293303653,,336.0,-4.76386036960983
2026-07,82.0,0.3149069751181254,0.6087703545325522,1.3915237293303653,,335.93,-4.76386036960983
2026-07,82.0,0.3149069751181254,0.6087703545325522,1.3915237293303653,,335.9,-4.76386036960983
2026-07,82.0,0.3149069751181254,0.6087703545325522,1.3915237293303653,,335.75,-4.76386036960983
2026-07,82.0,0.3149069751181254,0.6087703545325522,1.3915237293303653,,335.74,-4.76386036960983
2026-07,82.0,0.3149069751181254,0.6087703545325522,1.3915237293303653,,335.8,-4.76386036960983
2026-07,82.0,0.3149069751181254,0.6087703545325522,1.3915237293303653,,336.1,-4.76386036960983
2026-07,82.0,0.3149069751181254,0.6087703545325522,1.3915237293303653,,336.1,-4.76386036960983
2026-07,82.0,0.3149069751181254,0.6087703545325522,1.3915237293303653,,,-4.76386036960983
2026-07,82.0,0.3149069751181254,0.6087703545325522,1.3915237293303653,,336.2,-4.76386036960983
2026-07,82.0,0.3149069751181254,0.6087703545325522,1.3915237293303653,,335.99,-4.76386036960983
2026-07,82.0,0.3149069751181254,0.6087703545325522,1.3915237293303653,,335.94,-4.76386036960983
2026-07,82.0,0.3149069751181254,0.6087703545325522,1.3915237293303653,,334.9,-4.76386036960983
2026-07,82.0,0.3149069751181254,0.6087703545325522,1.3915237293303653,,334.71,-4.76386036960983
2026-07,82.0,0.3149069751181254,0.6087703545325522,1.3915237293303653,,335.61,-4.76386036960983
2026-07,82.0,0.3149069751181254,0.6087703545325522,1.3915237293303653,,335.09,-4.76386036960983
2026-07,82.0,0.3149069751181254,0.6087703545325522,1.3915237293303653,,335.7,-4.76386036960983
2026-07,82.0,0.3149069751181254,0.6087703545325522,1.3915237293303653,,335.69,-4.76386036960983
2026-07,82.0,0.3149069751181254,0.6087703545325522,1.3915237293303653,,335.93,-4.76386036960983
2026-07,82.0,0.3149069751181254,0.6087703545325522,1.3915237293303653,,334.88,-4.76386036960983
2026-08,75.0,0.2794134255250295,0.6084664571930886,1.210065037644857,,333.3,-4.76386036960983
2026-08,75.0,0.2794134255250295,0.6084664571930886,1.210065037644857,,331.05,-4.76386036960983
2026-08,75.0,0.2794134255250295,0.6084664571930886,1.210065037644857,,331.8,-4.76386036960983
2026-08,75.0,0.2794134255250295,0.6084664571930886,1.210065037644857,,332.0,-4.76386036960983
2026-08,75.0,0.2794134255250295,0.6084664571930886,1.210065037644857,,332.8,-4.76386036960983
2026-08,75.0,0.2794134255250295,0.6084664571930886,1.210065037644857,,334.05,-4.76386036960983
2026-08,75.0,0.2794134255250295,0.6084664571930886,1.210065037644857,,335.5,-4.76386036960983
2026-08,75.0,0.2794134255250295,0.6084664571930886,1.210065037644857,,335.0,-4.76386036960983
2026-08,75.0,0.2794134255250295,0.6084664571930886,1.210065037644857,,335.35,-4.76386036960983
2026-08,75.0,0.2794134255250295,0.6084664571930886,1.210065037644857,,335.4,-4.76386036960983
2026-08,75.0,0.2794134255250295,0.6084664571930886,1.210065037644857,,335.44,-4.76386036960983
2026-08,75.0,0.2794134255250295,0.6084664571930886,1.210065037644857,,335.56,-4.76386036960983
2026-08,75.0,0.2794134255250295,0.6084664571930886,1.210065037644857,,330.1,-4.76386036960983
2026-08,75.0,0.2794134255250295,0.6084664571930886,1.210065037644857,,334.45,-4.76386036960983
2026-08,75.0,0.2794134255250295,0.6084664571930886,1.210065037644857,,329.4,-4.76386036960983
